<?xml version="1.0" encoding="UTF-8"?>
<!-- IBM Confidential OCO Source Materials --><!-- (C) COPYRIGHT IBM CORP. 2011-2020 --><!-- The source code for this program is not published or otherwise divested of its trade secrets, irrespective of what has been deposited with the U.S. Copyright Office. --><BO><BOHeader Root="0" Sched="0" Type="1" Audit="0" AuditAccess="0" AuditAction="0" AuditComment="0" AuditSign="0" Approval="0" StageTable="0" EnableSnapshot="0" SingTab="0"><ObjectLabelName><![CDATA[In Progress 0.0]]></ObjectLabelName><Module><![CDATA[ibmAppServices]]></Module><Name><![CDATA[ibmProvisionResponse]]></Name><Label><![CDATA[ibmProvisionResponse]]></Label><Description><![CDATA[An object containing fields which will be populated by the HTTP response from tririgaOrchestrator Cloud Function.]]></Description><AuditLevel /><UpdatedBy><![CDATA[Bhargava, Neil - 1000371]]></UpdatedBy></BOHeader><Associations><Association AssocDepend="0" ProjContainmentDisabled="0" CascadeReadOnly="0"><AssocMod><![CDATA[Classification]]></AssocMod><AssocBo><![CDATA[triStatus]]></AssocBo><AssocName><![CDATA[Current Status]]></AssocName><AssocRevName><![CDATA[Status Of]]></AssocRevName></Association><Association AssocDepend="0" ProjContainmentDisabled="0" CascadeReadOnly="0"><AssocMod><![CDATA[Classification]]></AssocMod><AssocBo><![CDATA[triStatus]]></AssocBo><AssocName><![CDATA[Previous Status]]></AssocName><AssocRevName><![CDATA[Previous Status of]]></AssocRevName></Association><Association AssocDepend="0" ProjContainmentDisabled="0" CascadeReadOnly="0"><AssocMod><![CDATA[Classification]]></AssocMod><AssocBo><![CDATA[triStatus]]></AssocBo><AssocName><![CDATA[Selected]]></AssocName><AssocRevName><![CDATA[Selected By]]></AssocRevName></Association><Association AssocDepend="0" ProjContainmentDisabled="0" CascadeReadOnly="0"><AssocMod><![CDATA[Location]]></AssocMod><AssocBo><![CDATA[Location]]></AssocBo><AssocName><![CDATA[Associated To]]></AssocName><AssocRevName><![CDATA[Associated To]]></AssocRevName></Association><Association AssocDepend="0" ProjContainmentDisabled="0" CascadeReadOnly="0"><AssocMod><![CDATA[Location]]></AssocMod><AssocBo><![CDATA[triSpace]]></AssocBo><AssocName><![CDATA[Associated To]]></AssocName><AssocRevName><![CDATA[Associated To]]></AssocRevName></Association><Association AssocDepend="0" ProjContainmentDisabled="0" CascadeReadOnly="0"><AssocMod><![CDATA[triPeople]]></AssocMod><AssocBo><![CDATA[triPeople]]></AssocBo><AssocName><![CDATA[Associated To]]></AssocName><AssocRevName><![CDATA[Associated To]]></AssocRevName></Association><Association AssocDepend="0" ProjContainmentDisabled="0" CascadeReadOnly="0"><AssocMod><![CDATA[triPeople]]></AssocMod><AssocBo><![CDATA[triPeople]]></AssocBo><AssocName><![CDATA[Auto Recorded By]]></AssocName><AssocRevName><![CDATA[Auto Recorded]]></AssocRevName></Association><Association AssocDepend="0" ProjContainmentDisabled="0" CascadeReadOnly="0"><AssocMod><![CDATA[triProject]]></AssocMod><AssocBo><![CDATA[triCapitalProject]]></AssocBo><AssocName><![CDATA[Is Contained By]]></AssocName><AssocRevName><![CDATA[Contains]]></AssocRevName></Association><Association AssocDepend="0" ProjContainmentDisabled="0" CascadeReadOnly="0"><AssocMod><![CDATA[triRouting]]></AssocMod><AssocBo><![CDATA[triApproval]]></AssocBo><AssocName><![CDATA[Has Approval]]></AssocName><AssocRevName><![CDATA[Is Approval For]]></AssocRevName></Association><Association AssocDepend="0" ProjContainmentDisabled="0" CascadeReadOnly="0"><AssocMod><![CDATA[triRouting]]></AssocMod><AssocBo><![CDATA[triNotificationDetails]]></AssocBo><AssocName><![CDATA[Has Notification]]></AssocName><AssocRevName><![CDATA[Is Notification For]]></AssocRevName></Association></Associations><Sections><Section Type="0" Input="0" Vert="0" Passthrough="0" LiveLink="0" Override="0" Multi="0" UsedByDC="0" RequiredByDC="0"><Name><![CDATA[General]]></Name><Label><![CDATA[General]]></Label><Association /><TempAssociation /><LayOutTab /><DCKeys /><Fields><Field UomType="-1" HierClsType="0" EditUomType="0" MField="0" FieldLiveLink="0" FormulaFlag="0" UseInTot="0" UseInRes="0" ResultDispSeq="0" ReadOnly="0" LocFlag="0" NoAutoPop="0" GenOnCrt="0" FullPath="0" DepListFlag="0" BaseCurField="0" RefResultDispSeq="0" MFieldSeq="0" Size="999.0" DateDefNum="0" StageField="0" StageFieldKey="0" UseCustomPrecisionMask="0" StoragePrecision="-1" RoundingRule="-1" DoAudit="0" Localizable="0" RelativeDateTime="0"><Name><![CDATA[cstProvisioningResponse]]></Name><Description /><Purpose /><Type><![CDATA[Text]]></Type><Label><![CDATA[TRIRIGA Assistant Provisioning Response]]></Label><DVal /><Validation /><Required><![CDATA[N]]></Required><FormulaType><![CDATA[R]]></FormulaType><UomTypeName /><Uom /><RollUpType /><LTab><![CDATA[General]]></LTab><LSec><![CDATA[General]]></LSec><SubType /><Association /><Format /><RollUpSource /><DisplayMask><![CDATA[#.####]]></DisplayMask></Field></Fields></Section></Sections><StateTransitions><StateTransition CloseScr="0" Display="1" ReadOnly="0" Seq="0" StateSeq="0" SecAction="0" HideStateFromHierarchy="0"><State><![CDATA[null]]></State><Action><![CDATA[triCreate]]></Action><NState><![CDATA[triCreated]]></NState><ActLabel><![CDATA[Create]]></ActLabel><EJB /><Method /><CustomUrl /></StateTransition><StateTransition CloseScr="1" Display="1" ReadOnly="1" Seq="1" StateSeq="1" SecAction="0" HideStateFromHierarchy="0"><State><![CDATA[triCreated]]></State><Action><![CDATA[triDelete]]></Action><NState><![CDATA[null]]></NState><ActLabel><![CDATA[Delete]]></ActLabel><EJB /><Method /><CustomUrl /></StateTransition><StateTransition CloseScr="0" Display="1" ReadOnly="0" Seq="2" StateSeq="1" SecAction="0" HideStateFromHierarchy="0"><State><![CDATA[triCreated]]></State><Action><![CDATA[triSetup]]></Action><NState><![CDATA[triCreated]]></NState><ActLabel><![CDATA[Setup]]></ActLabel><EJB /><Method /><CustomUrl /><SubLabels><SubLabel SLSeq="0" SLAuditAct="0"><SLName><![CDATA[Setup]]></SLName><SLWF><![CDATA[ibmAppServices - Synchronous - Service - Setup]]></SLWF><SLWFBO /><SLWFMod><![CDATA[ibmAppServices]]></SLWFMod></SubLabel></SubLabels></StateTransition><StateTransition CloseScr="0" Display="1" ReadOnly="0" Seq="3" StateSeq="1" SecAction="0" HideStateFromHierarchy="0"><State><![CDATA[triCreated]]></State><Action><![CDATA[triTeardown]]></Action><NState><![CDATA[triCreated]]></NState><ActLabel><![CDATA[Teardown]]></ActLabel><EJB /><Method /><CustomUrl /><SubLabels><SubLabel SLSeq="0" SLAuditAct="0"><SLName><![CDATA[Teardown]]></SLName><SLWF><![CDATA[ibmAppServices - Synchronous - Service - Teardown]]></SLWF><SLWFBO /><SLWFMod><![CDATA[ibmAppServices]]></SLWFMod></SubLabel></SubLabels></StateTransition></StateTransitions><Mappings CntrlNumPref="0" CntrlNumStart="1"><CntrlNumDelim><![CDATA[ ]]></CntrlNumDelim><NameMap><Map MapType="1" MapFieldSystemFlag="0"><MapField><![CDATA[cstProvisioningResponse]]></MapField><MapFieldSec><![CDATA[General]]></MapFieldSec><MapFieldLbl><![CDATA[TRIRIGA Assistant Provisioning Response]]></MapFieldLbl></Map></NameMap><ImageMap><Map MapType="0"><MapField><![CDATA[Image]]></MapField><MapFieldSec /><MapFieldLbl><![CDATA[Image]]></MapFieldLbl></Map></ImageMap></Mappings></BO>
