<?xml version="1.0" encoding="UTF-8"?>
<!-- IBM Confidential OCO Source Materials --><!-- (C) COPYRIGHT IBM CORP. 2011-2020 --><!-- The source code for this program is not published or otherwise divested of its trade secrets, irrespective of what has been deposited with the U.S. Copyright Office. --><Query><Header Scope="0" TagIdentifier="null" Type="0" RandomCnt="0" FixedColCnt="0" ResultSize="0" ColorBy="0" ShowInWebGraphics="1" SumAllForColorBy="0" DScope="0" Editable="0" GraphType="1" DisplayLegend="1" EnableProjectSwitch="0" ChildColumnDisplay="0" SystemFlag="2" TrackHistory="0"><ObjectLabelName><![CDATA[In Progress 0.0]]></ObjectLabelName><Name><![CDATA[ibmAssistantProvisionOrder - Query - ProvisionOrderRecord]]></Name><Module><![CDATA[ibmAppServices]]></Module><BO><![CDATA[ibmAssistantProvisionOrder]]></BO><Number /><Description /><HeaderStr><![CDATA[TRIRIGA Assistant Provision Record Query]]></HeaderStr><PromptBeforeQuery><![CDATA[0]]></PromptBeforeQuery><Queued><![CDATA[0]]></Queued><XTitle /><YTitle /><RecState /><TabularOutput><![CDATA[0]]></TabularOutput><AssociatedField /><UpdatedBy><![CDATA[Bhargava, Neil - 1000371]]></UpdatedBy><ScorecardTargetOption><![CDATA[0]]></ScorecardTargetOption></Header><Bos><BO><Name><![CDATA[ibmAssistantProvisionOrder]]></Name><Module><![CDATA[ibmAppServices]]></Module><DSID><![CDATA[0]]></DSID></BO></Bos><Columns><Column Type="1" DType="320" FiltType="0" Seq="0" ConditionalFilter="0" FilterLocalizedData="0"><SecName><![CDATA[General]]></SecName><SecondarySecName /><FldLabel><![CDATA[TRIRIGA Instance URL]]></FldLabel><FldName><![CDATA[ibmTriUrlTX]]></FldName><FiltVAl /><NumOpenParens><![CDATA[0]]></NumOpenParens><NumCloseParens><![CDATA[0]]></NumCloseParens><BooleanOperatorType><![CDATA[0]]></BooleanOperatorType><groupDatesBy><![CDATA[0]]></groupDatesBy><sourceTabularRepName /><LegendColumn><![CDATA[0]]></LegendColumn><defaultFlag><![CDATA[0]]></defaultFlag><DSID><![CDATA[0]]></DSID></Column><Column Type="1" DType="320" FiltType="0" Seq="1" ConditionalFilter="0" FilterLocalizedData="0"><SecName><![CDATA[General]]></SecName><SecondarySecName /><FldLabel><![CDATA[TRIRIGA Assistant Username]]></FldLabel><FldName><![CDATA[ibmTriUserNameTX]]></FldName><FiltVAl /><NumOpenParens><![CDATA[0]]></NumOpenParens><NumCloseParens><![CDATA[0]]></NumCloseParens><BooleanOperatorType><![CDATA[0]]></BooleanOperatorType><groupDatesBy><![CDATA[0]]></groupDatesBy><sourceTabularRepName /><LegendColumn><![CDATA[0]]></LegendColumn><defaultFlag><![CDATA[0]]></defaultFlag><DSID><![CDATA[0]]></DSID></Column><Column Type="1" DType="320" FiltType="0" Seq="2" ConditionalFilter="0" FilterLocalizedData="0"><SecName><![CDATA[General]]></SecName><SecondarySecName /><FldLabel><![CDATA[TRIRIGA Assistant Password]]></FldLabel><FldName><![CDATA[ibmTriPasswordPA]]></FldName><FiltVAl /><NumOpenParens><![CDATA[0]]></NumOpenParens><NumCloseParens><![CDATA[0]]></NumCloseParens><BooleanOperatorType><![CDATA[0]]></BooleanOperatorType><groupDatesBy><![CDATA[0]]></groupDatesBy><sourceTabularRepName /><LegendColumn><![CDATA[0]]></LegendColumn><defaultFlag><![CDATA[0]]></defaultFlag><DSID><![CDATA[0]]></DSID></Column><Column Type="1" DType="320" FiltType="0" Seq="3" ConditionalFilter="0" FilterLocalizedData="0"><SecName><![CDATA[General]]></SecName><SecondarySecName /><FldLabel><![CDATA[Point of Contact]]></FldLabel><FldName><![CDATA[ibmPointOfContactTX]]></FldName><FiltVAl /><NumOpenParens><![CDATA[0]]></NumOpenParens><NumCloseParens><![CDATA[0]]></NumCloseParens><BooleanOperatorType><![CDATA[0]]></BooleanOperatorType><groupDatesBy><![CDATA[0]]></groupDatesBy><sourceTabularRepName /><LegendColumn><![CDATA[0]]></LegendColumn><defaultFlag><![CDATA[0]]></defaultFlag><DSID><![CDATA[0]]></DSID></Column><Column Type="1" DType="320" FiltType="0" Seq="4" ConditionalFilter="0" FilterLocalizedData="0"><SecName><![CDATA[General]]></SecName><SecondarySecName /><FldLabel><![CDATA[Point of Contact Email ID]]></FldLabel><FldName><![CDATA[ibmPocEmailTX]]></FldName><FiltVAl /><NumOpenParens><![CDATA[0]]></NumOpenParens><NumCloseParens><![CDATA[0]]></NumCloseParens><BooleanOperatorType><![CDATA[0]]></BooleanOperatorType><groupDatesBy><![CDATA[0]]></groupDatesBy><sourceTabularRepName /><LegendColumn><![CDATA[0]]></LegendColumn><defaultFlag><![CDATA[0]]></defaultFlag><DSID><![CDATA[0]]></DSID></Column></Columns><CActions><CAction Seq="0" ActType="1" PopupFlag="0" SecActionFlag="0"><ActName><![CDATA[Add]]></ActName><ActLabel><![CDATA[Add]]></ActLabel><PermAssoc /></CAction><CAction Seq="0" ActType="3" PopupFlag="0" SecActionFlag="0"><ActName><![CDATA[Delete]]></ActName><ActLabel><![CDATA[Delete]]></ActLabel><PermAssoc /></CAction></CActions></Query>
