<?xml version="1.0" encoding="UTF-8"?>
<!-- IBM Confidential OCO Source Materials --><!-- (C) COPYRIGHT IBM CORP. 2011-2020 --><!-- The source code for this program is not published or otherwise divested of its trade secrets, irrespective of what has been deposited with the U.S. Copyright Office. --><BoRecords>     <BoRecord BoId="10023041" RecordId="-1" BoName="ResourceFile" GUIId="10032941" GUIName="ResourceFile" ModuleId="18" ModuleName="System" CompanyId="208133" ParentName="" ActionName="" ObjState="created" SourceId="132654843">
<BoSectionName NameValue="System Info">
                     <Review___Status>
                         
                     </Review___Status>
                     <Prior___State>
                         created
                     </Prior___State>
                     <LocationId>
                         
                     </LocationId>
                     <OrganizationId>
                         
                     </OrganizationId>
                     <GeographyId>
                         
                     </GeographyId>
                     <CreatedBy>
                         132643438
                     </CreatedBy>
                     <ModifiedBy>
                         
                     </ModifiedBy>
                     <CreatedTime>
                         1584999532942
                     </CreatedTime>
                     <ModifiedTime>
                         1585690671760
                     </ModifiedTime>
                     <Type>
                         10023041
                     </Type>
                     <Parent>
                         
                     </Parent>
         </BoSectionName>
<BoSectionName NameValue="General">
                     <GeographyName>
                         \Geography\North America\United States\Texas\Houston
                     </GeographyName>
                     <NameTX>
                         IBM-TRIRIGA-Assistant.properties
                     </NameTX>
                     <DescriptionTX>
                         
                     </DescriptionTX>
                     <ResourceFileBI>
                         339915_IBM-TRIRIGA-Assistant.properties
                     </ResourceFileBI>
                     <LocationName>
                         
                     </LocationName>
                     <OrgName>
                         \Organizations\Greenpoint
                     </OrgName>
         </BoSectionName>
<Associations><Association><Name><![CDATA[Primary Organization]]></Name><TargetModule><![CDATA[Organization]]></TargetModule><TargetBo><![CDATA[Organization]]></TargetBo><TargetObjectName><![CDATA[\Organizations\Greenpoint]]></TargetObjectName></Association><Association><Name><![CDATA[Primary Geography]]></Name><TargetModule><![CDATA[Geography]]></TargetModule><TargetBo><![CDATA[triCity]]></TargetBo><TargetObjectName><![CDATA[\Geography\North America\United States\Texas\Houston]]></TargetObjectName></Association><Association><Name><![CDATA[Uses]]></Name><TargetModule><![CDATA[System]]></TargetModule><TargetBo><![CDATA[ClassLoader]]></TargetBo><TargetObjectName><![CDATA[\IBM-TRIRIGA-Assistant]]></TargetObjectName></Association></Associations>     </BoRecord>
</BoRecords>
