<?xml version="1.0" encoding="UTF-8"?>
<!-- IBM Confidential OCO Source Materials --><!-- (C) COPYRIGHT IBM CORP. 2011-2020 --><!-- The source code for this program is not published or otherwise divested of its trade secrets, irrespective of what has been deposited with the U.S. Copyright Office. --><BoRecords>     <BoRecord BoId="10030387" RecordId="-1" BoName="triOslcServiceProvider" GUIId="10043099" GUIName="triOslcServiceProvider" ModuleId="23828" ModuleName="triOslc" CompanyId="208133" ParentName="" ActionName="" ObjState="created" SourceId="132654701">
<BoSectionName NameValue="System Info">
                     <Review___Status>
                         
                     </Review___Status>
                     <Prior___State>
                         created
                     </Prior___State>
                     <LocationId>
                         
                     </LocationId>
                     <OrganizationId>
                         
                     </OrganizationId>
                     <GeographyId>
                         
                     </GeographyId>
                     <CreatedBy>
                         132643438
                     </CreatedBy>
                     <ModifiedBy>
                         
                     </ModifiedBy>
                     <CreatedTime>
                         1582624900375
                     </CreatedTime>
                     <ModifiedTime>
                         1583449473380
                     </ModifiedTime>
                     <Type>
                         10030387
                     </Type>
                     <Parent>
                         
                     </Parent>
         </BoSectionName>
<BoSectionName NameValue="General">
                     <triPublisherTX>
                         
                     </triPublisherTX>
                     <triDetailsTX>
                         
                     </triDetailsTX>
                     <triConstructedUrlHiddenTX>
                         /oslc/sp/ibmWAProvisionSP
                     </triConstructedUrlHiddenTX>
                     <triRecordIdSY>
                         132654701
                     </triRecordIdSY>
                     <triNameTX>
                         ibmWAProvisionSP
                     </triNameTX>
                     <LocationName>
                         
                     </LocationName>
                     <triModifiedDateTimeNumberSY>
                         1583449473380
                     </triModifiedDateTimeNumberSY>
                     <OrgName>
                         \Organizations\Greenpoint
                     </OrgName>
                     <triIdTX>
                         
                     </triIdTX>
                     <GeographyName>
                         \Geography\North America\United States\Texas\Houston
                     </GeographyName>
                     <triTitleTX>
                         Provision WA Service Provider
                     </triTitleTX>
                     <triDescriptionTX>
                         Get data for provisioning a new TRI Assistant
                     </triDescriptionTX>
                     <triServiceTX>
                         
                     </triServiceTX>
                     <triPrefixDefinitionTX>
                         
                     </triPrefixDefinitionTX>
                     <triOslcFormatLI>
                         rdfxml
                     </triOslcFormatLI>
                     <triStateSY>
                         created
                     </triStateSY>
         </BoSectionName>
<Associations><Association><Name><![CDATA[Primary Organization]]></Name><TargetModule><![CDATA[Organization]]></TargetModule><TargetBo><![CDATA[Organization]]></TargetBo><TargetObjectName><![CDATA[\Organizations\Greenpoint]]></TargetObjectName></Association><Association><Name><![CDATA[Primary Geography]]></Name><TargetModule><![CDATA[Geography]]></TargetModule><TargetBo><![CDATA[triCity]]></TargetBo><TargetObjectName><![CDATA[\Geography\North America\United States\Texas\Houston]]></TargetObjectName></Association><Association><Name><![CDATA[Contains]]></Name><TargetModule><![CDATA[triOslc]]></TargetModule><TargetBo><![CDATA[triOslcService]]></TargetBo><TargetObjectName><![CDATA[\ibmWAProvisionSV]]></TargetObjectName></Association></Associations>     </BoRecord>
</BoRecords>
