<?xml version="1.0" encoding="UTF-8"?>
<!-- IBM Confidential OCO Source Materials --><!-- (C) COPYRIGHT IBM CORP. 2011-2019 --><!-- The source code for this program is not published or otherwise divested of its trade secrets, irrespective of what has been deposited with the U.S. Copyright Office. --><GUI><GUIHeader AssocTab="1" Sched="0" Type="0" Audit="0" AuditAction="0" Approval="0" SingTab="0" WFTab="1" PrintTab="0" Default="1" ExcelCal="0" AllowBookmarkCreate="0" AllowBookmarkSpecific="1" PopupHeight="0" PopupWidth="0"><ObjectLabelName><![CDATA[IBM-WA 0.2.0]]></ObjectLabelName><Module><![CDATA[triAppServices]]></Module><BoName><![CDATA[triAppServices]]></BoName><Name><![CDATA[triAppServices]]></Name><Label><![CDATA[Application Services (Base)]]></Label><Description /><UpdatedBy><![CDATA[Silky, Ed - 1002520]]></UpdatedBy></GUIHeader><Tabs><Tab TId="1" Seq="1" Visible="1" Custom="0"><TName><![CDATA[triGeneral]]></TName><TLabel><![CDATA[General]]></TLabel><THeader /><TComment /><TURL /><AccessKey /><TStyle /><Sections><Section SId="1" Type="0" Seq="0" SRow="0" SCol="1" RSpan="1" CSpan="8" Visible="0" ROnly="1" ShowEmbeddedLink="0" ParentSecId="-1" ShowHdr="1" BorderSize="0" Height="0" Input="0" ShowAdd="0" FinRep="0" SingleSelect="0" SelectAssociationTemp="0" RefreshTime="0" FixedColCnt="0" HierarchyFieldsSection="0" ComparisonSection="0" PrinterFriendlyLink="0" SmartQueryFormat="0" Orientation="0" MaxViewMode="0" ViewModesEnabled="0" DefaultViewMode="0" ShowTimeSelector="0" EnableTimeSelectorEdit="0" EnableResourceSelect="0" ResourceSelectCreateAssociation="0" lockGraphicTheme="0" autoZoom="0" zoomPercent="100" zoomDelay="0" allowDelete="1" LoadAppletWhenSectionLoads="1"><Name><![CDATA[triUserMessage]]></Name><Label><![CDATA[Attention!]]></Label><Association /><SelectAssociation /><DDSecName /><BGround /><TitleColor><![CDATA[#FFFF99]]></TitleColor><BorderColor /><SStyle /><ComparisonAssociation /><CalendarSetName /><contextOverride /><ThemeName /><Fields><Field FId="1" SRow="1" RSpan="3" SCol="1" CSpan="2" NoLabel="1" Size="-1" ROnly="1" Border="0" Visible="1" ShowUom="0" GroupSeq="0" Width="100" TabOrder="0" MinSize="0" MaxSize="0" FldPos="2" DAlign="0" UIType="-1" AtrSeq="1013" IconPos="0" ScoreType="0" HierarchicalParentFieldId="0" DefaultHierarchicalState="0" DeltaType="0" DeltaPrecision="0" UseCustomDisplay="0" ColumnUse="0" TextNoWrap="1" SmartSectionLocatorEnabled="0"><Name><![CDATA[triUserMessageTX]]></Name><Type><![CDATA[Text]]></Type><Label><![CDATA[Attention!]]></Label><Required><![CDATA[N]]></Required><DDFieldName><![CDATA[triUserMessageTX]]></DDFieldName><DDFldSecName><![CDATA[General]]></DDFldSecName><LFont><![CDATA[Trebuchet]]></LFont><LColor><![CDATA[#000000]]></LColor><LSize><![CDATA[10]]></LSize><LWeight><![CDATA[bold]]></LWeight><SubType /><Format /><LabStyle><![CDATA[labelStyleClass2]]></LabStyle><DataStyle><![CDATA[dataStyleClass2]]></DataStyle><Prefix /><FldColor /><SubLabelStyle /><DisplayMask><![CDATA[#.####]]></DisplayMask><DurationDisplayTokens /></Field><Field FId="26" SRow="1" RSpan="1" SCol="1" CSpan="1" NoLabel="0" Size="0" ROnly="0" Border="0" Visible="0" ShowUom="0" GroupSeq="0" Width="0" TabOrder="0" MinSize="0" MaxSize="0" FldPos="0" DAlign="0" UIType="0" AtrSeq="1012" IconPos="0" ScoreType="0" HierarchicalParentFieldId="0" DefaultHierarchicalState="0" DeltaType="0" DeltaPrecision="0" UseCustomDisplay="0" ColumnUse="0" TextNoWrap="1" SmartSectionLocatorEnabled="0"><Name><![CDATA[triUserMessageFlagTX]]></Name><Type><![CDATA[Text]]></Type><Label><![CDATA[!]]></Label><Required><![CDATA[N]]></Required><DDFieldName><![CDATA[triUserMessageFlagTX]]></DDFieldName><DDFldSecName><![CDATA[General]]></DDFldSecName><LFont><![CDATA[Trebuchet]]></LFont><LColor><![CDATA[#000000]]></LColor><LSize><![CDATA[10]]></LSize><LWeight><![CDATA[bold]]></LWeight><SubType /><Format /><LabStyle><![CDATA[labelStyleClass2]]></LabStyle><DataStyle><![CDATA[dataStyleClass2]]></DataStyle><Prefix /><FldColor /><SubLabelStyle /><DisplayMask><![CDATA[#.####]]></DisplayMask><DurationDisplayTokens /></Field></Fields></Section><Section SId="12" Type="0" Seq="0" SRow="1" SCol="1" RSpan="1" CSpan="12" Visible="1" ROnly="0" ShowEmbeddedLink="0" ParentSecId="-1" ShowHdr="1" BorderSize="0" Height="0" Input="0" ShowAdd="0" FinRep="0" SingleSelect="0" SelectAssociationTemp="0" RefreshTime="0" FixedColCnt="0" HierarchyFieldsSection="0" ComparisonSection="0" PrinterFriendlyLink="0" SmartQueryFormat="0" Orientation="0" MaxViewMode="16" ViewModesEnabled="-1" DefaultViewMode="16" ShowTimeSelector="0" EnableTimeSelectorEdit="0" EnableResourceSelect="0" ResourceSelectCreateAssociation="0" lockGraphicTheme="0" autoZoom="0" zoomPercent="100" zoomDelay="0" allowDelete="1" LoadAppletWhenSectionLoads="1"><Name><![CDATA[triGeneral]]></Name><Label><![CDATA[General]]></Label><Association /><SelectAssociation /><DDSecName /><BGround /><TitleColor /><BorderColor /><SStyle /><ComparisonAssociation /><CalendarSetName /><contextOverride /><ThemeName /><Fields><Field FId="27" SRow="1" RSpan="1" SCol="1" CSpan="1" NoLabel="0" Size="0" ROnly="1" Border="1" Visible="1" ShowUom="0" GroupSeq="0" Width="0" TabOrder="0" MinSize="0" MaxSize="0" FldPos="2" DAlign="0" UIType="0" AtrSeq="1021" IconPos="0" ScoreType="0" HierarchicalParentFieldId="0" DefaultHierarchicalState="0" DeltaType="0" DeltaPrecision="0" UseCustomDisplay="0" ColumnUse="0" TextNoWrap="1" SmartSectionLocatorEnabled="0"><Name><![CDATA[triControlNumberCN]]></Name><Type><![CDATA[Control Number]]></Type><Label><![CDATA[Control Number]]></Label><Required><![CDATA[N]]></Required><DDFieldName><![CDATA[triControlNumberCN]]></DDFieldName><DDFldSecName><![CDATA[General]]></DDFldSecName><LFont><![CDATA[Trebuchet MS]]></LFont><LColor><![CDATA[#000000]]></LColor><LSize><![CDATA[10]]></LSize><LWeight><![CDATA[Bold]]></LWeight><SubType /><Format /><LabStyle><![CDATA[labelStyleClass1]]></LabStyle><DataStyle><![CDATA[dataStyleClass1]]></DataStyle><Prefix /><FldColor /><SubLabelStyle /><DisplayMask><![CDATA[#.####]]></DisplayMask><DurationDisplayTokens /></Field><Field FId="28" SRow="1" RSpan="1" SCol="2" CSpan="1" NoLabel="0" Size="30" ROnly="0" Border="1" Visible="1" ShowUom="0" GroupSeq="0" Width="0" TabOrder="0" MinSize="0" MaxSize="0" FldPos="2" DAlign="0" UIType="0" AtrSeq="1009" IconPos="0" ScoreType="0" HierarchicalParentFieldId="0" DefaultHierarchicalState="0" DeltaType="0" DeltaPrecision="0" UseCustomDisplay="0" ColumnUse="0" TextNoWrap="1" SmartSectionLocatorEnabled="0"><Name><![CDATA[triActionTX]]></Name><Type><![CDATA[Text]]></Type><Label><![CDATA[Action]]></Label><Required><![CDATA[N]]></Required><DDFieldName><![CDATA[triActionTX]]></DDFieldName><DDFldSecName><![CDATA[General]]></DDFldSecName><LFont><![CDATA[Trebuchet MS]]></LFont><LColor><![CDATA[#000000]]></LColor><LSize><![CDATA[10]]></LSize><LWeight><![CDATA[Bold]]></LWeight><SubType /><Format /><LabStyle><![CDATA[labelStyleClass1]]></LabStyle><DataStyle><![CDATA[dataStyleClass1]]></DataStyle><Prefix /><FldColor /><SubLabelStyle /><DisplayMask><![CDATA[#.####]]></DisplayMask><DurationDisplayTokens /></Field><Field FId="29" SRow="2" RSpan="1" SCol="1" CSpan="1" NoLabel="0" Size="-1" ROnly="1" Border="0" Visible="1" ShowUom="0" GroupSeq="0" Width="100" TabOrder="0" MinSize="0" MaxSize="0" FldPos="2" DAlign="0" UIType="-1" AtrSeq="1008" IconPos="0" ScoreType="0" HierarchicalParentFieldId="0" DefaultHierarchicalState="0" DeltaType="0" DeltaPrecision="0" UseCustomDisplay="0" ColumnUse="0" TextNoWrap="1" SmartSectionLocatorEnabled="0"><Name><![CDATA[triCreatedDT]]></Name><Type><![CDATA[Date and Time]]></Type><Label><![CDATA[Created Date/Time]]></Label><Required><![CDATA[N]]></Required><DDFieldName><![CDATA[triCreatedDT]]></DDFieldName><DDFldSecName><![CDATA[General]]></DDFldSecName><LFont><![CDATA[Trebuchet MS]]></LFont><LColor><![CDATA[#000000]]></LColor><LSize><![CDATA[10]]></LSize><LWeight><![CDATA[bold]]></LWeight><SubType /><Format /><LabStyle><![CDATA[labelStyleClass1]]></LabStyle><DataStyle><![CDATA[dataStyleClass1]]></DataStyle><Prefix /><FldColor /><SubLabelStyle /><DisplayMask><![CDATA[#.####]]></DisplayMask><DurationDisplayTokens /></Field></Fields></Section></Sections></Tab></Tabs><StateTransitions><StateTransition CloseScr="0" Display="1" ReadOnly="0" Seq="0" StateSeq="0" NStateSeq="1" TabId="-1" SecAction="0"><State><![CDATA[null]]></State><Action><![CDATA[triCreate]]></Action><NState><![CDATA[triCreated]]></NState><ActLabel><![CDATA[Create]]></ActLabel><AccessKey /></StateTransition><StateTransition CloseScr="1" Display="1" ReadOnly="1" Seq="1" StateSeq="1" NStateSeq="0" TabId="-1" SecAction="0"><State><![CDATA[triCreated]]></State><Action><![CDATA[triDelete]]></Action><NState><![CDATA[null]]></NState><ActLabel><![CDATA[Delete]]></ActLabel><AccessKey /></StateTransition></StateTransitions></GUI>
