<?xml version="1.0" encoding="UTF-8"?>
<!-- IBM Confidential OCO Source Materials --><!-- (C) COPYRIGHT IBM CORP. 2011-2019 --><!-- The source code for this program is not published or otherwise divested of its trade secrets, irrespective of what has been deposited with the U.S. Copyright Office. --><GUI><GUIHeader AssocTab="1" Sched="0" Type="0" Audit="0" AuditAction="0" Approval="0" SingTab="0" WFTab="1" PrintTab="0" Default="1" ExcelCal="0" AllowBookmarkCreate="0" AllowBookmarkSpecific="0" PopupHeight="0" PopupWidth="0"><ObjectLabelName><![CDATA[IBM-WA 0.2.0]]></ObjectLabelName><Module><![CDATA[triReservation]]></Module><BoName><![CDATA[triReservationInstance]]></BoName><Name><![CDATA[triReservationInstance]]></Name><Label><![CDATA[Reservation Instance]]></Label><Description /><UpdatedBy><![CDATA[Silky, Ed - 1002520]]></UpdatedBy></GUIHeader><Tabs><Tab TId="1" Seq="1" Visible="1" Custom="0"><TName><![CDATA[triGeneral]]></TName><TLabel><![CDATA[General]]></TLabel><THeader><![CDATA[Required]]></THeader><TComment /><TURL /><AccessKey /><TStyle /><Sections><Section SId="6" Type="0" Seq="0" SRow="0" SCol="1" RSpan="1" CSpan="12" Visible="0" ROnly="1" ShowEmbeddedLink="0" ParentSecId="-1" ShowHdr="1" BorderSize="0" Height="0" Input="0" ShowAdd="0" FinRep="0" SingleSelect="0" SelectAssociationTemp="0" RefreshTime="0" FixedColCnt="0" HierarchyFieldsSection="0" ComparisonSection="0" PrinterFriendlyLink="0" SmartQueryFormat="0" Orientation="0" MaxViewMode="0" ViewModesEnabled="0" DefaultViewMode="0" ShowTimeSelector="0" EnableTimeSelectorEdit="0" EnableResourceSelect="0" ResourceSelectCreateAssociation="0" lockGraphicTheme="0" autoZoom="0" zoomPercent="100" zoomDelay="0" allowDelete="1" LoadAppletWhenSectionLoads="1"><Name><![CDATA[triUserMessage]]></Name><Label><![CDATA[Attention!]]></Label><Association /><SelectAssociation /><DDSecName /><BGround /><TitleColor><![CDATA[#FFFF99]]></TitleColor><BorderColor /><SStyle /><ComparisonAssociation /><CalendarSetName /><contextOverride /><ThemeName /><Fields><Field FId="54" SRow="1" RSpan="3" SCol="1" CSpan="2" NoLabel="1" Size="-1" ROnly="1" Border="0" Visible="1" ShowUom="0" GroupSeq="0" Width="100" TabOrder="0" MinSize="0" MaxSize="0" FldPos="2" DAlign="0" UIType="-1" AtrSeq="1005" IconPos="0" ScoreType="0" HierarchicalParentFieldId="0" DefaultHierarchicalState="0" DeltaType="0" DeltaPrecision="0" UseCustomDisplay="0" ColumnUse="0" TextNoWrap="1" SmartSectionLocatorEnabled="0"><Name><![CDATA[triUserMessageTX]]></Name><Type><![CDATA[Text]]></Type><Label><![CDATA[Attention!]]></Label><Required><![CDATA[N]]></Required><DDFieldName><![CDATA[triUserMessageTX]]></DDFieldName><DDFldSecName><![CDATA[General]]></DDFldSecName><LFont><![CDATA[Trebuchet]]></LFont><LColor><![CDATA[#000000]]></LColor><LSize><![CDATA[10]]></LSize><LWeight><![CDATA[bold]]></LWeight><SubType /><Format /><LabStyle><![CDATA[labelStyleClass2]]></LabStyle><DataStyle><![CDATA[dataStyleClass2]]></DataStyle><Prefix /><FldColor /><SubLabelStyle /><DisplayMask><![CDATA[#.####]]></DisplayMask><DurationDisplayTokens /></Field></Fields></Section><Section SId="1" Type="0" Seq="0" SRow="1" SCol="1" RSpan="1" CSpan="12" Visible="1" ROnly="1" ShowEmbeddedLink="0" ParentSecId="-1" ShowHdr="1" BorderSize="0" Height="0" Input="0" ShowAdd="0" FinRep="0" SingleSelect="0" SelectAssociationTemp="0" RefreshTime="0" FixedColCnt="0" HierarchyFieldsSection="0" ComparisonSection="0" PrinterFriendlyLink="0" SmartQueryFormat="0" Orientation="0" MaxViewMode="16" ViewModesEnabled="-1" DefaultViewMode="16" ShowTimeSelector="0" EnableTimeSelectorEdit="0" EnableResourceSelect="0" ResourceSelectCreateAssociation="0" lockGraphicTheme="0" autoZoom="0" zoomPercent="100" zoomDelay="0" allowDelete="1" LoadAppletWhenSectionLoads="1"><Name><![CDATA[triGeneral]]></Name><Label><![CDATA[General]]></Label><Association /><SelectAssociation /><DDSecName /><BGround /><TitleColor /><BorderColor /><SStyle /><ComparisonAssociation /><CalendarSetName /><contextOverride /><ThemeName /><Fields><Field FId="28" SRow="1" RSpan="1" SCol="1" CSpan="1" NoLabel="0" Size="-1" ROnly="1" Border="0" Visible="1" ShowUom="0" GroupSeq="0" Width="0" TabOrder="0" MinSize="0" MaxSize="0" FldPos="0" DAlign="0" UIType="-1" AtrSeq="1021" IconPos="0" ScoreType="0" HierarchicalParentFieldId="0" DefaultHierarchicalState="0" DeltaType="0" DeltaPrecision="0" UseCustomDisplay="0" ColumnUse="0" TextNoWrap="1" SmartSectionLocatorEnabled="0"><Name><![CDATA[triIdTX]]></Name><Type><![CDATA[Text]]></Type><Label><![CDATA[ID]]></Label><Required><![CDATA[N]]></Required><DDFieldName><![CDATA[triIdTX]]></DDFieldName><DDFldSecName><![CDATA[General]]></DDFldSecName><LFont><![CDATA[Arial]]></LFont><LColor><![CDATA[#000000]]></LColor><LSize><![CDATA[10]]></LSize><LWeight><![CDATA[bold]]></LWeight><SubType /><Format /><LabStyle><![CDATA[labelStyleClass1]]></LabStyle><DataStyle><![CDATA[dataStyleClass1]]></DataStyle><Prefix /><FldColor /><SubLabelStyle /><DisplayMask><![CDATA[#.####]]></DisplayMask><DurationDisplayTokens /></Field><Field FId="30" SRow="1" RSpan="1" SCol="2" CSpan="1" NoLabel="0" Size="-1" ROnly="1" Border="0" Visible="1" ShowUom="0" GroupSeq="0" Width="0" TabOrder="0" MinSize="0" MaxSize="0" FldPos="0" DAlign="0" UIType="-1" AtrSeq="1004" IconPos="0" ScoreType="0" HierarchicalParentFieldId="0" DefaultHierarchicalState="0" DeltaType="0" DeltaPrecision="0" UseCustomDisplay="0" ColumnUse="0" TextNoWrap="1" SmartSectionLocatorEnabled="0"><Name><![CDATA[triStatusCL]]></Name><Type><![CDATA[Classification]]></Type><Label><![CDATA[Status]]></Label><Required><![CDATA[N]]></Required><DDFieldName><![CDATA[triStatusCL]]></DDFieldName><DDFldSecName><![CDATA[General]]></DDFldSecName><LFont><![CDATA[Trebuchet]]></LFont><LColor><![CDATA[#000000]]></LColor><LSize><![CDATA[10]]></LSize><LWeight><![CDATA[bold]]></LWeight><SubType /><Format /><LabStyle><![CDATA[labelStyleClass1]]></LabStyle><DataStyle><![CDATA[dataStyleClass1]]></DataStyle><Prefix /><FldColor /><SubLabelStyle /><DisplayMask><![CDATA[#.####]]></DisplayMask><DurationDisplayTokens /></Field><Field FId="53" SRow="2" RSpan="1" SCol="1" CSpan="2" NoLabel="0" Size="-1" ROnly="0" Border="0" Visible="0" ShowUom="0" GroupSeq="0" Width="0" TabOrder="0" MinSize="0" MaxSize="0" FldPos="0" DAlign="0" UIType="-1" AtrSeq="1025" IconPos="0" ScoreType="0" HierarchicalParentFieldId="0" DefaultHierarchicalState="0" DeltaType="0" DeltaPrecision="0" UseCustomDisplay="0" ColumnUse="0" TextNoWrap="1" SmartSectionLocatorEnabled="0"><Name><![CDATA[triNameTX]]></Name><Type><![CDATA[Text]]></Type><Label><![CDATA[Name]]></Label><Required><![CDATA[Y]]></Required><DDFieldName><![CDATA[triNameTX]]></DDFieldName><DDFldSecName><![CDATA[General]]></DDFldSecName><LFont><![CDATA[Arial]]></LFont><LColor><![CDATA[#000000]]></LColor><LSize><![CDATA[10]]></LSize><LWeight><![CDATA[bold]]></LWeight><SubType /><Format /><LabStyle><![CDATA[labelStyleClass1]]></LabStyle><DataStyle><![CDATA[dataStyleClass1]]></DataStyle><Prefix /><FldColor /><SubLabelStyle /><DisplayMask><![CDATA[#.####]]></DisplayMask><DurationDisplayTokens /></Field><Field FId="55" SRow="3" RSpan="1" SCol="1" CSpan="1" NoLabel="0" Size="-1" ROnly="0" Border="0" Visible="1" ShowUom="0" GroupSeq="0" Width="0" TabOrder="0" MinSize="0" MaxSize="0" FldPos="2" DAlign="0" UIType="-1" AtrSeq="1057" IconPos="0" ScoreType="0" HierarchicalParentFieldId="0" DefaultHierarchicalState="0" DeltaType="0" DeltaPrecision="0" UseCustomDisplay="0" ColumnUse="0" TextNoWrap="1" SmartSectionLocatorEnabled="0"><Name><![CDATA[triReservationTX]]></Name><Type><![CDATA[Text]]></Type><Label><![CDATA[Reservation]]></Label><Required><![CDATA[N]]></Required><DDFieldName><![CDATA[triReservationTX]]></DDFieldName><DDFldSecName><![CDATA[General]]></DDFldSecName><LFont><![CDATA[Trebuchet MS]]></LFont><LColor><![CDATA[#000000]]></LColor><LSize><![CDATA[10]]></LSize><LWeight><![CDATA[bold]]></LWeight><SubType /><Format /><LabStyle><![CDATA[labelStyleClass1]]></LabStyle><DataStyle><![CDATA[dataStyleClass1]]></DataStyle><Prefix /><FldColor /><SubLabelStyle /><DisplayMask><![CDATA[#.####]]></DisplayMask><DurationDisplayTokens /></Field><Field FId="61" SRow="3" RSpan="1" SCol="2" CSpan="1" NoLabel="0" Size="-1" ROnly="0" Border="0" Visible="1" ShowUom="0" GroupSeq="0" Width="0" TabOrder="0" MinSize="0" MaxSize="0" FldPos="2" DAlign="0" UIType="-1" AtrSeq="1056" IconPos="0" ScoreType="0" HierarchicalParentFieldId="0" DefaultHierarchicalState="0" DeltaType="0" DeltaPrecision="0" UseCustomDisplay="0" ColumnUse="0" TextNoWrap="1" SmartSectionLocatorEnabled="0"><Name><![CDATA[triOccurrenceIdTX]]></Name><Type><![CDATA[Text]]></Type><Label><![CDATA[Occurrence ID]]></Label><Required><![CDATA[N]]></Required><DDFieldName><![CDATA[triOccurrenceIdTX]]></DDFieldName><DDFldSecName><![CDATA[General]]></DDFldSecName><LFont><![CDATA[Trebuchet MS]]></LFont><LColor><![CDATA[#000000]]></LColor><LSize><![CDATA[10]]></LSize><LWeight><![CDATA[bold]]></LWeight><SubType /><Format /><LabStyle><![CDATA[labelStyleClass1]]></LabStyle><DataStyle><![CDATA[dataStyleClass1]]></DataStyle><Prefix /><FldColor /><SubLabelStyle /><DisplayMask><![CDATA[#.####]]></DisplayMask><DurationDisplayTokens /></Field><Field FId="57" SRow="5" RSpan="1" SCol="1" CSpan="1" NoLabel="0" Size="-1" ROnly="0" Border="1" Visible="1" ShowUom="0" GroupSeq="0" Width="0" TabOrder="0" MinSize="0" MaxSize="0" FldPos="2" DAlign="0" UIType="0" AtrSeq="1029" IconPos="0" ScoreType="0" HierarchicalParentFieldId="0" DefaultHierarchicalState="0" DeltaType="0" DeltaPrecision="0" UseCustomDisplay="0" ColumnUse="0" TextNoWrap="1" SmartSectionLocatorEnabled="0"><Name><![CDATA[triPlannedStartDT]]></Name><Type><![CDATA[Date and Time]]></Type><Label><![CDATA[Planned Start]]></Label><Required><![CDATA[N]]></Required><DDFieldName><![CDATA[triPlannedStartDT]]></DDFieldName><DDFldSecName><![CDATA[General]]></DDFldSecName><LFont><![CDATA[Trebuchet MS]]></LFont><LColor><![CDATA[#000000]]></LColor><LSize><![CDATA[10]]></LSize><LWeight><![CDATA[Bold]]></LWeight><SubType /><Format /><LabStyle><![CDATA[labelStyleClass1]]></LabStyle><DataStyle><![CDATA[dataStyleClass1]]></DataStyle><Prefix /><FldColor /><SubLabelStyle /><DisplayMask><![CDATA[#.####]]></DisplayMask><DurationDisplayTokens /></Field><Field FId="58" SRow="5" RSpan="1" SCol="2" CSpan="1" NoLabel="0" Size="-1" ROnly="0" Border="1" Visible="1" ShowUom="0" GroupSeq="0" Width="0" TabOrder="0" MinSize="0" MaxSize="0" FldPos="2" DAlign="0" UIType="0" AtrSeq="1030" IconPos="0" ScoreType="0" HierarchicalParentFieldId="0" DefaultHierarchicalState="0" DeltaType="0" DeltaPrecision="0" UseCustomDisplay="0" ColumnUse="0" TextNoWrap="1" SmartSectionLocatorEnabled="0"><Name><![CDATA[triPlannedEndDT]]></Name><Type><![CDATA[Date and Time]]></Type><Label><![CDATA[Planned End]]></Label><Required><![CDATA[N]]></Required><DDFieldName><![CDATA[triPlannedEndDT]]></DDFieldName><DDFldSecName><![CDATA[General]]></DDFldSecName><LFont><![CDATA[Trebuchet MS]]></LFont><LColor><![CDATA[#000000]]></LColor><LSize><![CDATA[10]]></LSize><LWeight><![CDATA[Bold]]></LWeight><SubType /><Format /><LabStyle><![CDATA[labelStyleClass1]]></LabStyle><DataStyle><![CDATA[dataStyleClass1]]></DataStyle><Prefix /><FldColor /><SubLabelStyle /><DisplayMask><![CDATA[#.####]]></DisplayMask><DurationDisplayTokens /></Field><Field FId="59" SRow="6" RSpan="1" SCol="1" CSpan="1" NoLabel="0" Size="-1" ROnly="0" Border="1" Visible="1" ShowUom="0" GroupSeq="0" Width="0" TabOrder="0" MinSize="0" MaxSize="0" FldPos="2" DAlign="0" UIType="0" AtrSeq="1054" IconPos="0" ScoreType="0" HierarchicalParentFieldId="0" DefaultHierarchicalState="0" DeltaType="0" DeltaPrecision="0" UseCustomDisplay="0" ColumnUse="0" TextNoWrap="1" SmartSectionLocatorEnabled="0"><Name><![CDATA[triActualStartDT]]></Name><Type><![CDATA[Date and Time]]></Type><Label><![CDATA[Actual Start]]></Label><Required><![CDATA[N]]></Required><DDFieldName><![CDATA[triActualStartDT]]></DDFieldName><DDFldSecName><![CDATA[General]]></DDFldSecName><LFont><![CDATA[Trebuchet MS]]></LFont><LColor><![CDATA[#000000]]></LColor><LSize><![CDATA[10]]></LSize><LWeight><![CDATA[Bold]]></LWeight><SubType /><Format /><LabStyle><![CDATA[labelStyleClass1]]></LabStyle><DataStyle><![CDATA[dataStyleClass1]]></DataStyle><Prefix /><FldColor /><SubLabelStyle /><DisplayMask><![CDATA[#.####]]></DisplayMask><DurationDisplayTokens /></Field><Field FId="60" SRow="6" RSpan="1" SCol="2" CSpan="1" NoLabel="0" Size="-1" ROnly="0" Border="1" Visible="1" ShowUom="0" GroupSeq="0" Width="0" TabOrder="0" MinSize="0" MaxSize="0" FldPos="2" DAlign="0" UIType="0" AtrSeq="1055" IconPos="0" ScoreType="0" HierarchicalParentFieldId="0" DefaultHierarchicalState="0" DeltaType="0" DeltaPrecision="0" UseCustomDisplay="0" ColumnUse="0" TextNoWrap="1" SmartSectionLocatorEnabled="0"><Name><![CDATA[triActualEndDT]]></Name><Type><![CDATA[Date and Time]]></Type><Label><![CDATA[Actual End]]></Label><Required><![CDATA[N]]></Required><DDFieldName><![CDATA[triActualEndDT]]></DDFieldName><DDFldSecName><![CDATA[General]]></DDFldSecName><LFont><![CDATA[Trebuchet MS]]></LFont><LColor><![CDATA[#000000]]></LColor><LSize><![CDATA[10]]></LSize><LWeight><![CDATA[Bold]]></LWeight><SubType /><Format /><LabStyle><![CDATA[labelStyleClass1]]></LabStyle><DataStyle><![CDATA[dataStyleClass1]]></DataStyle><Prefix /><FldColor /><SubLabelStyle /><DisplayMask><![CDATA[#.####]]></DisplayMask><DurationDisplayTokens /></Field><Field FId="66" SRow="7" RSpan="1" SCol="1" CSpan="1" NoLabel="0" Size="-1" ROnly="0" Border="1" Visible="1" ShowUom="0" GroupSeq="0" Width="0" TabOrder="0" MinSize="0" MaxSize="0" FldPos="2" DAlign="0" UIType="0" AtrSeq="1058" IconPos="0" ScoreType="0" HierarchicalParentFieldId="0" DefaultHierarchicalState="0" DeltaType="0" DeltaPrecision="0" UseCustomDisplay="0" ColumnUse="0" TextNoWrap="1" SmartSectionLocatorEnabled="0"><Name><![CDATA[triAcceptedDT]]></Name><Type><![CDATA[Date and Time]]></Type><Label><![CDATA[Accepted Date/Time]]></Label><Required><![CDATA[N]]></Required><DDFieldName><![CDATA[triAcceptedDT]]></DDFieldName><DDFldSecName><![CDATA[General]]></DDFldSecName><LFont><![CDATA[Trebuchet MS]]></LFont><LColor><![CDATA[#000000]]></LColor><LSize><![CDATA[10]]></LSize><LWeight><![CDATA[Bold]]></LWeight><SubType /><Format /><LabStyle><![CDATA[labelStyleClass1]]></LabStyle><DataStyle><![CDATA[dataStyleClass1]]></DataStyle><Prefix /><FldColor /><SubLabelStyle /><DisplayMask><![CDATA[#.####]]></DisplayMask><DurationDisplayTokens /></Field><Field FId="89" SRow="7" RSpan="1" SCol="2" CSpan="1" NoLabel="0" Size="-1" ROnly="0" Border="0" Visible="1" ShowUom="0" GroupSeq="0" Width="0" TabOrder="0" MinSize="0" MaxSize="0" FldPos="2" DAlign="0" UIType="-1" AtrSeq="1088" IconPos="0" ScoreType="0" HierarchicalParentFieldId="0" DefaultHierarchicalState="0" DeltaType="0" DeltaPrecision="0" UseCustomDisplay="0" ColumnUse="0" TextNoWrap="1" SmartSectionLocatorEnabled="0"><Name><![CDATA[triBackingEventIdTX]]></Name><Type><![CDATA[Text]]></Type><Label><![CDATA[Backing Event Id]]></Label><Required><![CDATA[N]]></Required><DDFieldName><![CDATA[triBackingEventIdTX]]></DDFieldName><DDFldSecName><![CDATA[General]]></DDFldSecName><LFont><![CDATA[Trebuchet MS]]></LFont><LColor><![CDATA[#000000]]></LColor><LSize><![CDATA[10]]></LSize><LWeight><![CDATA[bold]]></LWeight><SubType /><Format /><LabStyle><![CDATA[labelStyleClass1]]></LabStyle><DataStyle><![CDATA[dataStyleClass1]]></DataStyle><Prefix /><FldColor /><SubLabelStyle /><DisplayMask><![CDATA[#.####]]></DisplayMask><DurationDisplayTokens /></Field></Fields></Section><Section SId="17" Type="0" Seq="0" SRow="3" SCol="1" RSpan="1" CSpan="6" Visible="1" ROnly="0" ShowEmbeddedLink="0" ParentSecId="-1" ShowHdr="1" BorderSize="0" Height="0" Input="0" ShowAdd="0" FinRep="0" SingleSelect="0" SelectAssociationTemp="0" RefreshTime="0" FixedColCnt="0" HierarchyFieldsSection="0" ComparisonSection="0" PrinterFriendlyLink="0" SmartQueryFormat="0" Orientation="0" MaxViewMode="16" ViewModesEnabled="150" DefaultViewMode="16" ShowTimeSelector="0" EnableTimeSelectorEdit="0" EnableResourceSelect="0" ResourceSelectCreateAssociation="0" lockGraphicTheme="0" autoZoom="0" zoomPercent="100" zoomDelay="0" allowDelete="1" LoadAppletWhenSectionLoads="1"><Name><![CDATA[triEstimatedCosts]]></Name><Label><![CDATA[Estimated Costs]]></Label><Association /><SelectAssociation /><DDSecName /><BGround /><TitleColor /><BorderColor /><SStyle /><ComparisonAssociation /><CalendarSetName /><contextOverride /><ThemeName /><Fields><Field FId="79" SRow="1" RSpan="1" SCol="1" CSpan="1" NoLabel="0" Size="-1" ROnly="1" Border="0" Visible="1" ShowUom="1" GroupSeq="0" Width="0" TabOrder="0" MinSize="0" MaxSize="0" FldPos="2" DAlign="2" UIType="-1" AtrSeq="1041" IconPos="0" ScoreType="0" HierarchicalParentFieldId="0" DefaultHierarchicalState="0" DeltaType="0" DeltaPrecision="0" UseCustomDisplay="0" ColumnUse="0" TextNoWrap="1" SmartSectionLocatorEnabled="0"><Name><![CDATA[triEstimatedUsageCostNU]]></Name><Type><![CDATA[Number]]></Type><Label><![CDATA[Usage Cost]]></Label><Required><![CDATA[N]]></Required><DDFieldName><![CDATA[triEstimatedUsageCostNU]]></DDFieldName><DDFldSecName><![CDATA[General]]></DDFldSecName><LFont><![CDATA[Trebuchet MS]]></LFont><LColor><![CDATA[#000000]]></LColor><LSize><![CDATA[10]]></LSize><LWeight><![CDATA[bold]]></LWeight><SubType /><Format /><LabStyle><![CDATA[labelStyleClass1]]></LabStyle><DataStyle><![CDATA[dataStyleClass1]]></DataStyle><Prefix /><FldColor /><SubLabelStyle /><DisplayMask><![CDATA[#.####]]></DisplayMask><DurationDisplayTokens /></Field><Field FId="110" SRow="1" RSpan="1" SCol="2" CSpan="1" NoLabel="0" Size="-1" ROnly="1" Border="0" Visible="0" ShowUom="0" GroupSeq="0" Width="0" TabOrder="0" MinSize="0" MaxSize="0" FldPos="2" DAlign="0" UIType="6" AtrSeq="-1" IconPos="0" ScoreType="0" HierarchicalParentFieldId="0" DefaultHierarchicalState="0" DeltaType="0" DeltaPrecision="0" UseCustomDisplay="0" ColumnUse="0" TextNoWrap="1" SmartSectionLocatorEnabled="0"><Name><![CDATA[triAccountDetailGA]]></Name><Type><![CDATA[Gui Action]]></Type><Label><![CDATA[Account Detail]]></Label><Required><![CDATA[N]]></Required><DDFieldName><![CDATA[triAccountDetailGA]]></DDFieldName><DDFldSecName><![CDATA[ ]]></DDFldSecName><LFont><![CDATA[Trebuchet MS]]></LFont><LColor><![CDATA[#000000]]></LColor><LSize><![CDATA[10]]></LSize><LWeight><![CDATA[bold]]></LWeight><SubType /><Format /><LabStyle><![CDATA[labelStyleClass1]]></LabStyle><DataStyle><![CDATA[dataStyleClass1]]></DataStyle><Prefix /><FldColor /><SubLabelStyle /><DisplayMask><![CDATA[#.####]]></DisplayMask><DurationDisplayTokens /><CActions><CAction Seq="-1" SeqId="1" ActTypeId="7" ActType="0" Visible="0" Active="0" SingleSelect="0" PermAssoc="0" SaveOnPopup="0" ActionViewType="3"><ActLabel><![CDATA[onClick]]></ActLabel><TempAssociation /><AccessKey /><PopupGUIName><![CDATA[triReserveAccountDetails]]></PopupGUIName><PopupGUIModName><![CDATA[triActionForm]]></PopupGUIModName></CAction></CActions></Field><Field FId="80" SRow="2" RSpan="1" SCol="2" CSpan="1" NoLabel="0" Size="-1" ROnly="1" Border="0" Visible="1" ShowUom="1" GroupSeq="0" Width="0" TabOrder="0" MinSize="0" MaxSize="0" FldPos="2" DAlign="2" UIType="-1" AtrSeq="1043" IconPos="0" ScoreType="0" HierarchicalParentFieldId="0" DefaultHierarchicalState="0" DeltaType="0" DeltaPrecision="0" UseCustomDisplay="0" ColumnUse="0" TextNoWrap="1" SmartSectionLocatorEnabled="0"><Name><![CDATA[triEstimatedLayoutCostNU]]></Name><Type><![CDATA[Number]]></Type><Label><![CDATA[Layout Cost]]></Label><Required><![CDATA[N]]></Required><DDFieldName><![CDATA[triEstimatedLayoutCostNU]]></DDFieldName><DDFldSecName><![CDATA[General]]></DDFldSecName><LFont><![CDATA[Trebuchet MS]]></LFont><LColor><![CDATA[#000000]]></LColor><LSize><![CDATA[10]]></LSize><LWeight><![CDATA[bold]]></LWeight><SubType /><Format /><LabStyle><![CDATA[labelStyleClass1]]></LabStyle><DataStyle><![CDATA[dataStyleClass1]]></DataStyle><Prefix /><FldColor /><SubLabelStyle /><DisplayMask><![CDATA[#.####]]></DisplayMask><DurationDisplayTokens /></Field><Field FId="81" SRow="3" RSpan="1" SCol="1" CSpan="1" NoLabel="0" Size="-1" ROnly="1" Border="0" Visible="1" ShowUom="1" GroupSeq="0" Width="0" TabOrder="0" MinSize="0" MaxSize="0" FldPos="2" DAlign="2" UIType="-1" AtrSeq="1045" IconPos="0" ScoreType="0" HierarchicalParentFieldId="0" DefaultHierarchicalState="0" DeltaType="0" DeltaPrecision="0" UseCustomDisplay="0" ColumnUse="0" TextNoWrap="1" SmartSectionLocatorEnabled="0"><Name><![CDATA[triEstimatedFoodCostNU]]></Name><Type><![CDATA[Number]]></Type><Label><![CDATA[Food Cost]]></Label><Required><![CDATA[N]]></Required><DDFieldName><![CDATA[triEstimatedFoodCostNU]]></DDFieldName><DDFldSecName><![CDATA[General]]></DDFldSecName><LFont><![CDATA[Trebuchet MS]]></LFont><LColor><![CDATA[#000000]]></LColor><LSize><![CDATA[10]]></LSize><LWeight><![CDATA[bold]]></LWeight><SubType /><Format /><LabStyle><![CDATA[labelStyleClass1]]></LabStyle><DataStyle><![CDATA[dataStyleClass1]]></DataStyle><Prefix /><FldColor /><SubLabelStyle /><DisplayMask><![CDATA[#.####]]></DisplayMask><DurationDisplayTokens /></Field><Field FId="82" SRow="4" RSpan="1" SCol="2" CSpan="1" NoLabel="0" Size="-1" ROnly="1" Border="0" Visible="1" ShowUom="1" GroupSeq="0" Width="0" TabOrder="0" MinSize="0" MaxSize="0" FldPos="2" DAlign="2" UIType="-1" AtrSeq="1047" IconPos="0" ScoreType="0" HierarchicalParentFieldId="0" DefaultHierarchicalState="0" DeltaType="0" DeltaPrecision="0" UseCustomDisplay="0" ColumnUse="0" TextNoWrap="1" SmartSectionLocatorEnabled="0"><Name><![CDATA[triEstimatedDependentCostNU]]></Name><Type><![CDATA[Number]]></Type><Label><![CDATA[Other Cost]]></Label><Required><![CDATA[N]]></Required><DDFieldName><![CDATA[triEstimatedDependentCostNU]]></DDFieldName><DDFldSecName><![CDATA[General]]></DDFldSecName><LFont><![CDATA[Trebuchet MS]]></LFont><LColor><![CDATA[#000000]]></LColor><LSize><![CDATA[10]]></LSize><LWeight><![CDATA[bold]]></LWeight><SubType /><Format /><LabStyle><![CDATA[labelStyleClass1]]></LabStyle><DataStyle><![CDATA[dataStyleClass1]]></DataStyle><Prefix /><FldColor /><SubLabelStyle /><DisplayMask><![CDATA[#.####]]></DisplayMask><DurationDisplayTokens /></Field><Field FId="83" SRow="5" RSpan="1" SCol="1" CSpan="1" NoLabel="0" Size="-1" ROnly="1" Border="0" Visible="1" ShowUom="1" GroupSeq="0" Width="0" TabOrder="0" MinSize="0" MaxSize="0" FldPos="2" DAlign="2" UIType="-1" AtrSeq="1049" IconPos="0" ScoreType="0" HierarchicalParentFieldId="0" DefaultHierarchicalState="0" DeltaType="0" DeltaPrecision="0" UseCustomDisplay="0" ColumnUse="0" TextNoWrap="1" SmartSectionLocatorEnabled="0"><Name><![CDATA[triEstimatedTotalCostNU]]></Name><Type><![CDATA[Number]]></Type><Label><![CDATA[Total Cost]]></Label><Required><![CDATA[N]]></Required><DDFieldName><![CDATA[triEstimatedTotalCostNU]]></DDFieldName><DDFldSecName><![CDATA[General]]></DDFldSecName><LFont><![CDATA[Trebuchet MS]]></LFont><LColor><![CDATA[#000000]]></LColor><LSize><![CDATA[10]]></LSize><LWeight><![CDATA[bold]]></LWeight><SubType /><Format /><LabStyle><![CDATA[labelStyleClass1]]></LabStyle><DataStyle><![CDATA[dataStyleClass1]]></DataStyle><Prefix /><FldColor /><SubLabelStyle /><DisplayMask><![CDATA[#.####]]></DisplayMask><DurationDisplayTokens /></Field></Fields></Section><Section SId="18" Type="0" Seq="0" SRow="3" SCol="7" RSpan="1" CSpan="6" Visible="1" ROnly="0" ShowEmbeddedLink="0" ParentSecId="-1" ShowHdr="1" BorderSize="0" Height="0" Input="0" ShowAdd="0" FinRep="0" SingleSelect="0" SelectAssociationTemp="0" RefreshTime="0" FixedColCnt="0" HierarchyFieldsSection="0" ComparisonSection="0" PrinterFriendlyLink="0" SmartQueryFormat="0" Orientation="0" MaxViewMode="16" ViewModesEnabled="150" DefaultViewMode="16" ShowTimeSelector="0" EnableTimeSelectorEdit="0" EnableResourceSelect="0" ResourceSelectCreateAssociation="0" lockGraphicTheme="0" autoZoom="0" zoomPercent="100" zoomDelay="0" allowDelete="1" LoadAppletWhenSectionLoads="1"><Name><![CDATA[triActualCosts]]></Name><Label><![CDATA[Actual Costs]]></Label><Association /><SelectAssociation /><DDSecName /><BGround /><TitleColor /><BorderColor /><SStyle /><ComparisonAssociation /><CalendarSetName /><contextOverride /><ThemeName /><Fields><Field FId="84" SRow="1" RSpan="1" SCol="1" CSpan="1" NoLabel="0" Size="-1" ROnly="1" Border="0" Visible="1" ShowUom="1" GroupSeq="0" Width="0" TabOrder="0" MinSize="0" MaxSize="0" FldPos="2" DAlign="2" UIType="-1" AtrSeq="1032" IconPos="0" ScoreType="0" HierarchicalParentFieldId="0" DefaultHierarchicalState="0" DeltaType="0" DeltaPrecision="0" UseCustomDisplay="0" ColumnUse="0" TextNoWrap="1" SmartSectionLocatorEnabled="0"><Name><![CDATA[triActualUsageCostNU]]></Name><Type><![CDATA[Number]]></Type><Label><![CDATA[Usage Cost]]></Label><Required><![CDATA[N]]></Required><DDFieldName><![CDATA[triActualUsageCostNU]]></DDFieldName><DDFldSecName><![CDATA[General]]></DDFldSecName><LFont><![CDATA[Trebuchet MS]]></LFont><LColor><![CDATA[#000000]]></LColor><LSize><![CDATA[10]]></LSize><LWeight><![CDATA[bold]]></LWeight><SubType /><Format /><LabStyle><![CDATA[labelStyleClass1]]></LabStyle><DataStyle><![CDATA[dataStyleClass1]]></DataStyle><Prefix /><FldColor /><SubLabelStyle /><DisplayMask><![CDATA[#.####]]></DisplayMask><DurationDisplayTokens /></Field><Field FId="85" SRow="2" RSpan="1" SCol="2" CSpan="1" NoLabel="0" Size="-1" ROnly="1" Border="0" Visible="1" ShowUom="1" GroupSeq="0" Width="0" TabOrder="0" MinSize="0" MaxSize="0" FldPos="2" DAlign="2" UIType="-1" AtrSeq="1038" IconPos="0" ScoreType="0" HierarchicalParentFieldId="0" DefaultHierarchicalState="0" DeltaType="0" DeltaPrecision="0" UseCustomDisplay="0" ColumnUse="0" TextNoWrap="1" SmartSectionLocatorEnabled="0"><Name><![CDATA[triActualLayoutCostNU]]></Name><Type><![CDATA[Number]]></Type><Label><![CDATA[Layout Cost]]></Label><Required><![CDATA[N]]></Required><DDFieldName><![CDATA[triActualLayoutCostNU]]></DDFieldName><DDFldSecName><![CDATA[General]]></DDFldSecName><LFont><![CDATA[Trebuchet MS]]></LFont><LColor><![CDATA[#000000]]></LColor><LSize><![CDATA[10]]></LSize><LWeight><![CDATA[bold]]></LWeight><SubType /><Format /><LabStyle><![CDATA[labelStyleClass1]]></LabStyle><DataStyle><![CDATA[dataStyleClass1]]></DataStyle><Prefix /><FldColor /><SubLabelStyle /><DisplayMask><![CDATA[#.####]]></DisplayMask><DurationDisplayTokens /></Field><Field FId="86" SRow="3" RSpan="1" SCol="1" CSpan="1" NoLabel="0" Size="-1" ROnly="1" Border="0" Visible="1" ShowUom="1" GroupSeq="0" Width="0" TabOrder="0" MinSize="0" MaxSize="0" FldPos="2" DAlign="2" UIType="-1" AtrSeq="1034" IconPos="0" ScoreType="0" HierarchicalParentFieldId="0" DefaultHierarchicalState="0" DeltaType="0" DeltaPrecision="0" UseCustomDisplay="0" ColumnUse="0" TextNoWrap="1" SmartSectionLocatorEnabled="0"><Name><![CDATA[triActualFoodCostNU]]></Name><Type><![CDATA[Number]]></Type><Label><![CDATA[Food Cost]]></Label><Required><![CDATA[N]]></Required><DDFieldName><![CDATA[triActualFoodCostNU]]></DDFieldName><DDFldSecName><![CDATA[General]]></DDFldSecName><LFont><![CDATA[Trebuchet MS]]></LFont><LColor><![CDATA[#000000]]></LColor><LSize><![CDATA[10]]></LSize><LWeight><![CDATA[bold]]></LWeight><SubType /><Format /><LabStyle><![CDATA[labelStyleClass1]]></LabStyle><DataStyle><![CDATA[dataStyleClass1]]></DataStyle><Prefix /><FldColor /><SubLabelStyle /><DisplayMask><![CDATA[#.####]]></DisplayMask><DurationDisplayTokens /></Field><Field FId="87" SRow="4" RSpan="1" SCol="2" CSpan="1" NoLabel="0" Size="-1" ROnly="1" Border="0" Visible="1" ShowUom="1" GroupSeq="0" Width="0" TabOrder="0" MinSize="0" MaxSize="0" FldPos="2" DAlign="2" UIType="-1" AtrSeq="1036" IconPos="0" ScoreType="0" HierarchicalParentFieldId="0" DefaultHierarchicalState="0" DeltaType="0" DeltaPrecision="0" UseCustomDisplay="0" ColumnUse="0" TextNoWrap="1" SmartSectionLocatorEnabled="0"><Name><![CDATA[triActualDependentCostNU]]></Name><Type><![CDATA[Number]]></Type><Label><![CDATA[Other Cost]]></Label><Required><![CDATA[N]]></Required><DDFieldName><![CDATA[triActualDependentCostNU]]></DDFieldName><DDFldSecName><![CDATA[General]]></DDFldSecName><LFont><![CDATA[Trebuchet MS]]></LFont><LColor><![CDATA[#000000]]></LColor><LSize><![CDATA[10]]></LSize><LWeight><![CDATA[bold]]></LWeight><SubType /><Format /><LabStyle><![CDATA[labelStyleClass1]]></LabStyle><DataStyle><![CDATA[dataStyleClass1]]></DataStyle><Prefix /><FldColor /><SubLabelStyle /><DisplayMask><![CDATA[#.####]]></DisplayMask><DurationDisplayTokens /></Field><Field FId="88" SRow="5" RSpan="1" SCol="1" CSpan="1" NoLabel="0" Size="-1" ROnly="1" Border="0" Visible="1" ShowUom="1" GroupSeq="0" Width="0" TabOrder="0" MinSize="0" MaxSize="0" FldPos="2" DAlign="2" UIType="-1" AtrSeq="1040" IconPos="0" ScoreType="0" HierarchicalParentFieldId="0" DefaultHierarchicalState="0" DeltaType="0" DeltaPrecision="0" UseCustomDisplay="0" ColumnUse="0" TextNoWrap="1" SmartSectionLocatorEnabled="0"><Name><![CDATA[triActualTotalCostNU]]></Name><Type><![CDATA[Number]]></Type><Label><![CDATA[Total Cost]]></Label><Required><![CDATA[N]]></Required><DDFieldName><![CDATA[triActualTotalCostNU]]></DDFieldName><DDFldSecName><![CDATA[General]]></DDFldSecName><LFont><![CDATA[Trebuchet MS]]></LFont><LColor><![CDATA[#000000]]></LColor><LSize><![CDATA[10]]></LSize><LWeight><![CDATA[bold]]></LWeight><SubType /><Format /><LabStyle><![CDATA[labelStyleClass1]]></LabStyle><DataStyle><![CDATA[dataStyleClass1]]></DataStyle><Prefix /><FldColor /><SubLabelStyle /><DisplayMask><![CDATA[#.####]]></DisplayMask><DurationDisplayTokens /></Field></Fields></Section><Section SId="8" Type="7" Seq="0" SRow="4" SCol="1" RSpan="1" CSpan="12" Visible="1" ROnly="0" ShowEmbeddedLink="0" ParentSecId="-1" ShowHdr="1" BorderSize="0" Height="0" Input="0" ShowAdd="0" FinRep="1" SingleSelect="0" SelectAssociationTemp="0" RefreshTime="0" FixedColCnt="0" HierarchyFieldsSection="0" ComparisonSection="0" PrinterFriendlyLink="0" SmartQueryFormat="0" Orientation="0" MaxViewMode="16" ViewModesEnabled="-1" DefaultViewMode="16" ShowTimeSelector="0" EnableTimeSelectorEdit="0" EnableResourceSelect="0" ResourceSelectCreateAssociation="0" lockGraphicTheme="0" autoZoom="0" zoomPercent="100" zoomDelay="0" allowDelete="1" LoadAppletWhenSectionLoads="1"><Name><![CDATA[triResourceLogs]]></Name><Label><![CDATA[Resource Logs]]></Label><Association /><SelectAssociation><![CDATA[sectionCustomAction]]></SelectAssociation><DDSecName /><BGround /><TitleColor /><BorderColor /><SStyle /><ComparisonAssociation /><CalendarSetName /><contextOverride /><ThemeName /><SecSrcName><![CDATA[triReservationInstance - Display - Resource Logs]]></SecSrcName><SecSrcBOName><![CDATA[triReservationInstance]]></SecSrcBOName><SecSrcModName><![CDATA[triReservation]]></SecSrcModName><CActions><CAction Seq="1" SeqId="1" ActTypeId="1" ActType="1" Visible="0" Active="0" SingleSelect="0" PermAssoc="0" SaveOnPopup="0" ActionViewType="3"><ActLabel /><TempAssociation /><AccessKey /><PopupName><![CDATA[/html/en/default/common/breakOutWithHeaders.jsp?winName=/WebProcess.srv?objectId=840000&actionId=750812]]></PopupName></CAction><CAction Seq="2" SeqId="2" ActTypeId="1" ActType="0" Visible="0" Active="0" SingleSelect="0" PermAssoc="0" SaveOnPopup="0" ActionViewType="3"><ActLabel /><TempAssociation /><AccessKey /><PopupName><![CDATA[javascript:postHiddenForm('750000','750230','-1','-1', 0,'8')]]></PopupName></CAction></CActions></Section><Section SId="14" Type="7" Seq="0" SRow="5" SCol="1" RSpan="1" CSpan="12" Visible="1" ROnly="0" ShowEmbeddedLink="0" ParentSecId="-1" ShowHdr="1" BorderSize="0" Height="5" Input="0" ShowAdd="0" FinRep="1" SingleSelect="0" SelectAssociationTemp="0" RefreshTime="0" FixedColCnt="0" HierarchyFieldsSection="0" ComparisonSection="0" PrinterFriendlyLink="0" SmartQueryFormat="0" Orientation="0" MaxViewMode="16" ViewModesEnabled="-1" DefaultViewMode="16" ShowTimeSelector="0" EnableTimeSelectorEdit="0" EnableResourceSelect="0" ResourceSelectCreateAssociation="0" lockGraphicTheme="0" autoZoom="0" zoomPercent="100" zoomDelay="0" allowDelete="1" LoadAppletWhenSectionLoads="1"><Name><![CDATA[triTasks]]></Name><Label><![CDATA[Tasks]]></Label><Association /><SelectAssociation><![CDATA[Selected]]></SelectAssociation><DDSecName /><BGround /><TitleColor /><BorderColor /><SStyle /><ComparisonAssociation /><CalendarSetName /><contextOverride /><ThemeName /><SecSrcName><![CDATA[triReserveWorkTask - Display - Associated To triReservationInstance]]></SecSrcName><SecSrcBOName><![CDATA[triReserveWorkTask]]></SecSrcBOName><SecSrcModName><![CDATA[triTask]]></SecSrcModName><CActions><CAction Seq="1" SeqId="1" ActTypeId="1" ActType="1" Visible="0" Active="0" SingleSelect="0" PermAssoc="0" SaveOnPopup="0" ActionViewType="3"><ActLabel /><TempAssociation /><AccessKey /><PopupName><![CDATA[/html/en/default/common/breakOutWithHeaders.jsp?winName=/WebProcess.srv?objectId=840000&actionId=750812]]></PopupName></CAction><CAction Seq="2" SeqId="2" ActTypeId="1" ActType="0" Visible="0" Active="0" SingleSelect="0" PermAssoc="0" SaveOnPopup="0" ActionViewType="3"><ActLabel /><TempAssociation /><AccessKey /><PopupName><![CDATA[javascript:postHiddenForm('750000','750230','-1','-1', 0,'8')]]></PopupName></CAction></CActions></Section><Section SId="16" Type="7" Seq="0" SRow="6" SCol="1" RSpan="1" CSpan="12" Visible="1" ROnly="0" ShowEmbeddedLink="0" ParentSecId="-1" ShowHdr="1" BorderSize="0" Height="8" Input="0" ShowAdd="0" FinRep="1" SingleSelect="0" SelectAssociationTemp="0" RefreshTime="0" FixedColCnt="0" HierarchyFieldsSection="0" ComparisonSection="0" PrinterFriendlyLink="0" SmartQueryFormat="0" Orientation="0" MaxViewMode="16" ViewModesEnabled="-1" DefaultViewMode="16" ShowTimeSelector="0" EnableTimeSelectorEdit="0" EnableResourceSelect="0" ResourceSelectCreateAssociation="0" lockGraphicTheme="0" autoZoom="0" zoomPercent="100" zoomDelay="0" allowDelete="1" LoadAppletWhenSectionLoads="1"><Name><![CDATA[triServiceOrders]]></Name><Label><![CDATA[Food Orders]]></Label><Association /><SelectAssociation><![CDATA[Selected]]></SelectAssociation><DDSecName /><BGround /><TitleColor /><BorderColor /><SStyle /><ComparisonAssociation /><CalendarSetName /><contextOverride /><AlternateFormName><![CDATA[triReservation]]></AlternateFormName><ThemeName /><SecSrcName><![CDATA[triFoodServiceLineItem - Display - Food Service Orders - Associated to triReservationInstance]]></SecSrcName><SecSrcBOName><![CDATA[triFoodServiceLineItem]]></SecSrcBOName><SecSrcModName><![CDATA[triItem]]></SecSrcModName><CActions><CAction Seq="1" SeqId="1" ActTypeId="1" ActType="1" Visible="0" Active="0" SingleSelect="0" PermAssoc="0" SaveOnPopup="0" ActionViewType="3"><ActLabel /><TempAssociation /><AccessKey /><PopupName><![CDATA[/html/en/default/common/breakOutWithHeaders.jsp?winName=/WebProcess.srv?objectId=840000&actionId=750812]]></PopupName></CAction><CAction Seq="2" SeqId="2" ActTypeId="1" ActType="0" Visible="0" Active="0" SingleSelect="0" PermAssoc="0" SaveOnPopup="0" ActionViewType="3"><ActLabel /><TempAssociation /><AccessKey /><PopupName><![CDATA[javascript:postHiddenForm('750000','750230','-1','-1', 0,'8')]]></PopupName></CAction></CActions></Section><Section SId="15" Type="7" Seq="0" SRow="7" SCol="1" RSpan="1" CSpan="12" Visible="1" ROnly="0" ShowEmbeddedLink="0" ParentSecId="-1" ShowHdr="1" BorderSize="0" Height="8" Input="0" ShowAdd="0" FinRep="1" SingleSelect="0" SelectAssociationTemp="0" RefreshTime="0" FixedColCnt="0" HierarchyFieldsSection="0" ComparisonSection="0" PrinterFriendlyLink="0" SmartQueryFormat="0" Orientation="0" MaxViewMode="16" ViewModesEnabled="-1" DefaultViewMode="16" ShowTimeSelector="0" EnableTimeSelectorEdit="0" EnableResourceSelect="0" ResourceSelectCreateAssociation="0" lockGraphicTheme="0" autoZoom="0" zoomPercent="100" zoomDelay="0" allowDelete="1" LoadAppletWhenSectionLoads="1"><Name><![CDATA[triPurchaseOrders]]></Name><Label><![CDATA[Purchase Orders]]></Label><Association /><SelectAssociation><![CDATA[Selected]]></SelectAssociation><DDSecName /><BGround /><TitleColor /><BorderColor /><SStyle /><ComparisonAssociation /><CalendarSetName /><contextOverride /><ThemeName /><SecSrcName><![CDATA[triPurchaseOrder - Display - triReservationInstance - Purchase Orders]]></SecSrcName><SecSrcBOName><![CDATA[triPurchaseOrder]]></SecSrcBOName><SecSrcModName><![CDATA[triContract]]></SecSrcModName><CActions><CAction Seq="1" SeqId="1" ActTypeId="1" ActType="1" Visible="0" Active="0" SingleSelect="0" PermAssoc="0" SaveOnPopup="0" ActionViewType="3"><ActLabel /><TempAssociation /><AccessKey /><PopupName><![CDATA[/html/en/default/common/breakOutWithHeaders.jsp?winName=/WebProcess.srv?objectId=840000&actionId=750812]]></PopupName></CAction><CAction Seq="2" SeqId="2" ActTypeId="1" ActType="0" Visible="0" Active="0" SingleSelect="0" PermAssoc="0" SaveOnPopup="0" ActionViewType="3"><ActLabel /><TempAssociation /><AccessKey /><PopupName><![CDATA[javascript:postHiddenForm('750000','750230','-1','-1', 0,'8')]]></PopupName></CAction></CActions></Section></Sections></Tab><Tab TId="2" Seq="2" Visible="1" Custom="0"><TName><![CDATA[triSystem]]></TName><TLabel><![CDATA[System]]></TLabel><THeader><![CDATA[Optional]]></THeader><TComment><![CDATA[ Review the System Record Information.]]></TComment><TURL /><AccessKey /><TStyle /><Sections><Section SId="4" Type="0" Seq="0" SRow="0" SCol="1" RSpan="1" CSpan="12" Visible="0" ROnly="1" ShowEmbeddedLink="0" ParentSecId="-1" ShowHdr="1" BorderSize="0" Height="0" Input="0" ShowAdd="0" FinRep="0" SingleSelect="0" SelectAssociationTemp="0" RefreshTime="0" FixedColCnt="0" HierarchyFieldsSection="0" ComparisonSection="0" PrinterFriendlyLink="0" SmartQueryFormat="0" Orientation="0" MaxViewMode="0" ViewModesEnabled="0" DefaultViewMode="0" ShowTimeSelector="0" EnableTimeSelectorEdit="0" EnableResourceSelect="0" ResourceSelectCreateAssociation="0" lockGraphicTheme="0" autoZoom="0" zoomPercent="100" zoomDelay="0" allowDelete="1" LoadAppletWhenSectionLoads="1"><Name><![CDATA[triUserMessage]]></Name><Label><![CDATA[Attention!]]></Label><Association /><SelectAssociation /><DDSecName /><BGround /><TitleColor><![CDATA[#FFFF99]]></TitleColor><BorderColor /><SStyle /><ComparisonAssociation /><CalendarSetName /><contextOverride /><ThemeName /><Fields><Field FId="40" SRow="1" RSpan="3" SCol="1" CSpan="2" NoLabel="1" Size="-1" ROnly="1" Border="0" Visible="1" ShowUom="0" GroupSeq="0" Width="100" TabOrder="0" MinSize="0" MaxSize="0" FldPos="2" DAlign="0" UIType="-1" AtrSeq="1005" IconPos="0" ScoreType="0" HierarchicalParentFieldId="0" DefaultHierarchicalState="0" DeltaType="0" DeltaPrecision="0" UseCustomDisplay="0" ColumnUse="0" TextNoWrap="1" SmartSectionLocatorEnabled="0"><Name><![CDATA[triUserMessageTX]]></Name><Type><![CDATA[Text]]></Type><Label><![CDATA[Attention!]]></Label><Required><![CDATA[N]]></Required><DDFieldName><![CDATA[triUserMessageTX]]></DDFieldName><DDFldSecName><![CDATA[General]]></DDFldSecName><LFont><![CDATA[Trebuchet]]></LFont><LColor><![CDATA[#000000]]></LColor><LSize><![CDATA[10]]></LSize><LWeight><![CDATA[bold]]></LWeight><SubType /><Format /><LabStyle><![CDATA[labelStyleClass2]]></LabStyle><DataStyle><![CDATA[labelStyleClass2]]></DataStyle><Prefix /><FldColor /><SubLabelStyle /><DisplayMask><![CDATA[#.####]]></DisplayMask><DurationDisplayTokens /></Field></Fields></Section><Section SId="5" Type="0" Seq="0" SRow="8" SCol="1" RSpan="1" CSpan="2" Visible="1" ROnly="0" ShowEmbeddedLink="0" ParentSecId="-1" ShowHdr="1" BorderSize="0" Height="0" Input="0" ShowAdd="0" FinRep="0" SingleSelect="0" SelectAssociationTemp="0" RefreshTime="0" FixedColCnt="0" HierarchyFieldsSection="0" ComparisonSection="0" PrinterFriendlyLink="0" SmartQueryFormat="0" Orientation="0" MaxViewMode="16" ViewModesEnabled="-1" DefaultViewMode="16" ShowTimeSelector="0" EnableTimeSelectorEdit="0" EnableResourceSelect="0" ResourceSelectCreateAssociation="0" lockGraphicTheme="0" autoZoom="0" zoomPercent="100" zoomDelay="0" allowDelete="1" LoadAppletWhenSectionLoads="1"><Name><![CDATA[triRecordInformation]]></Name><Label><![CDATA[Record Information]]></Label><Association /><SelectAssociation /><DDSecName /><BGround /><TitleColor /><BorderColor /><SStyle /><ComparisonAssociation /><CalendarSetName /><contextOverride /><ThemeName /><Fields><Field FId="41" SRow="1" RSpan="1" SCol="1" CSpan="2" NoLabel="0" Size="-1" ROnly="0" Border="1" Visible="1" ShowUom="0" GroupSeq="0" Width="100" TabOrder="0" MinSize="0" MaxSize="0" FldPos="0" DAlign="0" UIType="-1" AtrSeq="112" IconPos="0" ScoreType="0" HierarchicalParentFieldId="0" DefaultHierarchicalState="0" DeltaType="0" DeltaPrecision="0" UseCustomDisplay="0" ColumnUse="0" TextNoWrap="1" SmartSectionLocatorEnabled="0"><Name><![CDATA[GeographyName]]></Name><Type><![CDATA[Smart Object]]></Type><Label><![CDATA[System Geography]]></Label><Required><![CDATA[N]]></Required><DDFieldName><![CDATA[GeographyName]]></DDFieldName><DDFldSecName><![CDATA[General]]></DDFldSecName><LFont><![CDATA[Trebuchet]]></LFont><LColor><![CDATA[#000000]]></LColor><LSize><![CDATA[10]]></LSize><LWeight><![CDATA[bold]]></LWeight><SubType /><Format /><LabStyle><![CDATA[labelStyleClass1]]></LabStyle><DataStyle><![CDATA[dataStyleClass1]]></DataStyle><Prefix /><FldColor /><SubLabelStyle /><DisplayMask><![CDATA[#.####]]></DisplayMask><DurationDisplayTokens /></Field><Field FId="42" SRow="2" RSpan="1" SCol="1" CSpan="2" NoLabel="0" Size="-1" ROnly="0" Border="1" Visible="1" ShowUom="0" GroupSeq="0" Width="100" TabOrder="0" MinSize="0" MaxSize="0" FldPos="0" DAlign="0" UIType="-1" AtrSeq="110" IconPos="0" ScoreType="0" HierarchicalParentFieldId="0" DefaultHierarchicalState="0" DeltaType="0" DeltaPrecision="0" UseCustomDisplay="0" ColumnUse="0" TextNoWrap="1" SmartSectionLocatorEnabled="0"><Name><![CDATA[LocationName]]></Name><Type><![CDATA[Smart Object]]></Type><Label><![CDATA[System Location]]></Label><Required><![CDATA[N]]></Required><DDFieldName><![CDATA[LocationName]]></DDFieldName><DDFldSecName><![CDATA[General]]></DDFldSecName><LFont><![CDATA[Trebuchet]]></LFont><LColor><![CDATA[#000000]]></LColor><LSize><![CDATA[10]]></LSize><LWeight><![CDATA[bold]]></LWeight><SubType /><Format /><LabStyle><![CDATA[labelStyleClass1]]></LabStyle><DataStyle><![CDATA[dataStyleClass1]]></DataStyle><Prefix /><FldColor /><SubLabelStyle /><DisplayMask><![CDATA[#.####]]></DisplayMask><DurationDisplayTokens /></Field><Field FId="43" SRow="3" RSpan="1" SCol="1" CSpan="2" NoLabel="0" Size="-1" ROnly="0" Border="1" Visible="1" ShowUom="0" GroupSeq="0" Width="100" TabOrder="0" MinSize="0" MaxSize="0" FldPos="0" DAlign="0" UIType="-1" AtrSeq="111" IconPos="0" ScoreType="0" HierarchicalParentFieldId="0" DefaultHierarchicalState="0" DeltaType="0" DeltaPrecision="0" UseCustomDisplay="0" ColumnUse="0" TextNoWrap="1" SmartSectionLocatorEnabled="0"><Name><![CDATA[OrgName]]></Name><Type><![CDATA[Smart Object]]></Type><Label><![CDATA[System Organization]]></Label><Required><![CDATA[N]]></Required><DDFieldName><![CDATA[OrgName]]></DDFieldName><DDFldSecName><![CDATA[General]]></DDFldSecName><LFont><![CDATA[Trebuchet]]></LFont><LColor><![CDATA[#000000]]></LColor><LSize><![CDATA[10]]></LSize><LWeight><![CDATA[bold]]></LWeight><SubType /><Format /><LabStyle><![CDATA[labelStyleClass1]]></LabStyle><DataStyle><![CDATA[dataStyleClass1]]></DataStyle><Prefix /><FldColor /><SubLabelStyle /><DisplayMask><![CDATA[#.####]]></DisplayMask><DurationDisplayTokens /></Field><Field FId="44" SRow="4" RSpan="1" SCol="1" CSpan="1" NoLabel="0" Size="-1" ROnly="0" Border="1" Visible="1" ShowUom="0" GroupSeq="0" Width="100" TabOrder="0" MinSize="0" MaxSize="0" FldPos="0" DAlign="0" UIType="1" AtrSeq="1022" IconPos="0" ScoreType="0" HierarchicalParentFieldId="0" DefaultHierarchicalState="0" DeltaType="0" DeltaPrecision="0" UseCustomDisplay="0" ColumnUse="0" TextNoWrap="1" SmartSectionLocatorEnabled="0"><Name><![CDATA[triLanguageLI]]></Name><Type><![CDATA[List]]></Type><Label><![CDATA[Record Language]]></Label><Required><![CDATA[N]]></Required><DDFieldName><![CDATA[triLanguageLI]]></DDFieldName><DDFldSecName><![CDATA[General]]></DDFldSecName><LFont><![CDATA[Trebuchet]]></LFont><LColor><![CDATA[#000000]]></LColor><LSize><![CDATA[10]]></LSize><LWeight><![CDATA[bold]]></LWeight><SubType /><Format /><LabStyle><![CDATA[labelStyleClass1]]></LabStyle><DataStyle><![CDATA[dataStyleClass1]]></DataStyle><Prefix /><FldColor /><SubLabelStyle /><DisplayMask><![CDATA[#.####]]></DisplayMask><DurationDisplayTokens /></Field><Field FId="45" SRow="4" RSpan="1" SCol="2" CSpan="1" NoLabel="0" Size="-1" ROnly="1" Border="0" Visible="1" ShowUom="0" GroupSeq="0" Width="100" TabOrder="0" MinSize="0" MaxSize="0" FldPos="0" DAlign="0" UIType="-1" AtrSeq="1060" IconPos="0" ScoreType="0" HierarchicalParentFieldId="0" DefaultHierarchicalState="0" DeltaType="0" DeltaPrecision="0" UseCustomDisplay="0" ColumnUse="0" TextNoWrap="1" SmartSectionLocatorEnabled="0"><Name><![CDATA[triFormLabelSY]]></Name><Type><![CDATA[System Read Only]]></Type><Label><![CDATA[Record Form]]></Label><Required><![CDATA[N]]></Required><DDFieldName><![CDATA[triFormLabelSY]]></DDFieldName><DDFldSecName><![CDATA[General]]></DDFldSecName><LFont><![CDATA[Trebuchet]]></LFont><LColor><![CDATA[#000000]]></LColor><LSize><![CDATA[10]]></LSize><LWeight><![CDATA[bold]]></LWeight><SubType><![CDATA[GUI Label]]></SubType><Format /><LabStyle><![CDATA[labelStyleClass1]]></LabStyle><DataStyle><![CDATA[dataStyleClass1]]></DataStyle><Prefix /><FldColor /><SubLabelStyle /><DisplayMask><![CDATA[#.####]]></DisplayMask><DurationDisplayTokens /></Field><Field FId="46" SRow="5" RSpan="1" SCol="1" CSpan="1" NoLabel="0" Size="-1" ROnly="1" Border="0" Visible="1" ShowUom="0" GroupSeq="0" Width="100" TabOrder="0" MinSize="0" MaxSize="0" FldPos="0" DAlign="0" UIType="-1" AtrSeq="1008" IconPos="0" ScoreType="0" HierarchicalParentFieldId="0" DefaultHierarchicalState="0" DeltaType="0" DeltaPrecision="0" UseCustomDisplay="0" ColumnUse="0" TextNoWrap="1" SmartSectionLocatorEnabled="0"><Name><![CDATA[triBusinessObjectLabelSY]]></Name><Type><![CDATA[System Read Only]]></Type><Label><![CDATA[Business Object Label]]></Label><Required><![CDATA[N]]></Required><DDFieldName><![CDATA[triBusinessObjectLabelSY]]></DDFieldName><DDFldSecName><![CDATA[General]]></DDFldSecName><LFont><![CDATA[Trebuchet]]></LFont><LColor><![CDATA[#000000]]></LColor><LSize><![CDATA[10]]></LSize><LWeight><![CDATA[bold]]></LWeight><SubType><![CDATA[BO Label]]></SubType><Format /><LabStyle><![CDATA[labelStyleClass1]]></LabStyle><DataStyle><![CDATA[dataStyleClass1]]></DataStyle><Prefix /><FldColor /><SubLabelStyle /><DisplayMask><![CDATA[#.####]]></DisplayMask><DurationDisplayTokens /></Field><Field FId="47" SRow="5" RSpan="1" SCol="2" CSpan="1" NoLabel="0" Size="-1" ROnly="1" Border="0" Visible="1" ShowUom="0" GroupSeq="0" Width="100" TabOrder="0" MinSize="0" MaxSize="0" FldPos="0" DAlign="0" UIType="-1" AtrSeq="1001" IconPos="0" ScoreType="0" HierarchicalParentFieldId="0" DefaultHierarchicalState="0" DeltaType="0" DeltaPrecision="0" UseCustomDisplay="0" ColumnUse="0" TextNoWrap="1" SmartSectionLocatorEnabled="0"><Name><![CDATA[triRecordNameSY]]></Name><Type><![CDATA[System Read Only]]></Type><Label><![CDATA[Record Name]]></Label><Required><![CDATA[N]]></Required><DDFieldName><![CDATA[triRecordNameSY]]></DDFieldName><DDFldSecName><![CDATA[General]]></DDFldSecName><LFont><![CDATA[Trebuchet]]></LFont><LColor><![CDATA[#000000]]></LColor><LSize><![CDATA[10]]></LSize><LWeight><![CDATA[bold]]></LWeight><SubType><![CDATA[Record Name]]></SubType><Format /><LabStyle><![CDATA[labelStyleClass1]]></LabStyle><DataStyle><![CDATA[dataStyleClass1]]></DataStyle><Prefix /><FldColor /><SubLabelStyle /><DisplayMask><![CDATA[#.####]]></DisplayMask><DurationDisplayTokens /></Field><Field FId="48" SRow="6" RSpan="1" SCol="1" CSpan="1" NoLabel="0" Size="-1" ROnly="1" Border="0" Visible="1" ShowUom="0" GroupSeq="0" Width="100" TabOrder="0" MinSize="0" MaxSize="0" FldPos="0" DAlign="0" UIType="-1" AtrSeq="1014" IconPos="0" ScoreType="0" HierarchicalParentFieldId="0" DefaultHierarchicalState="0" DeltaType="0" DeltaPrecision="0" UseCustomDisplay="0" ColumnUse="0" TextNoWrap="1" SmartSectionLocatorEnabled="0"><Name><![CDATA[triProjectNameSY]]></Name><Type><![CDATA[System Read Only]]></Type><Label><![CDATA[Project Name]]></Label><Required><![CDATA[N]]></Required><DDFieldName><![CDATA[triProjectNameSY]]></DDFieldName><DDFldSecName><![CDATA[General]]></DDFldSecName><LFont><![CDATA[Trebuchet]]></LFont><LColor><![CDATA[#000000]]></LColor><LSize><![CDATA[10]]></LSize><LWeight><![CDATA[bold]]></LWeight><SubType><![CDATA[Project Name]]></SubType><Format /><LabStyle><![CDATA[labelStyleClass1]]></LabStyle><DataStyle><![CDATA[dataStyleClass1]]></DataStyle><Prefix /><FldColor /><SubLabelStyle /><DisplayMask><![CDATA[#.####]]></DisplayMask><DurationDisplayTokens /></Field><Field FId="49" SRow="6" RSpan="1" SCol="2" CSpan="1" NoLabel="0" Size="-1" ROnly="1" Border="0" Visible="1" ShowUom="0" GroupSeq="0" Width="100" TabOrder="0" MinSize="0" MaxSize="0" FldPos="0" DAlign="0" UIType="-1" AtrSeq="1003" IconPos="0" ScoreType="0" HierarchicalParentFieldId="0" DefaultHierarchicalState="0" DeltaType="0" DeltaPrecision="0" UseCustomDisplay="0" ColumnUse="0" TextNoWrap="1" SmartSectionLocatorEnabled="0"><Name><![CDATA[triRecordStateSY]]></Name><Type><![CDATA[System Read Only]]></Type><Label><![CDATA[Record State]]></Label><Required><![CDATA[N]]></Required><DDFieldName><![CDATA[triRecordStateSY]]></DDFieldName><DDFldSecName><![CDATA[General]]></DDFldSecName><LFont><![CDATA[Trebuchet]]></LFont><LColor><![CDATA[#000000]]></LColor><LSize><![CDATA[10]]></LSize><LWeight><![CDATA[bold]]></LWeight><SubType><![CDATA[Object State]]></SubType><Format /><LabStyle><![CDATA[labelStyleClass1]]></LabStyle><DataStyle><![CDATA[dataStyleClass1]]></DataStyle><Prefix /><FldColor /><SubLabelStyle /><DisplayMask><![CDATA[#.####]]></DisplayMask><DurationDisplayTokens /></Field><Field FId="50" SRow="7" RSpan="1" SCol="1" CSpan="1" NoLabel="0" Size="-1" ROnly="1" Border="0" Visible="1" ShowUom="0" GroupSeq="0" Width="100" TabOrder="0" MinSize="0" MaxSize="0" FldPos="0" DAlign="0" UIType="-1" AtrSeq="1018" IconPos="0" ScoreType="0" HierarchicalParentFieldId="0" DefaultHierarchicalState="0" DeltaType="0" DeltaPrecision="0" UseCustomDisplay="0" ColumnUse="0" TextNoWrap="1" SmartSectionLocatorEnabled="0"><Name><![CDATA[triCreatedSY]]></Name><Type><![CDATA[System Read Only]]></Type><Label><![CDATA[Created Date/Time]]></Label><Required><![CDATA[N]]></Required><DDFieldName><![CDATA[triCreatedSY]]></DDFieldName><DDFldSecName><![CDATA[General]]></DDFldSecName><LFont><![CDATA[Trebuchet]]></LFont><LColor><![CDATA[#000000]]></LColor><LSize><![CDATA[10]]></LSize><LWeight><![CDATA[bold]]></LWeight><SubType><![CDATA[Created DateTime (Number)]]></SubType><Format /><LabStyle><![CDATA[labelStyleClass1]]></LabStyle><DataStyle><![CDATA[dataStyleClass1]]></DataStyle><Prefix /><FldColor /><SubLabelStyle /><DisplayMask><![CDATA[#.####]]></DisplayMask><DurationDisplayTokens /></Field><Field FId="51" SRow="7" RSpan="1" SCol="2" CSpan="1" NoLabel="0" Size="-1" ROnly="0" Border="1" Visible="1" ShowUom="0" GroupSeq="0" Width="100" TabOrder="0" MinSize="0" MaxSize="0" FldPos="0" DAlign="0" UIType="-1" AtrSeq="1023" IconPos="0" ScoreType="0" HierarchicalParentFieldId="0" DefaultHierarchicalState="0" DeltaType="0" DeltaPrecision="0" UseCustomDisplay="0" ColumnUse="0" TextNoWrap="1" SmartSectionLocatorEnabled="0"><Name><![CDATA[triModifiedByTX]]></Name><Type><![CDATA[Text]]></Type><Label><![CDATA[Modified By]]></Label><Required><![CDATA[N]]></Required><DDFieldName><![CDATA[triModifiedByTX]]></DDFieldName><DDFldSecName><![CDATA[General]]></DDFldSecName><LFont><![CDATA[Trebuchet]]></LFont><LColor><![CDATA[#000000]]></LColor><LSize><![CDATA[10]]></LSize><LWeight><![CDATA[bold]]></LWeight><SubType /><Format /><LabStyle><![CDATA[labelStyleClass1]]></LabStyle><DataStyle><![CDATA[dataStyleClass1]]></DataStyle><Prefix /><FldColor /><SubLabelStyle /><DisplayMask><![CDATA[#.####]]></DisplayMask><DurationDisplayTokens /><QryName><![CDATA[triPeople - Find - People (1279)]]></QryName><QryBoName><![CDATA[triPeople]]></QryBoName><QryModName><![CDATA[triPeople]]></QryModName></Field><Field FId="52" SRow="8" RSpan="1" SCol="1" CSpan="1" NoLabel="0" Size="-1" ROnly="1" Border="0" Visible="1" ShowUom="0" GroupSeq="0" Width="100" TabOrder="0" MinSize="0" MaxSize="0" FldPos="0" DAlign="0" UIType="-1" AtrSeq="1024" IconPos="0" ScoreType="0" HierarchicalParentFieldId="0" DefaultHierarchicalState="0" DeltaType="0" DeltaPrecision="0" UseCustomDisplay="0" ColumnUse="0" TextNoWrap="1" SmartSectionLocatorEnabled="0"><Name><![CDATA[triModifiedSY]]></Name><Type><![CDATA[System Read Only]]></Type><Label><![CDATA[Modified Date/Time]]></Label><Required><![CDATA[N]]></Required><DDFieldName><![CDATA[triModifiedSY]]></DDFieldName><DDFldSecName><![CDATA[General]]></DDFldSecName><LFont><![CDATA[Trebuchet]]></LFont><LColor><![CDATA[#000000]]></LColor><LSize><![CDATA[10]]></LSize><LWeight><![CDATA[bold]]></LWeight><SubType><![CDATA[Modified DateTime (Number)]]></SubType><Format /><LabStyle><![CDATA[labelStyleClass1]]></LabStyle><DataStyle><![CDATA[dataStyleClass1]]></DataStyle><Prefix /><FldColor /><SubLabelStyle /><DisplayMask><![CDATA[#.####]]></DisplayMask><DurationDisplayTokens /></Field><Field FId="109" SRow="8" RSpan="1" SCol="2" CSpan="1" NoLabel="0" Size="-1" ROnly="0" Border="0" Visible="1" ShowUom="0" GroupSeq="0" Width="0" TabOrder="0" MinSize="0" MaxSize="0" FldPos="2" DAlign="0" UIType="-1" AtrSeq="1093" IconPos="0" ScoreType="0" HierarchicalParentFieldId="0" DefaultHierarchicalState="0" DeltaType="0" DeltaPrecision="0" UseCustomDisplay="0" ColumnUse="0" TextNoWrap="1" SmartSectionLocatorEnabled="0"><Name><![CDATA[triFormNameTX]]></Name><Type><![CDATA[Text]]></Type><Label><![CDATA[Form Name]]></Label><Required><![CDATA[N]]></Required><DDFieldName><![CDATA[triFormNameTX]]></DDFieldName><DDFldSecName><![CDATA[General]]></DDFldSecName><LFont><![CDATA[Trebuchet MS]]></LFont><LColor><![CDATA[#000000]]></LColor><LSize><![CDATA[10]]></LSize><LWeight><![CDATA[bold]]></LWeight><SubType /><Format /><LabStyle><![CDATA[labelStyleClass1]]></LabStyle><DataStyle><![CDATA[dataStyleClass1]]></DataStyle><Prefix /><FldColor /><SubLabelStyle /><DisplayMask><![CDATA[#.####]]></DisplayMask><DurationDisplayTokens /></Field></Fields></Section><Section SId="19" Type="0" Seq="0" SRow="9" SCol="1" RSpan="1" CSpan="12" Visible="1" ROnly="1" ShowEmbeddedLink="0" ParentSecId="-1" ShowHdr="1" BorderSize="0" Height="0" Input="0" ShowAdd="0" FinRep="0" SingleSelect="0" SelectAssociationTemp="0" RefreshTime="0" FixedColCnt="0" HierarchyFieldsSection="0" ComparisonSection="0" PrinterFriendlyLink="0" SmartQueryFormat="0" Orientation="0" MaxViewMode="16" ViewModesEnabled="-1" DefaultViewMode="16" ShowTimeSelector="0" EnableTimeSelectorEdit="0" EnableResourceSelect="0" ResourceSelectCreateAssociation="0" lockGraphicTheme="0" autoZoom="0" zoomPercent="100" zoomDelay="0" allowDelete="1" LoadAppletWhenSectionLoads="1"><Name><![CDATA[triReserveSystem]]></Name><Label><![CDATA[Reserve]]></Label><Association /><SelectAssociation /><DDSecName /><BGround /><TitleColor /><BorderColor /><SStyle /><ComparisonAssociation /><CalendarSetName /><contextOverride /><ThemeName /><Fields><Field FId="93" SRow="1" RSpan="1" SCol="1" CSpan="1" NoLabel="0" Size="-1" ROnly="0" Border="0" Visible="1" ShowUom="0" GroupSeq="0" Width="0" TabOrder="0" MinSize="0" MaxSize="0" FldPos="2" DAlign="0" UIType="-1" AtrSeq="1011" IconPos="0" ScoreType="0" HierarchicalParentFieldId="0" DefaultHierarchicalState="0" DeltaType="0" DeltaPrecision="0" UseCustomDisplay="0" ColumnUse="0" TextNoWrap="1" SmartSectionLocatorEnabled="0"><Name><![CDATA[triConfirmationReminderDU]]></Name><Type><![CDATA[Duration]]></Type><Label><![CDATA[Confirmation Reminder Duration]]></Label><Required><![CDATA[N]]></Required><DDFieldName><![CDATA[triConfirmationReminderDU]]></DDFieldName><DDFldSecName><![CDATA[General]]></DDFldSecName><LFont><![CDATA[Trebuchet MS]]></LFont><LColor><![CDATA[#000000]]></LColor><LSize><![CDATA[10]]></LSize><LWeight><![CDATA[bold]]></LWeight><SubType /><Format /><LabStyle><![CDATA[labelStyleClass1]]></LabStyle><DataStyle><![CDATA[dataStyleClass1]]></DataStyle><Prefix /><FldColor /><SubLabelStyle /><DisplayMask><![CDATA[#.####]]></DisplayMask><DurationDisplayTokens /></Field><Field FId="94" SRow="1" RSpan="1" SCol="2" CSpan="1" NoLabel="0" Size="-1" ROnly="1" Border="0" Visible="1" ShowUom="0" GroupSeq="0" Width="0" TabOrder="0" MinSize="0" MaxSize="0" FldPos="2" DAlign="0" UIType="0" AtrSeq="1012" IconPos="0" ScoreType="0" HierarchicalParentFieldId="0" DefaultHierarchicalState="0" DeltaType="0" DeltaPrecision="0" UseCustomDisplay="0" ColumnUse="0" TextNoWrap="1" SmartSectionLocatorEnabled="0"><Name><![CDATA[triConfirmationReminderDT]]></Name><Type><![CDATA[Date and Time]]></Type><Label><![CDATA[Confirmation Reminder Date/Time]]></Label><Required><![CDATA[N]]></Required><DDFieldName><![CDATA[triConfirmationReminderDT]]></DDFieldName><DDFldSecName><![CDATA[General]]></DDFldSecName><LFont><![CDATA[Trebuchet MS]]></LFont><LColor><![CDATA[#000000]]></LColor><LSize><![CDATA[10]]></LSize><LWeight><![CDATA[Bold]]></LWeight><SubType /><Format /><LabStyle><![CDATA[labelStyleClass1]]></LabStyle><DataStyle><![CDATA[dataStyleClass1]]></DataStyle><Prefix /><FldColor /><SubLabelStyle /><DisplayMask><![CDATA[#.####]]></DisplayMask><DurationDisplayTokens /></Field><Field FId="95" SRow="2" RSpan="1" SCol="1" CSpan="1" NoLabel="0" Size="-1" ROnly="0" Border="0" Visible="1" ShowUom="0" GroupSeq="0" Width="0" TabOrder="0" MinSize="0" MaxSize="0" FldPos="2" DAlign="0" UIType="-1" AtrSeq="1061" IconPos="0" ScoreType="0" HierarchicalParentFieldId="0" DefaultHierarchicalState="0" DeltaType="0" DeltaPrecision="0" UseCustomDisplay="0" ColumnUse="0" TextNoWrap="1" SmartSectionLocatorEnabled="0"><Name><![CDATA[triReserveCheckInDU]]></Name><Type><![CDATA[Duration]]></Type><Label><![CDATA[Check In Duration]]></Label><Required><![CDATA[N]]></Required><DDFieldName><![CDATA[triReserveCheckInDU]]></DDFieldName><DDFldSecName><![CDATA[General]]></DDFldSecName><LFont><![CDATA[Trebuchet MS]]></LFont><LColor><![CDATA[#000000]]></LColor><LSize><![CDATA[10]]></LSize><LWeight><![CDATA[bold]]></LWeight><SubType /><Format /><LabStyle><![CDATA[labelStyleClass1]]></LabStyle><DataStyle><![CDATA[dataStyleClass1]]></DataStyle><Prefix /><FldColor /><SubLabelStyle /><DisplayMask><![CDATA[#.####]]></DisplayMask><DurationDisplayTokens /></Field><Field FId="96" SRow="2" RSpan="1" SCol="2" CSpan="1" NoLabel="0" Size="-1" ROnly="1" Border="0" Visible="1" ShowUom="0" GroupSeq="0" Width="0" TabOrder="0" MinSize="0" MaxSize="0" FldPos="2" DAlign="0" UIType="-1" AtrSeq="1063" IconPos="0" ScoreType="0" HierarchicalParentFieldId="0" DefaultHierarchicalState="0" DeltaType="0" DeltaPrecision="0" UseCustomDisplay="0" ColumnUse="0" TextNoWrap="1" SmartSectionLocatorEnabled="0"><Name><![CDATA[triCheckInReminderDT]]></Name><Type><![CDATA[Date and Time]]></Type><Label><![CDATA[Check-In Reminder Date/Time]]></Label><Required><![CDATA[N]]></Required><DDFieldName><![CDATA[triCheckInReminderDT]]></DDFieldName><DDFldSecName><![CDATA[General]]></DDFldSecName><LFont><![CDATA[Trebuchet MS]]></LFont><LColor><![CDATA[#000000]]></LColor><LSize><![CDATA[10]]></LSize><LWeight><![CDATA[bold]]></LWeight><SubType /><Format /><LabStyle><![CDATA[labelStyleClass1]]></LabStyle><DataStyle><![CDATA[dataStyleClass1]]></DataStyle><Prefix /><FldColor /><SubLabelStyle /><DisplayMask><![CDATA[#.####]]></DisplayMask><DurationDisplayTokens /></Field><Field FId="97" SRow="3" RSpan="1" SCol="1" CSpan="1" NoLabel="0" Size="-1" ROnly="0" Border="0" Visible="1" ShowUom="0" GroupSeq="0" Width="0" TabOrder="0" MinSize="0" MaxSize="0" FldPos="2" DAlign="0" UIType="-1" AtrSeq="1062" IconPos="0" ScoreType="0" HierarchicalParentFieldId="0" DefaultHierarchicalState="0" DeltaType="0" DeltaPrecision="0" UseCustomDisplay="0" ColumnUse="0" TextNoWrap="1" SmartSectionLocatorEnabled="0"><Name><![CDATA[triCheckInBufferDU]]></Name><Type><![CDATA[Duration]]></Type><Label><![CDATA[Check-In Buffer before Auto-Cancellation]]></Label><Required><![CDATA[N]]></Required><DDFieldName><![CDATA[triCheckInBufferDU]]></DDFieldName><DDFldSecName><![CDATA[General]]></DDFldSecName><LFont><![CDATA[Trebuchet MS]]></LFont><LColor><![CDATA[#000000]]></LColor><LSize><![CDATA[10]]></LSize><LWeight><![CDATA[bold]]></LWeight><SubType /><Format /><LabStyle><![CDATA[labelStyleClass1]]></LabStyle><DataStyle><![CDATA[dataStyleClass1]]></DataStyle><Prefix /><FldColor /><SubLabelStyle /><DisplayMask><![CDATA[#.####]]></DisplayMask><DurationDisplayTokens /></Field><Field FId="98" SRow="3" RSpan="1" SCol="2" CSpan="1" NoLabel="0" Size="-1" ROnly="1" Border="0" Visible="1" ShowUom="0" GroupSeq="0" Width="0" TabOrder="0" MinSize="0" MaxSize="0" FldPos="2" DAlign="0" UIType="-1" AtrSeq="1064" IconPos="0" ScoreType="0" HierarchicalParentFieldId="0" DefaultHierarchicalState="0" DeltaType="0" DeltaPrecision="0" UseCustomDisplay="0" ColumnUse="0" TextNoWrap="1" SmartSectionLocatorEnabled="0"><Name><![CDATA[triAutoCancellationDT]]></Name><Type><![CDATA[Date and Time]]></Type><Label><![CDATA[Auto Cancellation Date/Time]]></Label><Required><![CDATA[N]]></Required><DDFieldName><![CDATA[triAutoCancellationDT]]></DDFieldName><DDFldSecName><![CDATA[General]]></DDFldSecName><LFont><![CDATA[Trebuchet MS]]></LFont><LColor><![CDATA[#000000]]></LColor><LSize><![CDATA[10]]></LSize><LWeight><![CDATA[bold]]></LWeight><SubType /><Format /><LabStyle><![CDATA[labelStyleClass1]]></LabStyle><DataStyle><![CDATA[dataStyleClass1]]></DataStyle><Prefix /><FldColor /><SubLabelStyle /><DisplayMask><![CDATA[#.####]]></DisplayMask><DurationDisplayTokens /></Field><Field FId="99" SRow="4" RSpan="1" SCol="1" CSpan="1" NoLabel="0" Size="-1" ROnly="0" Border="0" Visible="1" ShowUom="0" GroupSeq="0" Width="0" TabOrder="0" MinSize="0" MaxSize="0" FldPos="2" DAlign="0" UIType="-1" AtrSeq="1087" IconPos="0" ScoreType="0" HierarchicalParentFieldId="0" DefaultHierarchicalState="0" DeltaType="0" DeltaPrecision="0" UseCustomDisplay="0" ColumnUse="0" TextNoWrap="1" SmartSectionLocatorEnabled="0"><Name><![CDATA[triReserveServiceWakeUpDU]]></Name><Type><![CDATA[Duration]]></Type><Label><![CDATA[Service Wake-Up Duration]]></Label><Required><![CDATA[N]]></Required><DDFieldName><![CDATA[triReserveServiceWakeUpDU]]></DDFieldName><DDFldSecName><![CDATA[General]]></DDFldSecName><LFont><![CDATA[Trebuchet MS]]></LFont><LColor><![CDATA[#000000]]></LColor><LSize><![CDATA[10]]></LSize><LWeight><![CDATA[bold]]></LWeight><SubType /><Format /><LabStyle><![CDATA[labelStyleClass1]]></LabStyle><DataStyle><![CDATA[dataStyleClass1]]></DataStyle><Prefix /><FldColor /><SubLabelStyle /><DisplayMask><![CDATA[#.####]]></DisplayMask><DurationDisplayTokens /></Field><Field FId="100" SRow="4" RSpan="1" SCol="2" CSpan="1" NoLabel="0" Size="-1" ROnly="1" Border="0" Visible="1" ShowUom="0" GroupSeq="0" Width="0" TabOrder="0" MinSize="0" MaxSize="0" FldPos="2" DAlign="0" UIType="-1" AtrSeq="1010" IconPos="0" ScoreType="0" HierarchicalParentFieldId="0" DefaultHierarchicalState="0" DeltaType="0" DeltaPrecision="0" UseCustomDisplay="0" ColumnUse="0" TextNoWrap="1" SmartSectionLocatorEnabled="0"><Name><![CDATA[triReserveServiceWakeUpDT]]></Name><Type><![CDATA[Date and Time]]></Type><Label><![CDATA[Service Wake-Up Date/Time]]></Label><Required><![CDATA[N]]></Required><DDFieldName><![CDATA[triReserveServiceWakeUpDT]]></DDFieldName><DDFldSecName><![CDATA[General]]></DDFldSecName><LFont><![CDATA[Trebuchet MS]]></LFont><LColor><![CDATA[#000000]]></LColor><LSize><![CDATA[10]]></LSize><LWeight><![CDATA[bold]]></LWeight><SubType /><Format /><LabStyle><![CDATA[labelStyleClass1]]></LabStyle><DataStyle><![CDATA[dataStyleClass1]]></DataStyle><Prefix /><FldColor /><SubLabelStyle /><DisplayMask><![CDATA[#.####]]></DisplayMask><DurationDisplayTokens /></Field><Field FId="101" SRow="5" RSpan="1" SCol="1" CSpan="1" NoLabel="0" Size="-1" ROnly="0" Border="1" Visible="1" ShowUom="0" GroupSeq="0" Width="0" TabOrder="0" MinSize="0" MaxSize="0" FldPos="2" DAlign="0" UIType="0" AtrSeq="1066" IconPos="0" ScoreType="0" HierarchicalParentFieldId="0" DefaultHierarchicalState="0" DeltaType="0" DeltaPrecision="0" UseCustomDisplay="0" ColumnUse="0" TextNoWrap="1" SmartSectionLocatorEnabled="0"><Name><![CDATA[triPreBufferDurationDU]]></Name><Type><![CDATA[Duration]]></Type><Label><![CDATA[Setup Duration]]></Label><Required><![CDATA[N]]></Required><DDFieldName><![CDATA[triPreBufferDurationDU]]></DDFieldName><DDFldSecName><![CDATA[General]]></DDFldSecName><LFont><![CDATA[Trebuchet MS]]></LFont><LColor><![CDATA[#000000]]></LColor><LSize><![CDATA[10]]></LSize><LWeight><![CDATA[Bold]]></LWeight><SubType /><Format /><LabStyle><![CDATA[labelStyleClass1]]></LabStyle><DataStyle><![CDATA[dataStyleClass1]]></DataStyle><Prefix /><FldColor /><SubLabelStyle /><DisplayMask><![CDATA[#.####]]></DisplayMask><DurationDisplayTokens /></Field><Field FId="102" SRow="5" RSpan="1" SCol="2" CSpan="1" NoLabel="0" Size="-1" ROnly="0" Border="1" Visible="1" ShowUom="0" GroupSeq="0" Width="0" TabOrder="0" MinSize="0" MaxSize="0" FldPos="2" DAlign="0" UIType="0" AtrSeq="1067" IconPos="0" ScoreType="0" HierarchicalParentFieldId="0" DefaultHierarchicalState="0" DeltaType="0" DeltaPrecision="0" UseCustomDisplay="0" ColumnUse="0" TextNoWrap="1" SmartSectionLocatorEnabled="0"><Name><![CDATA[triPostBufferDurationDU]]></Name><Type><![CDATA[Duration]]></Type><Label><![CDATA[Breakdown Duration]]></Label><Required><![CDATA[N]]></Required><DDFieldName><![CDATA[triPostBufferDurationDU]]></DDFieldName><DDFldSecName><![CDATA[General]]></DDFldSecName><LFont><![CDATA[Trebuchet MS]]></LFont><LColor><![CDATA[#000000]]></LColor><LSize><![CDATA[10]]></LSize><LWeight><![CDATA[Bold]]></LWeight><SubType /><Format /><LabStyle><![CDATA[labelStyleClass1]]></LabStyle><DataStyle><![CDATA[dataStyleClass1]]></DataStyle><Prefix /><FldColor /><SubLabelStyle /><DisplayMask><![CDATA[#.####]]></DisplayMask><DurationDisplayTokens /></Field><Field FId="103" SRow="6" RSpan="1" SCol="1" CSpan="1" NoLabel="0" Size="-1" ROnly="1" Border="0" Visible="1" ShowUom="0" GroupSeq="0" Width="0" TabOrder="0" MinSize="0" MaxSize="0" FldPos="2" DAlign="0" UIType="0" AtrSeq="1074" IconPos="0" ScoreType="0" HierarchicalParentFieldId="0" DefaultHierarchicalState="0" DeltaType="0" DeltaPrecision="0" UseCustomDisplay="0" ColumnUse="0" TextNoWrap="1" SmartSectionLocatorEnabled="0"><Name><![CDATA[triPlannedDU]]></Name><Type><![CDATA[Duration]]></Type><Label><![CDATA[Planned Duration]]></Label><Required><![CDATA[N]]></Required><DDFieldName><![CDATA[triPlannedDU]]></DDFieldName><DDFldSecName><![CDATA[General]]></DDFldSecName><LFont><![CDATA[Trebuchet MS]]></LFont><LColor><![CDATA[#000000]]></LColor><LSize><![CDATA[10]]></LSize><LWeight><![CDATA[Bold]]></LWeight><SubType /><Format /><LabStyle><![CDATA[labelStyleClass1]]></LabStyle><DataStyle><![CDATA[dataStyleClass1]]></DataStyle><Prefix /><FldColor /><SubLabelStyle /><DisplayMask><![CDATA[#.####]]></DisplayMask><DurationDisplayTokens /></Field><Field FId="104" SRow="6" RSpan="1" SCol="2" CSpan="1" NoLabel="0" Size="-1" ROnly="1" Border="0" Visible="1" ShowUom="0" GroupSeq="0" Width="0" TabOrder="0" MinSize="0" MaxSize="0" FldPos="2" DAlign="0" UIType="0" AtrSeq="1073" IconPos="0" ScoreType="0" HierarchicalParentFieldId="0" DefaultHierarchicalState="0" DeltaType="0" DeltaPrecision="0" UseCustomDisplay="0" ColumnUse="0" TextNoWrap="1" SmartSectionLocatorEnabled="0"><Name><![CDATA[triActualDU]]></Name><Type><![CDATA[Duration]]></Type><Label><![CDATA[Actual Duration]]></Label><Required><![CDATA[N]]></Required><DDFieldName><![CDATA[triActualDU]]></DDFieldName><DDFldSecName><![CDATA[General]]></DDFldSecName><LFont><![CDATA[Trebuchet MS]]></LFont><LColor><![CDATA[#000000]]></LColor><LSize><![CDATA[10]]></LSize><LWeight><![CDATA[Bold]]></LWeight><SubType /><Format /><LabStyle><![CDATA[labelStyleClass1]]></LabStyle><DataStyle><![CDATA[dataStyleClass1]]></DataStyle><Prefix /><FldColor /><SubLabelStyle /><DisplayMask><![CDATA[#.####]]></DisplayMask><DurationDisplayTokens /></Field><Field FId="105" SRow="7" RSpan="1" SCol="1" CSpan="1" NoLabel="0" Size="-1" ROnly="0" Border="1" Visible="1" ShowUom="0" GroupSeq="0" Width="0" TabOrder="0" MinSize="0" MaxSize="0" FldPos="2" DAlign="0" UIType="0" AtrSeq="1081" IconPos="0" ScoreType="0" HierarchicalParentFieldId="0" DefaultHierarchicalState="0" DeltaType="0" DeltaPrecision="0" UseCustomDisplay="0" ColumnUse="0" TextNoWrap="1" SmartSectionLocatorEnabled="0"><Name><![CDATA[triReserveCancellationDT]]></Name><Type><![CDATA[Date and Time]]></Type><Label><![CDATA[Cancellation Date/Time]]></Label><Required><![CDATA[N]]></Required><DDFieldName><![CDATA[triReserveCancellationDT]]></DDFieldName><DDFldSecName><![CDATA[General]]></DDFldSecName><LFont><![CDATA[Trebuchet MS]]></LFont><LColor><![CDATA[#000000]]></LColor><LSize><![CDATA[10]]></LSize><LWeight><![CDATA[Bold]]></LWeight><SubType /><Format /><LabStyle><![CDATA[labelStyleClass1]]></LabStyle><DataStyle><![CDATA[dataStyleClass1]]></DataStyle><Prefix /><FldColor /><SubLabelStyle /><DisplayMask><![CDATA[#.####]]></DisplayMask><DurationDisplayTokens /></Field><Field FId="106" SRow="7" RSpan="1" SCol="2" CSpan="1" NoLabel="0" Size="-1" ROnly="0" Border="0" Visible="1" ShowUom="1" GroupSeq="0" Width="0" TabOrder="0" MinSize="0" MaxSize="0" FldPos="2" DAlign="2" UIType="-1" AtrSeq="1082" IconPos="0" ScoreType="0" HierarchicalParentFieldId="0" DefaultHierarchicalState="0" DeltaType="0" DeltaPrecision="0" UseCustomDisplay="0" ColumnUse="0" TextNoWrap="1" SmartSectionLocatorEnabled="0"><Name><![CDATA[triCancellationChargesNU]]></Name><Type><![CDATA[Number]]></Type><Label><![CDATA[Cancellation Charges]]></Label><Required><![CDATA[N]]></Required><DDFieldName><![CDATA[triCancellationChargesNU]]></DDFieldName><DDFldSecName><![CDATA[General]]></DDFldSecName><LFont><![CDATA[Trebuchet MS]]></LFont><LColor><![CDATA[#000000]]></LColor><LSize><![CDATA[10]]></LSize><LWeight><![CDATA[bold]]></LWeight><SubType /><Format /><LabStyle><![CDATA[labelStyleClass1]]></LabStyle><DataStyle><![CDATA[dataStyleClass1]]></DataStyle><Prefix /><FldColor /><SubLabelStyle /><DisplayMask><![CDATA[#.####]]></DisplayMask><DurationDisplayTokens /></Field><Field FId="107" SRow="8" RSpan="1" SCol="1" CSpan="1" NoLabel="0" Size="-1" ROnly="0" Border="1" Visible="1" ShowUom="0" GroupSeq="0" Width="0" TabOrder="0" MinSize="0" MaxSize="0" FldPos="2" DAlign="0" UIType="0" AtrSeq="1090" IconPos="0" ScoreType="0" HierarchicalParentFieldId="0" DefaultHierarchicalState="0" DeltaType="0" DeltaPrecision="0" UseCustomDisplay="0" ColumnUse="0" TextNoWrap="1" SmartSectionLocatorEnabled="0"><Name><![CDATA[triReserveEquipmentServiceWakeUpDU]]></Name><Type><![CDATA[Duration]]></Type><Label><![CDATA[Equipment Service Wake-Up]]></Label><Required><![CDATA[N]]></Required><DDFieldName><![CDATA[triReserveEquipmentServiceWakeUpDU]]></DDFieldName><DDFldSecName><![CDATA[General]]></DDFldSecName><LFont><![CDATA[Trebuchet MS]]></LFont><LColor><![CDATA[#000000]]></LColor><LSize><![CDATA[10]]></LSize><LWeight><![CDATA[Bold]]></LWeight><SubType /><Format /><LabStyle><![CDATA[labelStyleClass1]]></LabStyle><DataStyle><![CDATA[dataStyleClass1]]></DataStyle><Prefix /><FldColor /><SubLabelStyle /><DisplayMask><![CDATA[#.####]]></DisplayMask><DurationDisplayTokens /></Field><Field FId="108" SRow="8" RSpan="1" SCol="2" CSpan="1" NoLabel="0" Size="-1" ROnly="0" Border="0" Visible="1" ShowUom="0" GroupSeq="0" Width="0" TabOrder="0" MinSize="0" MaxSize="0" FldPos="2" DAlign="0" UIType="-1" AtrSeq="1089" IconPos="0" ScoreType="0" HierarchicalParentFieldId="0" DefaultHierarchicalState="0" DeltaType="0" DeltaPrecision="0" UseCustomDisplay="0" ColumnUse="0" TextNoWrap="1" SmartSectionLocatorEnabled="0"><Name><![CDATA[triReserveEquiupmentWakeUpDT]]></Name><Type><![CDATA[Date and Time]]></Type><Label><![CDATA[Equipment Service Wake-Up Date/Time]]></Label><Required><![CDATA[N]]></Required><DDFieldName><![CDATA[triReserveEquiupmentWakeUpDT]]></DDFieldName><DDFldSecName><![CDATA[General]]></DDFldSecName><LFont><![CDATA[Trebuchet MS]]></LFont><LColor><![CDATA[#000000]]></LColor><LSize><![CDATA[10]]></LSize><LWeight><![CDATA[bold]]></LWeight><SubType /><Format /><LabStyle><![CDATA[labelStyleClass1]]></LabStyle><DataStyle><![CDATA[dataStyleClass1]]></DataStyle><Prefix /><FldColor /><SubLabelStyle /><DisplayMask><![CDATA[#.####]]></DisplayMask><DurationDisplayTokens /></Field></Fields></Section></Sections></Tab></Tabs><StateTransitions><StateTransition CloseScr="0" Display="0" ReadOnly="1" Seq="0" StateSeq="0" NStateSeq="5" TabId="-1" SecAction="0"><State><![CDATA[null]]></State><Action><![CDATA[triCreateDraft]]></Action><NState><![CDATA[triDraft]]></NState><ActLabel><![CDATA[Create Draft]]></ActLabel><AccessKey /></StateTransition><StateTransition CloseScr="1" Display="0" ReadOnly="1" Seq="1" StateSeq="0" NStateSeq="4" TabId="-1" SecAction="0"><State><![CDATA[null]]></State><Action><![CDATA[triCreateResource]]></Action><NState><![CDATA[triResource]]></NState><ActLabel><![CDATA[Create Resource]]></ActLabel><AccessKey /></StateTransition><StateTransition CloseScr="1" Display="1" ReadOnly="1" Seq="2" StateSeq="1" NStateSeq="0" TabId="-1" SecAction="1"><State><![CDATA[triActive]]></State><Action><![CDATA[triDelete]]></Action><NState><![CDATA[null]]></NState><ActLabel><![CDATA[Delete]]></ActLabel><AccessKey /></StateTransition><StateTransition CloseScr="0" Display="1" ReadOnly="0" Seq="3" StateSeq="1" NStateSeq="2" TabId="-1" SecAction="0"><State><![CDATA[triActive]]></State><Action><![CDATA[triCancel]]></Action><NState><![CDATA[triCancelled]]></NState><ActLabel><![CDATA[Cancel]]></ActLabel><AccessKey /></StateTransition><StateTransition CloseScr="1" Display="0" ReadOnly="1" Seq="4" StateSeq="1" NStateSeq="1" TabId="-1" SecAction="1"><State><![CDATA[triActive]]></State><Action><![CDATA[triStartWakeUp]]></Action><NState><![CDATA[triActive]]></NState><ActLabel><![CDATA[Start Wake-Up]]></ActLabel><AccessKey /></StateTransition><StateTransition CloseScr="1" Display="0" ReadOnly="1" Seq="5" StateSeq="1" NStateSeq="1" TabId="-1" SecAction="0"><State><![CDATA[triActive]]></State><Action><![CDATA[triCheckInWakeUp]]></Action><NState><![CDATA[triActive]]></NState><ActLabel><![CDATA[Check-In Wake Up]]></ActLabel><AccessKey /></StateTransition><StateTransition CloseScr="0" Display="0" ReadOnly="1" Seq="6" StateSeq="1" NStateSeq="1" TabId="-1" SecAction="0"><State><![CDATA[triActive]]></State><Action><![CDATA[triStart]]></Action><NState><![CDATA[triActive]]></NState><ActLabel><![CDATA[Start]]></ActLabel><AccessKey /></StateTransition><StateTransition CloseScr="0" Display="0" ReadOnly="1" Seq="7" StateSeq="1" NStateSeq="3" TabId="-1" SecAction="1"><State><![CDATA[triActive]]></State><Action><![CDATA[triComplete]]></Action><NState><![CDATA[triCompleted]]></NState><ActLabel><![CDATA[Complete]]></ActLabel><AccessKey /></StateTransition><StateTransition CloseScr="0" Display="0" ReadOnly="1" Seq="8" StateSeq="1" NStateSeq="1" TabId="-1" SecAction="0"><State><![CDATA[triActive]]></State><Action><![CDATA[triCheckIn]]></Action><NState><![CDATA[triActive]]></NState><ActLabel><![CDATA[Check-In]]></ActLabel><AccessKey /></StateTransition><StateTransition CloseScr="1" Display="0" ReadOnly="1" Seq="9" StateSeq="1" NStateSeq="1" TabId="-1" SecAction="1"><State><![CDATA[triActive]]></State><Action><![CDATA[triAutoCancelWakeUp]]></Action><NState><![CDATA[triActive]]></NState><ActLabel><![CDATA[Auto Cancel Wake-Up]]></ActLabel><AccessKey /></StateTransition><StateTransition CloseScr="1" Display="0" ReadOnly="1" Seq="10" StateSeq="1" NStateSeq="1" TabId="-1" SecAction="1"><State><![CDATA[triActive]]></State><Action><![CDATA[triEndWakeUp]]></Action><NState><![CDATA[triActive]]></NState><ActLabel><![CDATA[End Wake-Up]]></ActLabel><AccessKey /></StateTransition><StateTransition CloseScr="0" Display="0" ReadOnly="1" Seq="11" StateSeq="1" NStateSeq="1" TabId="-1" SecAction="0"><State><![CDATA[triActive]]></State><Action><![CDATA[triEnd]]></Action><NState><![CDATA[triActive]]></NState><ActLabel><![CDATA[End]]></ActLabel><AccessKey /></StateTransition><StateTransition CloseScr="1" Display="1" ReadOnly="1" Seq="13" StateSeq="2" NStateSeq="0" TabId="0" SecAction="0"><State><![CDATA[triCancelled]]></State><Action><![CDATA[triDelete]]></Action><NState><![CDATA[null]]></NState><ActLabel><![CDATA[Delete]]></ActLabel><AccessKey /></StateTransition><StateTransition CloseScr="1" Display="1" ReadOnly="1" Seq="15" StateSeq="3" NStateSeq="0" TabId="0" SecAction="0"><State><![CDATA[triCompleted]]></State><Action><![CDATA[triDelete]]></Action><NState><![CDATA[null]]></NState><ActLabel><![CDATA[Delete]]></ActLabel><AccessKey /></StateTransition><StateTransition CloseScr="0" Display="0" ReadOnly="1" Seq="16" StateSeq="4" NStateSeq="2" TabId="-1" SecAction="0"><State><![CDATA[triResource]]></State><Action><![CDATA[triDeclined]]></Action><NState><![CDATA[triCancelled]]></NState><ActLabel><![CDATA[Decline]]></ActLabel><AccessKey /></StateTransition><StateTransition CloseScr="1" Display="0" ReadOnly="1" Seq="17" StateSeq="4" NStateSeq="0" TabId="0" SecAction="0"><State><![CDATA[triResource]]></State><Action><![CDATA[triDelete]]></Action><NState><![CDATA[null]]></NState><ActLabel><![CDATA[Delete]]></ActLabel><AccessKey /></StateTransition><StateTransition CloseScr="0" Display="0" ReadOnly="1" Seq="18" StateSeq="5" NStateSeq="5" TabId="-1" SecAction="0"><State><![CDATA[triDraft]]></State><Action><![CDATA[triServiceWakeUp]]></Action><NState><![CDATA[triDraft]]></NState><ActLabel><![CDATA[Service Wake-Up]]></ActLabel><AccessKey /></StateTransition><StateTransition CloseScr="1" Display="0" ReadOnly="1" Seq="19" StateSeq="5" NStateSeq="5" TabId="-1" SecAction="1"><State><![CDATA[triDraft]]></State><Action><![CDATA[triService]]></Action><NState><![CDATA[triDraft]]></NState><ActLabel><![CDATA[Service]]></ActLabel><AccessKey /></StateTransition><StateTransition CloseScr="1" Display="1" ReadOnly="1" Seq="20" StateSeq="5" NStateSeq="0" TabId="0" SecAction="0"><State><![CDATA[triDraft]]></State><Action><![CDATA[triDelete]]></Action><NState><![CDATA[null]]></NState><ActLabel><![CDATA[Delete]]></ActLabel><AccessKey /></StateTransition><StateTransition CloseScr="0" Display="0" ReadOnly="1" Seq="21" StateSeq="5" NStateSeq="1" TabId="-1" SecAction="0"><State><![CDATA[triDraft]]></State><Action><![CDATA[triActivate]]></Action><NState><![CDATA[triActive]]></NState><ActLabel><![CDATA[Activate Hidden]]></ActLabel><AccessKey /></StateTransition><StateTransition CloseScr="0" Display="0" ReadOnly="1" Seq="22" StateSeq="5" NStateSeq="2" TabId="0" SecAction="0"><State><![CDATA[triDraft]]></State><Action><![CDATA[triCancel]]></Action><NState><![CDATA[triCancelled]]></NState><ActLabel><![CDATA[Cancel]]></ActLabel><AccessKey /></StateTransition><StateTransition CloseScr="0" Display="1" ReadOnly="1" Seq="12" StateSeq="1" NStateSeq="1" TabId="-1" SecAction="0"><State><![CDATA[triActive]]></State><Action><![CDATA[triAccountDetail]]></Action><NState><![CDATA[triActive]]></NState><ActLabel><![CDATA[Account Detail]]></ActLabel><AccessKey /><PopupGUIName><![CDATA[triReserveAccountDetails]]></PopupGUIName><PopupGUIModName><![CDATA[triActionForm]]></PopupGUIModName></StateTransition><StateTransition CloseScr="0" Display="1" ReadOnly="1" Seq="14" StateSeq="3" NStateSeq="3" TabId="-1" SecAction="0"><State><![CDATA[triCompleted]]></State><Action><![CDATA[triAccountDetail]]></Action><NState><![CDATA[triCompleted]]></NState><ActLabel><![CDATA[Account Detail]]></ActLabel><AccessKey /><PopupGUIName><![CDATA[triReserveAccountDetails]]></PopupGUIName><PopupGUIModName><![CDATA[triActionForm]]></PopupGUIModName></StateTransition></StateTransitions></GUI>
