<?xml version="1.0" encoding="UTF-8"?>
<!-- IBM Confidential OCO Source Materials --><!-- (C) COPYRIGHT IBM CORP. 2011-2019 --><!-- The source code for this program is not published or otherwise divested of its trade secrets, irrespective of what has been deposited with the U.S. Copyright Office. --><Group><ObjectLabelName><![CDATA[IBM-WA 0.2.0]]></ObjectLabelName><Name><![CDATA[WAS Reserve OSLC]]></Name><Description><![CDATA[Gives access to OSCL resources for triReservationManagementSP ]]></Description><EMail /><Geography><![CDATA[\Geography]]></Geography><Organization><![CDATA[\Organizations]]></Organization><PersonalizePortal><![CDATA[No]]></PersonalizePortal><PersonalizeBookmarks><![CDATA[Yes]]></PersonalizeBookmarks><AccessAllProfiles><![CDATA[No]]></AccessAllProfiles><IgnorableForNavOverrides><![CDATA[No]]></IgnorableForNavOverrides><Acls><Acl Tab="-1" Sec="-1" Fld="-1"><Module><![CDATA[Location]]></Module><Bo /><Gui /><Service><![CDATA[Update]]></Service></Acl><Acl Tab="-1" Sec="-1" Fld="-1"><Module><![CDATA[triPeople]]></Module><Bo /><Gui /><Service><![CDATA[Read]]></Service></Acl><Acl Tab="-1" Sec="-1" Fld="-1"><Module><![CDATA[Geography]]></Module><Bo /><Gui /><Service><![CDATA[Update]]></Service></Acl><Acl Tab="-1" Sec="-1" Fld="-1"><Module><![CDATA[triOslc]]></Module><Bo /><Gui /><Service><![CDATA[Read]]></Service></Acl><Acl Tab="-1" Sec="-1" Fld="-1"><Module><![CDATA[triAppServices]]></Module><Bo><![CDATA[triReservationServices]]></Bo><Gui><![CDATA[triReservationServices]]></Gui><Service><![CDATA[Delete]]></Service></Acl><Acl Tab="-1" Sec="-1" Fld="-1"><Module><![CDATA[triAppServices]]></Module><Bo><![CDATA[triReservationServices]]></Bo><Gui><![CDATA[triReservationServices]]></Gui><Service><![CDATA[null::triCreate::triCreated]]></Service></Acl><Acl Tab="-1" Sec="-1" Fld="-1"><Module><![CDATA[triAppServices]]></Module><Bo><![CDATA[triReservationServices]]></Bo><Gui><![CDATA[triReservationServices]]></Gui><Service><![CDATA[triCreated::triDelete::null]]></Service></Acl><Acl Tab="-1" Sec="-1" Fld="-1"><Module><![CDATA[triAppServices]]></Module><Bo><![CDATA[triReservationServices]]></Bo><Gui><![CDATA[triReservationServices]]></Gui><Service><![CDATA[null::triCancel::triCreated]]></Service></Acl><Acl Tab="-1" Sec="-1" Fld="-1"><Module><![CDATA[triAppServices]]></Module><Bo><![CDATA[triReservationServices]]></Bo><Gui><![CDATA[triReservationServices]]></Gui><Service><![CDATA[null::triSearchReservations::triCreated]]></Service></Acl><Acl Tab="-1" Sec="-1" Fld="-1"><Module><![CDATA[triAppServices]]></Module><Bo><![CDATA[triReservationServices]]></Bo><Gui><![CDATA[triReservationServices]]></Gui><Service><![CDATA[null::triSearchMeetingSpaces::triCreated]]></Service></Acl><Acl Tab="-1" Sec="-1" Fld="-1"><Module><![CDATA[triAppServices]]></Module><Bo><![CDATA[triReservationServices]]></Bo><Gui><![CDATA[triReservationServices]]></Gui><Service><![CDATA[null::triSearchWorkspaces::triCreated]]></Service></Acl><Acl Tab="-1" Sec="-1" Fld="-1"><Module><![CDATA[triAppServices]]></Module><Bo><![CDATA[triReservationServices]]></Bo><Gui><![CDATA[triReservationServices]]></Gui><Service><![CDATA[null::triCheckOut::triCreated]]></Service></Acl><Acl Tab="-1" Sec="-1" Fld="-1"><Module><![CDATA[triAppServices]]></Module><Bo><![CDATA[triReservationServices]]></Bo><Gui><![CDATA[triReservationServices]]></Gui><Service><![CDATA[null::triCheckIn::triCreated]]></Service></Acl><Acl Tab="-1" Sec="-1" Fld="-1"><Module><![CDATA[triAppServices]]></Module><Bo><![CDATA[triReservationServices]]></Bo><Gui><![CDATA[triReservationServices]]></Gui><Service><![CDATA[null::triSearchPreferred::triCreated]]></Service></Acl></Acls><ModelAcls><ModelAcl><Model><![CDATA[triReservationManager]]></Model><Service><![CDATA[Read]]></Service></ModelAcl><ModelAcl><Model><![CDATA[triReservationManager]]></Model><Service><![CDATA[myReservationManagers::reservationManager::actions::isNetworkConnection]]></Service></ModelAcl><ModelAcl><Model><![CDATA[triReservationManager]]></Model><Service><![CDATA[myReservationManagers::reservationManager::actions::isConferencePhone]]></Service></ModelAcl><ModelAcl><Model><![CDATA[triReservationManager]]></Model><Service><![CDATA[myReservationManagers::reservationManager::actions::isVideoConference]]></Service></ModelAcl><ModelAcl><Model><![CDATA[triReservationManager]]></Model><Service><![CDATA[myReservationManagers::reservationManager::actions::isProjector]]></Service></ModelAcl><ModelAcl><Model><![CDATA[triReservationManager]]></Model><Service><![CDATA[myReservationManagers::recurrence::actions::clearRecurrence]]></Service></ModelAcl><ModelAcl><Model><![CDATA[triReservationManager]]></Model><Service><![CDATA[myReservationManagers::reservationManager::actions::onChangeEndTime]]></Service></ModelAcl><ModelAcl><Model><![CDATA[triReservationManager]]></Model><Service><![CDATA[myReservationManagers::reservationManager::actions::onChangeEndDate]]></Service></ModelAcl><ModelAcl><Model><![CDATA[triReservationManager]]></Model><Service><![CDATA[myReservationManagers::reservationManager::actions::isCateringAvailable]]></Service></ModelAcl><ModelAcl><Model><![CDATA[triReservationManager]]></Model><Service><![CDATA[myReservationManagers::reservationManager::actions::isADAAvailable]]></Service></ModelAcl><ModelAcl><Model><![CDATA[triReservationManager]]></Model><Service><![CDATA[reservationDefinition::reservationInstances::actions::check-out]]></Service></ModelAcl><ModelAcl><Model><![CDATA[triReservationManager]]></Model><Service><![CDATA[myReservationManagers::recurrence::actions::onChangeAllDay]]></Service></ModelAcl><ModelAcl><Model><![CDATA[triReservationManager]]></Model><Service><![CDATA[myReservationManagers::reservationManager::actions::onChangeSpace]]></Service></ModelAcl><ModelAcl><Model><![CDATA[triReservationManager]]></Model><Service><![CDATA[reservationDefinition::reservationInstances::actions::check-in]]></Service></ModelAcl><ModelAcl><Model><![CDATA[triReservationManager]]></Model><Service><![CDATA[myReservationManagers::reservationManager::actions::onChangeRoomType]]></Service></ModelAcl><ModelAcl><Model><![CDATA[triReservationManager]]></Model><Service><![CDATA[reservationDefinition::reservationInstances::actions::early-end]]></Service></ModelAcl><ModelAcl><Model><![CDATA[triReservationManager]]></Model><Service><![CDATA[myReservationManagers::recurrence::actions::onChangeDuration]]></Service></ModelAcl><ModelAcl><Model><![CDATA[triReservationManager]]></Model><Service><![CDATA[myReservationManagers::reservationManager::actions::onChangeStartTime]]></Service></ModelAcl><ModelAcl><Model><![CDATA[triReservationManager]]></Model><Service><![CDATA[myReservationManagers::recurrence::actions::onChangeDailyOptions]]></Service></ModelAcl><ModelAcl><Model><![CDATA[triReservationManager]]></Model><Service><![CDATA[myReservationManagers::reservationManager::actions::onChangeStartDate]]></Service></ModelAcl><ModelAcl><Model><![CDATA[triReservationManager]]></Model><Service><![CDATA[myReservationManagers::reservationManager::actions::onChangeProperty]]></Service></ModelAcl><ModelAcl><Model><![CDATA[triReservationManager]]></Model><Service><![CDATA[myReservationManagers::reservationManager::actions::isWhiteboard]]></Service></ModelAcl><ModelAcl><Model><![CDATA[triReservationManager]]></Model><Service><![CDATA[myReservationManagers::reservationManager::actions::onChangeRecurrence]]></Service></ModelAcl><ModelAcl><Model><![CDATA[triReservationManager]]></Model><Service><![CDATA[myReservationManagers::reservationManager::actions::onChangeRecurrenceRule]]></Service></ModelAcl><ModelAcl><Model><![CDATA[triReservationManager]]></Model><Service><![CDATA[myReservationManagers::recurrence::actions::onChangeStartDateTime]]></Service></ModelAcl><ModelAcl><Model><![CDATA[triReservationManager]]></Model><Service><![CDATA[myReservationManagers::recurrence::actions::onChangeRecurrencePatternType]]></Service></ModelAcl><ModelAcl><Model><![CDATA[triReservationManager]]></Model><Service><![CDATA[myReservationManagers::recurrence::actions::onChangeYearlyOptions]]></Service></ModelAcl><ModelAcl><Model><![CDATA[triReservationManager]]></Model><Service><![CDATA[myReservationManagers::recurrence::actions::onChangeYearlyDayOfWeek]]></Service></ModelAcl><ModelAcl><Model><![CDATA[triReservationManager]]></Model><Service><![CDATA[myReservationManagers::recurrence::actions::onChangeEndOptions]]></Service></ModelAcl><ModelAcl><Model><![CDATA[triReservationManager]]></Model><Service><![CDATA[myReservationManagers::recurrence::actions::onChangeEndDateOption]]></Service></ModelAcl><ModelAcl><Model><![CDATA[triReservationManager]]></Model><Service><![CDATA[myReservationManagers::recurrence::actions::onChangeMonthlyOptions]]></Service></ModelAcl><ModelAcl><Model><![CDATA[triReservationManager]]></Model><Service><![CDATA[myReservationManagers::recurrence::actions::onChangeMonthlyDayOfWeek]]></Service></ModelAcl><ModelAcl><Model><![CDATA[triReservationManager]]></Model><Service><![CDATA[myReservationManagers::reservationManager::actions::preLoad]]></Service></ModelAcl><ModelAcl><Model><![CDATA[triReservationManager]]></Model><Service><![CDATA[myReservationManagers::recurrence::actions::save]]></Service></ModelAcl><ModelAcl><Model><![CDATA[triReservationManager]]></Model><Service><![CDATA[myReservationManagers::reservationManager::actions::removeFoodItem]]></Service></ModelAcl><ModelAcl><Model><![CDATA[triReservationManager]]></Model><Service><![CDATA[myReservationManagers::reservationManager::actions::removeBookedRoom]]></Service></ModelAcl><ModelAcl><Model><![CDATA[triReservationManager]]></Model><Service><![CDATA[myReservationManagers::reservationManager::actions::cleanup]]></Service></ModelAcl><ModelAcl><Model><![CDATA[triReservationManager]]></Model><Service><![CDATA[myReservationManagers::reservationManager::actions::cancel]]></Service></ModelAcl><ModelAcl><Model><![CDATA[triReservationManager]]></Model><Service><![CDATA[myReservationManagers::reservationManager::actions::check-out]]></Service></ModelAcl><ModelAcl><Model><![CDATA[triReservationManager]]></Model><Service><![CDATA[myReservationManagers::reservationManager::actions::check-in]]></Service></ModelAcl><ModelAcl><Model><![CDATA[triReservationManager]]></Model><Service><![CDATA[myReservationManagers::reservationManager::actions::early-end]]></Service></ModelAcl><ModelAcl><Model><![CDATA[triReservationManager]]></Model><Service><![CDATA[reservationInstances::actions::check-in]]></Service></ModelAcl><ModelAcl><Model><![CDATA[triReservationManager]]></Model><Service><![CDATA[myReservationManagers::reservationManager::actions::exceptionClearAssignment]]></Service></ModelAcl><ModelAcl><Model><![CDATA[triReservationManager]]></Model><Service><![CDATA[myReservationManagers::reservationManager::actions::createRecurrence]]></Service></ModelAcl><ModelAcl><Model><![CDATA[triReservationManager]]></Model><Service><![CDATA[myReservationManagers::reservationManager::actions::createFoodOrder]]></Service></ModelAcl><ModelAcl><Model><![CDATA[triReservationManager]]></Model><Service><![CDATA[myReservationManagers::reservationManager::actions::delete]]></Service></ModelAcl><ModelAcl><Model><![CDATA[triReservationManager]]></Model><Service><![CDATA[reservationInstancesRoomSearch::actions::check-out]]></Service></ModelAcl><ModelAcl><Model><![CDATA[triReservationManager]]></Model><Service><![CDATA[reservationInstancesRoomSearch::actions::check-in]]></Service></ModelAcl><ModelAcl><Model><![CDATA[triReservationManager]]></Model><Service><![CDATA[reservationInstances::actions::check-out]]></Service></ModelAcl><ModelAcl><Model><![CDATA[triReservationManager]]></Model><Service><![CDATA[myReservationManagers::reservationManager::actions::exceptionSearch]]></Service></ModelAcl><ModelAcl><Model><![CDATA[triReservationManager]]></Model><Service><![CDATA[reservationInstances::actions::early-end]]></Service></ModelAcl><ModelAcl><Model><![CDATA[triReservationManager]]></Model><Service><![CDATA[myReservationManagers::reservationManager::actions::onChangeAllDay]]></Service></ModelAcl><ModelAcl><Model><![CDATA[triReservationManager]]></Model><Service><![CDATA[myReservationManagers::reservationManager::actions::onChangeCity]]></Service></ModelAcl><ModelAcl><Model><![CDATA[triReservationManager]]></Model><Service><![CDATA[myReservationManagers::reservationManager::actions::onChangeBuilding]]></Service></ModelAcl><ModelAcl><Model><![CDATA[triReservationManager]]></Model><Service><![CDATA[myReservationManagers::reservationManager::actions::isChanged]]></Service></ModelAcl><ModelAcl><Model><![CDATA[triReservationManager]]></Model><Service><![CDATA[reservationInstancesRoomSearch::actions::early-end]]></Service></ModelAcl><ModelAcl><Model><![CDATA[triReservationManager]]></Model><Service><![CDATA[exchangeAppointments::actions::preCreate]]></Service></ModelAcl><ModelAcl><Model><![CDATA[triReservationManager]]></Model><Service><![CDATA[myReservationManagers::actions::preCreate]]></Service></ModelAcl><ModelAcl><Model><![CDATA[triReservationManager]]></Model><Service><![CDATA[myReservationManagers::reservationManager::actions::addEquipment]]></Service></ModelAcl><ModelAcl><Model><![CDATA[triReservationManager]]></Model><Service><![CDATA[myReservationManagers::reservationManager::actions::bookSelectedRoom]]></Service></ModelAcl><ModelAcl><Model><![CDATA[triReservationManager]]></Model><Service><![CDATA[myReservationManagers::reservationManager::actions::exceptionAutoAssignLocation]]></Service></ModelAcl><ModelAcl><Model><![CDATA[triReservationManager]]></Model><Service><![CDATA[myReservationManagers::reservationManager::actions::cancelFood]]></Service></ModelAcl><ModelAcl><Model><![CDATA[triReservationManager]]></Model><Service><![CDATA[myReservationManagers::reservationManager::actions::cancelEquipment]]></Service></ModelAcl><ModelAcl><Model><![CDATA[triReservationManager]]></Model><Service><![CDATA[myReservationManagers::reservationManager::actions::addFoodItem]]></Service></ModelAcl><ModelAcl><Model><![CDATA[triReservationManager]]></Model><Service><![CDATA[myReservationManagers::reservationManager::actions::exceptionAutoAssignAll]]></Service></ModelAcl><ModelAcl><Model><![CDATA[triReservationManager]]></Model><Service><![CDATA[myReservationManagers::reservationManager::actions::exceptionAssignLocation]]></Service></ModelAcl><ModelAcl><Model><![CDATA[triReservationManager]]></Model><Service><![CDATA[myReservationManagers::reservationManager::actions::resetContext]]></Service></ModelAcl><ModelAcl><Model><![CDATA[triReservationManager]]></Model><Service><![CDATA[myReservationManagers::recurrence::actions::updateRecurrence]]></Service></ModelAcl><ModelAcl><Model><![CDATA[triReservationManager]]></Model><Service><![CDATA[myReservationManagers::reservationManager::actions::saveRecurrence]]></Service></ModelAcl><ModelAcl><Model><![CDATA[triReservationManager]]></Model><Service><![CDATA[myReservationManagers::reservationManager::actions::submit]]></Service></ModelAcl><ModelAcl><Model><![CDATA[triReservationManager]]></Model><Service><![CDATA[myReservationManagers::reservationManager::actions::selectFoodOrder]]></Service></ModelAcl><ModelAcl><Model><![CDATA[triReservationManager]]></Model><Service><![CDATA[myReservationManagers::reservationManager::actions::search]]></Service></ModelAcl><ModelAcl><Model><![CDATA[triReservationManager]]></Model><Service><![CDATA[myReservationManagers::reservationManager::actions::setOccurrenceSeriesContext]]></Service></ModelAcl><ModelAcl><Model><![CDATA[triReservationManager]]></Model><Service><![CDATA[myReservationManagers::reservationManager::actions::updateEquipment]]></Service></ModelAcl><ModelAcl><Model><![CDATA[triReservationManager]]></Model><Service><![CDATA[myReservationManagers::reservationManager::actions::updateFood]]></Service></ModelAcl></ModelAcls></Group>
