<?xml version="1.0" encoding="UTF-8"?>
<!-- IBM Confidential OCO Source Materials --><!-- (C) COPYRIGHT IBM CORP. 2011-2019 --><!-- The source code for this program is not published or otherwise divested of its trade secrets, irrespective of what has been deposited with the U.S. Copyright Office. --><BoRecords>     <BoRecord BoId="10032979" RecordId="-1" BoName="triPlatformObjectLabelManager" GUIId="10045296" GUIName="triPlatformObjectLabel" ModuleId="24728" ModuleName="triPlatformObjectLabelManager" CompanyId="208133" ParentName="" ActionName="" ObjState="Created" SourceId="133232871">
<BoSectionName NameValue="System Info">
                     <Review___Status>
                         
                     </Review___Status>
                     <Prior___State>
                         Created
                     </Prior___State>
                     <LocationId>
                         
                     </LocationId>
                     <OrganizationId>
                         
                     </OrganizationId>
                     <GeographyId>
                         
                     </GeographyId>
                     <CreatedBy>
                         133174714
                     </CreatedBy>
                     <ModifiedBy>
                         
                     </ModifiedBy>
                     <CreatedTime>
                         1567531698980
                     </CreatedTime>
                     <ModifiedTime>
                         1567613056020
                     </ModifiedTime>
                     <Type>
                         10032979
                     </Type>
                     <Parent>
                         
                     </Parent>
         </BoSectionName>
<BoSectionName NameValue="General">
                     <GeographyName>
                         
                     </GeographyName>
                     <triObjectLabelMergedFrom>
                         
                     </triObjectLabelMergedFrom>
                     <triObjectLabelProcessMessageTX>
                         Your request is queued for processing. A notification will be sent when it is complete.
                     </triObjectLabelProcessMessageTX>
                     <triObjectLabelOwnerTX>
                         IBM-WA
                     </triObjectLabelOwnerTX>
                     <triObjectLabelDateDT>
                         09/04/2019
                     </triObjectLabelDateDT>
                     <triObjectLabelByTX>
                         Ed Silky
                     </triObjectLabelByTX>
                     <triObjectLabelFromTX>
                         
                     </triObjectLabelFromTX>
                     <triObjectLabelDescriptionTX>
                         WA Objects to be deleted (do not include these in WA FULL OM packages)
                     </triObjectLabelDescriptionTX>
                     <LocationName>
                         \Locations\Offices\North America\Charlotte Watson Center\02 - Second Floor\02-AL11
                     </LocationName>
                     <triObjectLabelVersionTX>
                         2DELETE
                     </triObjectLabelVersionTX>
                     <OrgName>
                         
                     </OrgName>
                     <triObjectLabelDisplayTX>
                         IBM-WA-2DELETE
                     </triObjectLabelDisplayTX>
         </BoSectionName>
<Associations><Association><Name><![CDATA[Primary Location]]></Name><TargetModule><![CDATA[Location]]></TargetModule><TargetBo><![CDATA[triSpace]]></TargetBo><TargetObjectName><![CDATA[\Locations\Offices\North America\Charlotte Watson Center\02 - Second Floor\02-AL11]]></TargetObjectName></Association></Associations>     </BoRecord>
</BoRecords>
