<?xml version="1.0" encoding="UTF-8"?>
<!-- IBM Confidential OCO Source Materials --><!-- (C) COPYRIGHT IBM CORP. 2011-2019 --><!-- The source code for this program is not published or otherwise divested of its trade secrets, irrespective of what has been deposited with the U.S. Copyright Office. --><Query><Header Scope="0" TagIdentifier="WASolutions" Type="1" RandomCnt="0" FixedColCnt="0" ResultSize="0" ColorBy="0" ShowInWebGraphics="1" SumAllForColorBy="0" DScope="0" Editable="0" GraphType="1" DisplayLegend="1" EnableProjectSwitch="0" ChildColumnDisplay="0" SystemFlag="1" TrackHistory="0"><ObjectLabelName><![CDATA[IBM-WA 0.2.0]]></ObjectLabelName><Name><![CDATA[triRequestClass - WAS -  Display - Building Services Request Classes for Building]]></Name><Module><![CDATA[Classification]]></Module><BO><![CDATA[triRequestClass]]></BO><Number><![CDATA[SYSTEM]]></Number><Description /><HeaderStr><![CDATA[Request Class with Categories for Building]]></HeaderStr><PromptBeforeQuery><![CDATA[0]]></PromptBeforeQuery><Queued><![CDATA[0]]></Queued><XTitle /><YTitle /><RecState /><TabularOutput><![CDATA[0]]></TabularOutput><AssociatedField /><UpdatedBy><![CDATA[Silky, Ed - 1002520]]></UpdatedBy><ScorecardTargetOption><![CDATA[0]]></ScorecardTargetOption></Header><BoDataSources><BoDataSource><DSID><![CDATA[1]]></DSID><AssociatedMod><![CDATA[Classification]]></AssociatedMod><AssociatedBO><![CDATA[triRequestClass]]></AssociatedBO><ParentDS><![CDATA[0]]></ParentDS><AssocString><![CDATA[Is Child Of]]></AssocString><PrimaryAssocFlag><![CDATA[1]]></PrimaryAssocFlag></BoDataSource><BoDataSource><DSID><![CDATA[2]]></DSID><AssociatedMod><![CDATA[Classification]]></AssociatedMod><AssociatedBO><![CDATA[triRequestClass]]></AssociatedBO><ParentDS><![CDATA[1]]></ParentDS><AssocString><![CDATA[Is Child Of]]></AssocString><PrimaryAssocFlag><![CDATA[0]]></PrimaryAssocFlag></BoDataSource><BoDataSource><DSID><![CDATA[3]]></DSID><AssociatedMod><![CDATA[Location]]></AssociatedMod><AssociatedBO><![CDATA[triBuilding]]></AssociatedBO><ParentDS><![CDATA[0]]></ParentDS><AssocString><![CDATA[Request Class For]]></AssocString><PrimaryAssocFlag><![CDATA[0]]></PrimaryAssocFlag></BoDataSource></BoDataSources><Bos><BO><Name><![CDATA[triRequestClass]]></Name><Module><![CDATA[Classification]]></Module><DSID><![CDATA[0]]></DSID></BO><BO><Name><![CDATA[triRateSource]]></Name><Module><![CDATA[Classification]]></Module><DSID><![CDATA[1]]></DSID></BO><BO><Name><![CDATA[triCostIndex]]></Name><Module><![CDATA[Classification]]></Module><DSID><![CDATA[1]]></DSID></BO><BO><Name><![CDATA[triSize]]></Name><Module><![CDATA[Classification]]></Module><DSID><![CDATA[1]]></DSID></BO><BO><Name><![CDATA[triSurveyType]]></Name><Module><![CDATA[Classification]]></Module><DSID><![CDATA[1]]></DSID></BO><BO><Name><![CDATA[triRiskPlanningItemCategory]]></Name><Module><![CDATA[Classification]]></Module><DSID><![CDATA[1]]></DSID></BO><BO><Name><![CDATA[triChecklistType]]></Name><Module><![CDATA[Classification]]></Module><DSID><![CDATA[1]]></DSID></BO><BO><Name><![CDATA[triChecklistSource]]></Name><Module><![CDATA[Classification]]></Module><DSID><![CDATA[1]]></DSID></BO><BO><Name><![CDATA[triChecklistCategory]]></Name><Module><![CDATA[Classification]]></Module><DSID><![CDATA[1]]></DSID></BO><BO><Name><![CDATA[triSpecialCharacters]]></Name><Module><![CDATA[Classification]]></Module><DSID><![CDATA[1]]></DSID></BO><BO><Name><![CDATA[triTravelType]]></Name><Module><![CDATA[Classification]]></Module><DSID><![CDATA[1]]></DSID></BO><BO><Name><![CDATA[triTravelSubtype]]></Name><Module><![CDATA[Classification]]></Module><DSID><![CDATA[1]]></DSID></BO><BO><Name><![CDATA[triPMReadingClass]]></Name><Module><![CDATA[Classification]]></Module><DSID><![CDATA[1]]></DSID></BO><BO><Name><![CDATA[triDeficiencyPriority]]></Name><Module><![CDATA[Classification]]></Module><DSID><![CDATA[1]]></DSID></BO><BO><Name><![CDATA[triRegulatoryCode]]></Name><Module><![CDATA[Classification]]></Module><DSID><![CDATA[1]]></DSID></BO><BO><Name><![CDATA[triCrew]]></Name><Module><![CDATA[Classification]]></Module><DSID><![CDATA[1]]></DSID></BO><BO><Name><![CDATA[triServiceChargeType]]></Name><Module><![CDATA[Classification]]></Module><DSID><![CDATA[1]]></DSID></BO><BO><Name><![CDATA[triPrimaryActivityCode]]></Name><Module><![CDATA[Classification]]></Module><DSID><![CDATA[1]]></DSID></BO><BO><Name><![CDATA[triIndicatorTypeCode]]></Name><Module><![CDATA[Classification]]></Module><DSID><![CDATA[1]]></DSID></BO><BO><Name><![CDATA[triRestrictionTypeCode]]></Name><Module><![CDATA[Classification]]></Module><DSID><![CDATA[1]]></DSID></BO><BO><Name><![CDATA[triRPATypeCode]]></Name><Module><![CDATA[Classification]]></Module><DSID><![CDATA[1]]></DSID></BO><BO><Name><![CDATA[triRPAOperationalStatusCode]]></Name><Module><![CDATA[Classification]]></Module><DSID><![CDATA[1]]></DSID></BO><BO><Name><![CDATA[triCategoryCode]]></Name><Module><![CDATA[Classification]]></Module><DSID><![CDATA[1]]></DSID></BO><BO><Name><![CDATA[triInspectionFindingCategoryName]]></Name><Module><![CDATA[Classification]]></Module><DSID><![CDATA[1]]></DSID></BO><BO><Name><![CDATA[triFunctionalCapabilityCode]]></Name><Module><![CDATA[Classification]]></Module><DSID><![CDATA[1]]></DSID></BO><BO><Name><![CDATA[triHazardousMaterialCapabilityCode]]></Name><Module><![CDATA[Classification]]></Module><DSID><![CDATA[1]]></DSID></BO><BO><Name><![CDATA[triGrantAuthorityTypeCode]]></Name><Module><![CDATA[Classification]]></Module><DSID><![CDATA[1]]></DSID></BO><BO><Name><![CDATA[triDisposalMethodCode]]></Name><Module><![CDATA[Classification]]></Module><DSID><![CDATA[1]]></DSID></BO><BO><Name><![CDATA[triOpportunityType]]></Name><Module><![CDATA[Classification]]></Module><DSID><![CDATA[1]]></DSID></BO><BO><Name><![CDATA[triEnvOpportunityType]]></Name><Module><![CDATA[Classification]]></Module><DSID><![CDATA[1]]></DSID></BO><BO><Name><![CDATA[triCostTransactionType]]></Name><Module><![CDATA[Classification]]></Module><DSID><![CDATA[1]]></DSID></BO><BO><Name><![CDATA[triCategory]]></Name><Module><![CDATA[Classification]]></Module><DSID><![CDATA[1]]></DSID></BO><BO><Name><![CDATA[triFundingSourceType]]></Name><Module><![CDATA[Classification]]></Module><DSID><![CDATA[1]]></DSID></BO><BO><Name><![CDATA[Classification]]></Name><Module><![CDATA[Classification]]></Module><DSID><![CDATA[1]]></DSID></BO><BO><Name><![CDATA[triCTQClass]]></Name><Module><![CDATA[Classification]]></Module><DSID><![CDATA[1]]></DSID></BO><BO><Name><![CDATA[triRiskImpact]]></Name><Module><![CDATA[Classification]]></Module><DSID><![CDATA[1]]></DSID></BO><BO><Name><![CDATA[triRiskProbability]]></Name><Module><![CDATA[Classification]]></Module><DSID><![CDATA[1]]></DSID></BO><BO><Name><![CDATA[triAccountingServiceCode]]></Name><Module><![CDATA[Classification]]></Module><DSID><![CDATA[1]]></DSID></BO><BO><Name><![CDATA[triRiskType]]></Name><Module><![CDATA[Classification]]></Module><DSID><![CDATA[1]]></DSID></BO><BO><Name><![CDATA[triBuildingSystemClass]]></Name><Module><![CDATA[Classification]]></Module><DSID><![CDATA[1]]></DSID></BO><BO><Name><![CDATA[triCatalogClass]]></Name><Module><![CDATA[Classification]]></Module><DSID><![CDATA[1]]></DSID></BO><BO><Name><![CDATA[triProcessPeriod]]></Name><Module><![CDATA[Classification]]></Module><DSID><![CDATA[1]]></DSID></BO><BO><Name><![CDATA[triConstructionClass]]></Name><Module><![CDATA[Classification]]></Module><DSID><![CDATA[1]]></DSID></BO><BO><Name><![CDATA[triTaxType]]></Name><Module><![CDATA[Classification]]></Module><DSID><![CDATA[1]]></DSID></BO><BO><Name><![CDATA[triFloorClass]]></Name><Module><![CDATA[Classification]]></Module><DSID><![CDATA[1]]></DSID></BO><BO><Name><![CDATA[triEscalationCalcMethod]]></Name><Module><![CDATA[Classification]]></Module><DSID><![CDATA[1]]></DSID></BO><BO><Name><![CDATA[triUnitType]]></Name><Module><![CDATA[Classification]]></Module><DSID><![CDATA[1]]></DSID></BO><BO><Name><![CDATA[triDateType]]></Name><Module><![CDATA[Classification]]></Module><DSID><![CDATA[1]]></DSID></BO><BO><Name><![CDATA[triFuelType]]></Name><Module><![CDATA[Classification]]></Module><DSID><![CDATA[1]]></DSID></BO><BO><Name><![CDATA[triStatus]]></Name><Module><![CDATA[Classification]]></Module><DSID><![CDATA[1]]></DSID></BO><BO><Name><![CDATA[triResponsibleParty]]></Name><Module><![CDATA[Classification]]></Module><DSID><![CDATA[1]]></DSID></BO><BO><Name><![CDATA[triResponsibilityTypes]]></Name><Module><![CDATA[Classification]]></Module><DSID><![CDATA[1]]></DSID></BO><BO><Name><![CDATA[triStreetLocationType]]></Name><Module><![CDATA[Classification]]></Module><DSID><![CDATA[1]]></DSID></BO><BO><Name><![CDATA[triAccountingServiceCodeGroup]]></Name><Module><![CDATA[Classification]]></Module><DSID><![CDATA[1]]></DSID></BO><BO><Name><![CDATA[triChargeAmountBasis]]></Name><Module><![CDATA[Classification]]></Module><DSID><![CDATA[1]]></DSID></BO><BO><Name><![CDATA[triProgramType]]></Name><Module><![CDATA[Classification]]></Module><DSID><![CDATA[1]]></DSID></BO><BO><Name><![CDATA[triEscalationPayMethod]]></Name><Module><![CDATA[Classification]]></Module><DSID><![CDATA[1]]></DSID></BO><BO><Name><![CDATA[triExpenditureType]]></Name><Module><![CDATA[Classification]]></Module><DSID><![CDATA[1]]></DSID></BO><BO><Name><![CDATA[triFrequencyType]]></Name><Module><![CDATA[Classification]]></Module><DSID><![CDATA[1]]></DSID></BO><BO><Name><![CDATA[triExternalPresence]]></Name><Module><![CDATA[Classification]]></Module><DSID><![CDATA[1]]></DSID></BO><BO><Name><![CDATA[triGrantedInLease]]></Name><Module><![CDATA[Classification]]></Module><DSID><![CDATA[1]]></DSID></BO><BO><Name><![CDATA[triEmissionSource]]></Name><Module><![CDATA[Classification]]></Module><DSID><![CDATA[1]]></DSID></BO><BO><Name><![CDATA[triLayoutType]]></Name><Module><![CDATA[Classification]]></Module><DSID><![CDATA[1]]></DSID></BO><BO><Name><![CDATA[triGuaranteeType]]></Name><Module><![CDATA[Classification]]></Module><DSID><![CDATA[1]]></DSID></BO><BO><Name><![CDATA[triProgramCategory]]></Name><Module><![CDATA[Classification]]></Module><DSID><![CDATA[1]]></DSID></BO><BO><Name><![CDATA[triHoldingInterestType]]></Name><Module><![CDATA[Classification]]></Module><DSID><![CDATA[1]]></DSID></BO><BO><Name><![CDATA[triLocationFormatType]]></Name><Module><![CDATA[Classification]]></Module><DSID><![CDATA[1]]></DSID></BO><BO><Name><![CDATA[triICSCStoreType]]></Name><Module><![CDATA[Classification]]></Module><DSID><![CDATA[1]]></DSID></BO><BO><Name><![CDATA[triCapTypes]]></Name><Module><![CDATA[Classification]]></Module><DSID><![CDATA[1]]></DSID></BO><BO><Name><![CDATA[triParkingDenominator]]></Name><Module><![CDATA[Classification]]></Module><DSID><![CDATA[1]]></DSID></BO><BO><Name><![CDATA[triDensityClass]]></Name><Module><![CDATA[Classification]]></Module><DSID><![CDATA[1]]></DSID></BO><BO><Name><![CDATA[triProRataMethods]]></Name><Module><![CDATA[Classification]]></Module><DSID><![CDATA[1]]></DSID></BO><BO><Name><![CDATA[triRetailCategory]]></Name><Module><![CDATA[Classification]]></Module><DSID><![CDATA[1]]></DSID></BO><BO><Name><![CDATA[triPassThroughTypes]]></Name><Module><![CDATA[Classification]]></Module><DSID><![CDATA[1]]></DSID></BO><BO><Name><![CDATA[triRoomFinishClass]]></Name><Module><![CDATA[Classification]]></Module><DSID><![CDATA[1]]></DSID></BO><BO><Name><![CDATA[triRoomUtilizationProgram]]></Name><Module><![CDATA[Classification]]></Module><DSID><![CDATA[1]]></DSID></BO><BO><Name><![CDATA[triRoomUtilizationUse]]></Name><Module><![CDATA[Classification]]></Module><DSID><![CDATA[1]]></DSID></BO><BO><Name><![CDATA[triSICCode]]></Name><Module><![CDATA[Classification]]></Module><DSID><![CDATA[1]]></DSID></BO><BO><Name><![CDATA[triProblemType]]></Name><Module><![CDATA[Classification]]></Module><DSID><![CDATA[1]]></DSID></BO><BO><Name><![CDATA[triSkillClass]]></Name><Module><![CDATA[Classification]]></Module><DSID><![CDATA[1]]></DSID></BO><BO><Name><![CDATA[triZoning]]></Name><Module><![CDATA[Classification]]></Module><DSID><![CDATA[1]]></DSID></BO><BO><Name><![CDATA[triInstructionClass]]></Name><Module><![CDATA[Classification]]></Module><DSID><![CDATA[1]]></DSID></BO><BO><Name><![CDATA[triTrainingType]]></Name><Module><![CDATA[Classification]]></Module><DSID><![CDATA[1]]></DSID></BO><BO><Name><![CDATA[triTransportationType]]></Name><Module><![CDATA[Classification]]></Module><DSID><![CDATA[1]]></DSID></BO><BO><Name><![CDATA[triSpecificationClass]]></Name><Module><![CDATA[Classification]]></Module><DSID><![CDATA[1]]></DSID></BO><BO><Name><![CDATA[triRollupLocationCapacity]]></Name><Module><![CDATA[Classification]]></Module><DSID><![CDATA[1]]></DSID></BO><BO><Name><![CDATA[triInventoryABCClass]]></Name><Module><![CDATA[Classification]]></Module><DSID><![CDATA[1]]></DSID></BO><BO><Name><![CDATA[triRollupLocationHeadcount]]></Name><Module><![CDATA[Classification]]></Module><DSID><![CDATA[1]]></DSID></BO><BO><Name><![CDATA[triRollupPFSBCommon]]></Name><Module><![CDATA[Classification]]></Module><DSID><![CDATA[1]]></DSID></BO><BO><Name><![CDATA[triReservationClass]]></Name><Module><![CDATA[Classification]]></Module><DSID><![CDATA[1]]></DSID></BO><BO><Name><![CDATA[triRollupPFSBShared]]></Name><Module><![CDATA[Classification]]></Module><DSID><![CDATA[1]]></DSID></BO><BO><Name><![CDATA[triReservationEventType]]></Name><Module><![CDATA[Classification]]></Module><DSID><![CDATA[1]]></DSID></BO><BO><Name><![CDATA[triRollupPFSOffice]]></Name><Module><![CDATA[Classification]]></Module><DSID><![CDATA[1]]></DSID></BO><BO><Name><![CDATA[triReservationLineItemClass]]></Name><Module><![CDATA[Classification]]></Module><DSID><![CDATA[1]]></DSID></BO><BO><Name><![CDATA[triRollupPFSTenant]]></Name><Module><![CDATA[Classification]]></Module><DSID><![CDATA[1]]></DSID></BO><BO><Name><![CDATA[triReservationType]]></Name><Module><![CDATA[Classification]]></Module><DSID><![CDATA[1]]></DSID></BO><BO><Name><![CDATA[triRollupGross]]></Name><Module><![CDATA[Classification]]></Module><DSID><![CDATA[1]]></DSID></BO><BO><Name><![CDATA[triOrganizationType]]></Name><Module><![CDATA[Classification]]></Module><DSID><![CDATA[1]]></DSID></BO><BO><Name><![CDATA[triProductClass]]></Name><Module><![CDATA[Classification]]></Module><DSID><![CDATA[1]]></DSID></BO><BO><Name><![CDATA[triTaskType]]></Name><Module><![CDATA[Classification]]></Module><DSID><![CDATA[1]]></DSID></BO><BO><Name><![CDATA[triSalesCategory]]></Name><Module><![CDATA[Classification]]></Module><DSID><![CDATA[1]]></DSID></BO><BO><Name><![CDATA[triProducts]]></Name><Module><![CDATA[Classification]]></Module><DSID><![CDATA[1]]></DSID></BO><BO><Name><![CDATA[triPropertyClass]]></Name><Module><![CDATA[Classification]]></Module><DSID><![CDATA[1]]></DSID></BO><BO><Name><![CDATA[triQualifications]]></Name><Module><![CDATA[Classification]]></Module><DSID><![CDATA[1]]></DSID></BO><BO><Name><![CDATA[triRegulatoryJurisdiction]]></Name><Module><![CDATA[Classification]]></Module><DSID><![CDATA[1]]></DSID></BO><BO><Name><![CDATA[triRole]]></Name><Module><![CDATA[Classification]]></Module><DSID><![CDATA[1]]></DSID></BO><BO><Name><![CDATA[triMonth]]></Name><Module><![CDATA[Classification]]></Module><DSID><![CDATA[1]]></DSID></BO><BO><Name><![CDATA[triHazardousMaterialsClass]]></Name><Module><![CDATA[Classification]]></Module><DSID><![CDATA[1]]></DSID></BO><BO><Name><![CDATA[triLaborClass]]></Name><Module><![CDATA[Classification]]></Module><DSID><![CDATA[1]]></DSID></BO><BO><Name><![CDATA[triCostRule]]></Name><Module><![CDATA[Classification]]></Module><DSID><![CDATA[1]]></DSID></BO><BO><Name><![CDATA[triLandClass]]></Name><Module><![CDATA[Classification]]></Module><DSID><![CDATA[1]]></DSID></BO><BO><Name><![CDATA[triLocationPrimaryuse]]></Name><Module><![CDATA[Classification]]></Module><DSID><![CDATA[1]]></DSID></BO><BO><Name><![CDATA[triService]]></Name><Module><![CDATA[Classification]]></Module><DSID><![CDATA[1]]></DSID></BO><BO><Name><![CDATA[triLocationTenure]]></Name><Module><![CDATA[Classification]]></Module><DSID><![CDATA[1]]></DSID></BO><BO><Name><![CDATA[triOccupancyStatus]]></Name><Module><![CDATA[Classification]]></Module><DSID><![CDATA[1]]></DSID></BO><BO><Name><![CDATA[triContractPrimaryUse]]></Name><Module><![CDATA[Classification]]></Module><DSID><![CDATA[1]]></DSID></BO><BO><Name><![CDATA[triRiskCategory]]></Name><Module><![CDATA[Classification]]></Module><DSID><![CDATA[1]]></DSID></BO><BO><Name><![CDATA[triProgramEvaluationImportance]]></Name><Module><![CDATA[Classification]]></Module><DSID><![CDATA[1]]></DSID></BO><BO><Name><![CDATA[triContractType]]></Name><Module><![CDATA[Classification]]></Module><DSID><![CDATA[1]]></DSID></BO><BO><Name><![CDATA[triFinancialCategory]]></Name><Module><![CDATA[Classification]]></Module><DSID><![CDATA[1]]></DSID></BO><BO><Name><![CDATA[triScheduleType]]></Name><Module><![CDATA[Classification]]></Module><DSID><![CDATA[1]]></DSID></BO><BO><Name><![CDATA[triFiscalPeriods]]></Name><Module><![CDATA[Classification]]></Module><DSID><![CDATA[1]]></DSID></BO><BO><Name><![CDATA[triLateFeeType]]></Name><Module><![CDATA[Classification]]></Module><DSID><![CDATA[1]]></DSID></BO><BO><Name><![CDATA[triSiteOccupancyStatus]]></Name><Module><![CDATA[Classification]]></Module><DSID><![CDATA[1]]></DSID></BO><BO><Name><![CDATA[triLeaseClass]]></Name><Module><![CDATA[Classification]]></Module><DSID><![CDATA[1]]></DSID></BO><BO><Name><![CDATA[triMACReasons]]></Name><Module><![CDATA[Classification]]></Module><DSID><![CDATA[1]]></DSID></BO><BO><Name><![CDATA[triProgramandInitiativeCategories]]></Name><Module><![CDATA[Classification]]></Module><DSID><![CDATA[1]]></DSID></BO><BO><Name><![CDATA[triCTQScoring]]></Name><Module><![CDATA[Classification]]></Module><DSID><![CDATA[1]]></DSID></BO><BO><Name><![CDATA[triProjectClass]]></Name><Module><![CDATA[Classification]]></Module><DSID><![CDATA[1]]></DSID></BO><BO><Name><![CDATA[triProjectPhase]]></Name><Module><![CDATA[Classification]]></Module><DSID><![CDATA[1]]></DSID></BO><BO><Name><![CDATA[triProjectType]]></Name><Module><![CDATA[Classification]]></Module><DSID><![CDATA[1]]></DSID></BO><BO><Name><![CDATA[triResourceType]]></Name><Module><![CDATA[Classification]]></Module><DSID><![CDATA[1]]></DSID></BO><BO><Name><![CDATA[triAmendmentType]]></Name><Module><![CDATA[Classification]]></Module><DSID><![CDATA[1]]></DSID></BO><BO><Name><![CDATA[triClauseType]]></Name><Module><![CDATA[Classification]]></Module><DSID><![CDATA[1]]></DSID></BO><BO><Name><![CDATA[triAmenities]]></Name><Module><![CDATA[Classification]]></Module><DSID><![CDATA[1]]></DSID></BO><BO><Name><![CDATA[triServiceabilityIndex]]></Name><Module><![CDATA[Classification]]></Module><DSID><![CDATA[1]]></DSID></BO><BO><Name><![CDATA[triPortfolioPlanningItems]]></Name><Module><![CDATA[Classification]]></Module><DSID><![CDATA[1]]></DSID></BO><BO><Name><![CDATA[triBuildingSystemCategory]]></Name><Module><![CDATA[Classification]]></Module><DSID><![CDATA[1]]></DSID></BO><BO><Name><![CDATA[triCertificationStatus]]></Name><Module><![CDATA[Classification]]></Module><DSID><![CDATA[1]]></DSID></BO><BO><Name><![CDATA[triResponsibilityCategory]]></Name><Module><![CDATA[Classification]]></Module><DSID><![CDATA[1]]></DSID></BO><BO><Name><![CDATA[triCostType]]></Name><Module><![CDATA[Classification]]></Module><DSID><![CDATA[1]]></DSID></BO><BO><Name><![CDATA[triBuildingSystemDeficiency]]></Name><Module><![CDATA[Classification]]></Module><DSID><![CDATA[1]]></DSID></BO><BO><Name><![CDATA[triDesignClass]]></Name><Module><![CDATA[Classification]]></Module><DSID><![CDATA[1]]></DSID></BO><BO><Name><![CDATA[triBuildingSystemDeficiencySeverity]]></Name><Module><![CDATA[Classification]]></Module><DSID><![CDATA[1]]></DSID></BO><BO><Name><![CDATA[triDiscipline]]></Name><Module><![CDATA[Classification]]></Module><DSID><![CDATA[1]]></DSID></BO><BO><Name><![CDATA[triBuildingSystemRepair]]></Name><Module><![CDATA[Classification]]></Module><DSID><![CDATA[1]]></DSID></BO><BO><Name><![CDATA[triDocumentTypes]]></Name><Module><![CDATA[Classification]]></Module><DSID><![CDATA[1]]></DSID></BO><BO><Name><![CDATA[triBuildingSystemSeverity]]></Name><Module><![CDATA[Classification]]></Module><DSID><![CDATA[1]]></DSID></BO><BO><Name><![CDATA[triEscalationType]]></Name><Module><![CDATA[Classification]]></Module><DSID><![CDATA[1]]></DSID></BO><BO><Name><![CDATA[triMinorityClass]]></Name><Module><![CDATA[Classification]]></Module><DSID><![CDATA[1]]></DSID></BO><BO><Name><![CDATA[triMaintenancePriority]]></Name><Module><![CDATA[Classification]]></Module><DSID><![CDATA[1]]></DSID></BO><BO><Name><![CDATA[triSpecificationGroup]]></Name><Module><![CDATA[Classification]]></Module><DSID><![CDATA[1]]></DSID></BO><BO><Name><![CDATA[triOperatingEnvironment]]></Name><Module><![CDATA[Classification]]></Module><DSID><![CDATA[1]]></DSID></BO><BO><Name><![CDATA[triSpaceClassCurrent]]></Name><Module><![CDATA[Classification]]></Module><DSID><![CDATA[1]]></DSID></BO><BO><Name><![CDATA[triTimeZones]]></Name><Module><![CDATA[Classification]]></Module><DSID><![CDATA[1]]></DSID></BO><BO><Name><![CDATA[triEnvMeterType]]></Name><Module><![CDATA[Classification]]></Module><DSID><![CDATA[1]]></DSID></BO><BO><Name><![CDATA[triSpaceType]]></Name><Module><![CDATA[Classification]]></Module><DSID><![CDATA[1]]></DSID></BO><BO><Name><![CDATA[triBuildingClass]]></Name><Module><![CDATA[Classification]]></Module><DSID><![CDATA[1]]></DSID></BO><BO><Name><![CDATA[triBrands]]></Name><Module><![CDATA[Classification]]></Module><DSID><![CDATA[1]]></DSID></BO><BO><Name><![CDATA[triBSIObservedCondition]]></Name><Module><![CDATA[Classification]]></Module><DSID><![CDATA[1]]></DSID></BO><BO><Name><![CDATA[triInventoryLocationClass]]></Name><Module><![CDATA[Classification]]></Module><DSID><![CDATA[1]]></DSID></BO><BO><Name><![CDATA[triJournalEntryTransactionGroup]]></Name><Module><![CDATA[Classification]]></Module><DSID><![CDATA[1]]></DSID></BO><BO><Name><![CDATA[triInventoryType]]></Name><Module><![CDATA[Classification]]></Module><DSID><![CDATA[1]]></DSID></BO><BO><Name><![CDATA[triInventoryValuationMethod]]></Name><Module><![CDATA[Classification]]></Module><DSID><![CDATA[1]]></DSID></BO><BO><Name><![CDATA[triKeyLevels]]></Name><Module><![CDATA[Classification]]></Module><DSID><![CDATA[1]]></DSID></BO><BO><Name><![CDATA[triLockClass]]></Name><Module><![CDATA[Classification]]></Module><DSID><![CDATA[1]]></DSID></BO><BO><Name><![CDATA[triSurveyResponses]]></Name><Module><![CDATA[Classification]]></Module><DSID><![CDATA[1]]></DSID></BO><BO><Name><![CDATA[triWorkGroupClass]]></Name><Module><![CDATA[Classification]]></Module><DSID><![CDATA[1]]></DSID></BO><BO><Name><![CDATA[triVendorWorkClass]]></Name><Module><![CDATA[Classification]]></Module><DSID><![CDATA[1]]></DSID></BO><BO><Name><![CDATA[triWorkResolution]]></Name><Module><![CDATA[Classification]]></Module><DSID><![CDATA[1]]></DSID></BO><BO><Name><![CDATA[triWorkType]]></Name><Module><![CDATA[Classification]]></Module><DSID><![CDATA[1]]></DSID></BO><BO><Name><![CDATA[triInventoryGroup]]></Name><Module><![CDATA[Classification]]></Module><DSID><![CDATA[1]]></DSID></BO><BO><Name><![CDATA[triGeneralLedgerCode]]></Name><Module><![CDATA[Classification]]></Module><DSID><![CDATA[1]]></DSID></BO><BO><Name><![CDATA[triInventoryCategory]]></Name><Module><![CDATA[Classification]]></Module><DSID><![CDATA[1]]></DSID></BO><BO><Name><![CDATA[triMaintenanceCenter]]></Name><Module><![CDATA[Classification]]></Module><DSID><![CDATA[1]]></DSID></BO><BO><Name><![CDATA[triPriority]]></Name><Module><![CDATA[Classification]]></Module><DSID><![CDATA[1]]></DSID></BO><BO><Name><![CDATA[triProcedures]]></Name><Module><![CDATA[Classification]]></Module><DSID><![CDATA[1]]></DSID></BO><BO><Name><![CDATA[triRCACodes]]></Name><Module><![CDATA[Classification]]></Module><DSID><![CDATA[1]]></DSID></BO><BO><Name><![CDATA[triRequestClass]]></Name><Module><![CDATA[Classification]]></Module><DSID><![CDATA[1]]></DSID></BO><BO><Name><![CDATA[triConstructionType]]></Name><Module><![CDATA[Classification]]></Module><DSID><![CDATA[1]]></DSID></BO><BO><Name><![CDATA[triLeaseClassification]]></Name><Module><![CDATA[Classification]]></Module><DSID><![CDATA[1]]></DSID></BO><BO><Name><![CDATA[triServiceAssignmentClass]]></Name><Module><![CDATA[Classification]]></Module><DSID><![CDATA[1]]></DSID></BO><BO><Name><![CDATA[triLeaseType]]></Name><Module><![CDATA[Classification]]></Module><DSID><![CDATA[1]]></DSID></BO><BO><Name><![CDATA[triNoteReferences]]></Name><Module><![CDATA[Classification]]></Module><DSID><![CDATA[1]]></DSID></BO><BO><Name><![CDATA[triOptionType]]></Name><Module><![CDATA[Classification]]></Module><DSID><![CDATA[1]]></DSID></BO><BO><Name><![CDATA[triCommunicationType]]></Name><Module><![CDATA[Classification]]></Module><DSID><![CDATA[1]]></DSID></BO><BO><Name><![CDATA[triOrgLegalType]]></Name><Module><![CDATA[Classification]]></Module><DSID><![CDATA[1]]></DSID></BO><BO><Name><![CDATA[triPaymentType]]></Name><Module><![CDATA[Classification]]></Module><DSID><![CDATA[1]]></DSID></BO><BO><Name><![CDATA[triProviderRating]]></Name><Module><![CDATA[Classification]]></Module><DSID><![CDATA[1]]></DSID></BO><BO><Name><![CDATA[triRESavingsType]]></Name><Module><![CDATA[Classification]]></Module><DSID><![CDATA[1]]></DSID></BO><BO><Name><![CDATA[triTransactionBuildingClass]]></Name><Module><![CDATA[Classification]]></Module><DSID><![CDATA[1]]></DSID></BO><BO><Name><![CDATA[triYear]]></Name><Module><![CDATA[Classification]]></Module><DSID><![CDATA[1]]></DSID></BO><BO><Name><![CDATA[triCarbonSinkType]]></Name><Module><![CDATA[Classification]]></Module><DSID><![CDATA[1]]></DSID></BO><BO><Name><![CDATA[triProjectGroup]]></Name><Module><![CDATA[Classification]]></Module><DSID><![CDATA[1]]></DSID></BO><BO><Name><![CDATA[triTaskReissueReason]]></Name><Module><![CDATA[Classification]]></Module><DSID><![CDATA[1]]></DSID></BO><BO><Name><![CDATA[triServiceClass]]></Name><Module><![CDATA[Classification]]></Module><DSID><![CDATA[1]]></DSID></BO><BO><Name><![CDATA[triBillable]]></Name><Module><![CDATA[Classification]]></Module><DSID><![CDATA[1]]></DSID></BO><BO><Name><![CDATA[triMinorRevision]]></Name><Module><![CDATA[Classification]]></Module><DSID><![CDATA[1]]></DSID></BO><BO><Name><![CDATA[triAssetOwnership]]></Name><Module><![CDATA[Classification]]></Module><DSID><![CDATA[1]]></DSID></BO><BO><Name><![CDATA[triEnergyRatingLocation]]></Name><Module><![CDATA[Classification]]></Module><DSID><![CDATA[1]]></DSID></BO><BO><Name><![CDATA[triObjectiveCategory]]></Name><Module><![CDATA[Classification]]></Module><DSID><![CDATA[1]]></DSID></BO><BO><Name><![CDATA[triErrorMessage]]></Name><Module><![CDATA[Classification]]></Module><DSID><![CDATA[1]]></DSID></BO><BO><Name><![CDATA[triObjectiveType]]></Name><Module><![CDATA[Classification]]></Module><DSID><![CDATA[1]]></DSID></BO><BO><Name><![CDATA[triCurrentPreventiveMaintenanceLevel]]></Name><Module><![CDATA[Classification]]></Module><DSID><![CDATA[1]]></DSID></BO><BO><Name><![CDATA[triAppropriateForUse]]></Name><Module><![CDATA[Classification]]></Module><DSID><![CDATA[1]]></DSID></BO><BO><Name><![CDATA[triChangeType]]></Name><Module><![CDATA[Classification]]></Module><DSID><![CDATA[1]]></DSID></BO><BO><Name><![CDATA[triPMType]]></Name><Module><![CDATA[Classification]]></Module><DSID><![CDATA[1]]></DSID></BO><BO><Name><![CDATA[triBSIFailureImpactF]]></Name><Module><![CDATA[Classification]]></Module><DSID><![CDATA[1]]></DSID></BO><BO><Name><![CDATA[triReservationServiceClass]]></Name><Module><![CDATA[Classification]]></Module><DSID><![CDATA[1]]></DSID></BO><BO><Name><![CDATA[triCurrentCorrectiveMaintenanceLevel]]></Name><Module><![CDATA[Classification]]></Module><DSID><![CDATA[1]]></DSID></BO><BO><Name><![CDATA[triEnergyRatingType]]></Name><Module><![CDATA[Classification]]></Module><DSID><![CDATA[1]]></DSID></BO><BO><Name><![CDATA[triRETransactionCostCategory]]></Name><Module><![CDATA[Classification]]></Module><DSID><![CDATA[1]]></DSID></BO><BO><Name><![CDATA[triSpecificationOrderType]]></Name><Module><![CDATA[Classification]]></Module><DSID><![CDATA[1]]></DSID></BO><BO><Name><![CDATA[triNeighborhoodType]]></Name><Module><![CDATA[Classification]]></Module><DSID><![CDATA[1]]></DSID></BO><BO><Name><![CDATA[triCenterLocationType]]></Name><Module><![CDATA[Classification]]></Module><DSID><![CDATA[1]]></DSID></BO><BO><Name><![CDATA[triAreaType]]></Name><Module><![CDATA[Classification]]></Module><DSID><![CDATA[1]]></DSID></BO><BO><Name><![CDATA[triCovenantAmountType]]></Name><Module><![CDATA[Classification]]></Module><DSID><![CDATA[1]]></DSID></BO><BO><Name><![CDATA[triRestriction]]></Name><Module><![CDATA[Classification]]></Module><DSID><![CDATA[1]]></DSID></BO><BO><Name><![CDATA[triHistoricalStatus]]></Name><Module><![CDATA[Classification]]></Module><DSID><![CDATA[1]]></DSID></BO><BO><Name><![CDATA[triReasonType]]></Name><Module><![CDATA[Classification]]></Module><DSID><![CDATA[1]]></DSID></BO><BO><Name><![CDATA[triCongressDistrict]]></Name><Module><![CDATA[Classification]]></Module><DSID><![CDATA[1]]></DSID></BO><BO><Name><![CDATA[triMissionDependency]]></Name><Module><![CDATA[Classification]]></Module><DSID><![CDATA[1]]></DSID></BO><BO><Name><![CDATA[triNERCRegion]]></Name><Module><![CDATA[Classification]]></Module><DSID><![CDATA[1]]></DSID></BO><BO><Name><![CDATA[trieGridSubRegion]]></Name><Module><![CDATA[Classification]]></Module><DSID><![CDATA[1]]></DSID></BO><BO><Name><![CDATA[triUniformatClass]]></Name><Module><![CDATA[Classification]]></Module><DSID><![CDATA[1]]></DSID></BO><BO><Name><![CDATA[triUtilizeCategory]]></Name><Module><![CDATA[Classification]]></Module><DSID><![CDATA[1]]></DSID></BO><BO><Name><![CDATA[triFedStatus]]></Name><Module><![CDATA[Classification]]></Module><DSID><![CDATA[1]]></DSID></BO><BO><Name><![CDATA[triAssignmentType]]></Name><Module><![CDATA[Classification]]></Module><DSID><![CDATA[1]]></DSID></BO><BO><Name><![CDATA[triLegalInterest]]></Name><Module><![CDATA[Classification]]></Module><DSID><![CDATA[1]]></DSID></BO><BO><Name><![CDATA[triLeaseAuthority]]></Name><Module><![CDATA[Classification]]></Module><DSID><![CDATA[1]]></DSID></BO><BO><Name><![CDATA[triDispositionMethod]]></Name><Module><![CDATA[Classification]]></Module><DSID><![CDATA[1]]></DSID></BO><BO><Name><![CDATA[triRealPropertyUse]]></Name><Module><![CDATA[Classification]]></Module><DSID><![CDATA[1]]></DSID></BO><BO><Name><![CDATA[triCertificationType]]></Name><Module><![CDATA[Classification]]></Module><DSID><![CDATA[1]]></DSID></BO><BO><Name><![CDATA[triBSIImportance]]></Name><Module><![CDATA[Classification]]></Module><DSID><![CDATA[1]]></DSID></BO><BO><Name><![CDATA[triDemandDriverCategory]]></Name><Module><![CDATA[Classification]]></Module><DSID><![CDATA[1]]></DSID></BO><BO><Name><![CDATA[triAssemblyTextIndexClass]]></Name><Module><![CDATA[Classification]]></Module><DSID><![CDATA[1]]></DSID></BO><BO><Name><![CDATA[triLineItemTextIndexClass]]></Name><Module><![CDATA[Classification]]></Module><DSID><![CDATA[1]]></DSID></BO><BO><Name><![CDATA[triCSIMasterFormatClass]]></Name><Module><![CDATA[Classification]]></Module><DSID><![CDATA[1]]></DSID></BO><BO><Name><![CDATA[triFunding]]></Name><Module><![CDATA[Classification]]></Module><DSID><![CDATA[1]]></DSID></BO><BO><Name><![CDATA[triDisposalStatusCode]]></Name><Module><![CDATA[Classification]]></Module><DSID><![CDATA[1]]></DSID></BO><BO><Name><![CDATA[triBSIDutyCycle]]></Name><Module><![CDATA[Classification]]></Module><DSID><![CDATA[1]]></DSID></BO><BO><Name><![CDATA[triOrgOccupancyStatus]]></Name><Module><![CDATA[Classification]]></Module><DSID><![CDATA[1]]></DSID></BO><BO><Name><![CDATA[triGrantCapitalLeaseCriteriaCode]]></Name><Module><![CDATA[Classification]]></Module><DSID><![CDATA[1]]></DSID></BO><BO><Name><![CDATA[triBSIFailureImpactA]]></Name><Module><![CDATA[Classification]]></Module><DSID><![CDATA[1]]></DSID></BO><BO><Name><![CDATA[triContractStatus]]></Name><Module><![CDATA[Classification]]></Module><DSID><![CDATA[1]]></DSID></BO><BO><Name><![CDATA[triComponentCode]]></Name><Module><![CDATA[Classification]]></Module><DSID><![CDATA[1]]></DSID></BO><BO><Name><![CDATA[triBSIFailureImpactB]]></Name><Module><![CDATA[Classification]]></Module><DSID><![CDATA[1]]></DSID></BO><BO><Name><![CDATA[triBSIFailureImpactC]]></Name><Module><![CDATA[Classification]]></Module><DSID><![CDATA[1]]></DSID></BO><BO><Name><![CDATA[triAuthorizationTypeCode]]></Name><Module><![CDATA[Classification]]></Module><DSID><![CDATA[1]]></DSID></BO><BO><Name><![CDATA[triBSIFailureImpactD]]></Name><Module><![CDATA[Classification]]></Module><DSID><![CDATA[1]]></DSID></BO><BO><Name><![CDATA[triInstallationOperationalStatusCode]]></Name><Module><![CDATA[Classification]]></Module><DSID><![CDATA[1]]></DSID></BO><BO><Name><![CDATA[triWorkClassificationCode]]></Name><Module><![CDATA[Classification]]></Module><DSID><![CDATA[1]]></DSID></BO><BO><Name><![CDATA[triEPARegionCode]]></Name><Module><![CDATA[Classification]]></Module><DSID><![CDATA[1]]></DSID></BO><BO><Name><![CDATA[triLandPredominantUseCode]]></Name><Module><![CDATA[Classification]]></Module><DSID><![CDATA[1]]></DSID></BO><BO><Name><![CDATA[triFacilityHousingAttributeCode]]></Name><Module><![CDATA[Classification]]></Module><DSID><![CDATA[1]]></DSID></BO><BO><Name><![CDATA[triDocumentCategoryCode]]></Name><Module><![CDATA[Classification]]></Module><DSID><![CDATA[1]]></DSID></BO><BO><Name><![CDATA[triSustainability]]></Name><Module><![CDATA[Classification]]></Module><DSID><![CDATA[1]]></DSID></BO><BO><Name><![CDATA[triAssetReviewTypeCode]]></Name><Module><![CDATA[Classification]]></Module><DSID><![CDATA[1]]></DSID></BO><BO><Name><![CDATA[triBRACActionTypeCode]]></Name><Module><![CDATA[Classification]]></Module><DSID><![CDATA[1]]></DSID></BO><BO><Name><![CDATA[triPropertyInspectionOperationalStatusCode]]></Name><Module><![CDATA[Classification]]></Module><DSID><![CDATA[1]]></DSID></BO><BO><Name><![CDATA[triAcquisitionMethodCode]]></Name><Module><![CDATA[Classification]]></Module><DSID><![CDATA[1]]></DSID></BO><BO><Name><![CDATA[triPropertyInspectionReasonCode]]></Name><Module><![CDATA[Classification]]></Module><DSID><![CDATA[1]]></DSID></BO><BO><Name><![CDATA[triRPAHistoricStatusCode]]></Name><Module><![CDATA[Classification]]></Module><DSID><![CDATA[1]]></DSID></BO><BO><Name><![CDATA[triBuildingModuleTypeCode]]></Name><Module><![CDATA[Classification]]></Module><DSID><![CDATA[1]]></DSID></BO><BO><Name><![CDATA[triPlannedWorkRequestType]]></Name><Module><![CDATA[Classification]]></Module><DSID><![CDATA[1]]></DSID></BO><BO><Name><![CDATA[triAddressStreetTypeCode]]></Name><Module><![CDATA[Classification]]></Module><DSID><![CDATA[1]]></DSID></BO><BO><Name><![CDATA[triRealPropertyType]]></Name><Module><![CDATA[Classification]]></Module><DSID><![CDATA[1]]></DSID></BO><BO><Name><![CDATA[triGSARegionCode]]></Name><Module><![CDATA[Classification]]></Module><DSID><![CDATA[1]]></DSID></BO><BO><Name><![CDATA[triSiteOperationalStatusCode]]></Name><Module><![CDATA[Classification]]></Module><DSID><![CDATA[1]]></DSID></BO><BO><Name><![CDATA[triEnergyType]]></Name><Module><![CDATA[Classification]]></Module><DSID><![CDATA[1]]></DSID></BO><BO><Name><![CDATA[triPlannedProgrammedEvent]]></Name><Module><![CDATA[Classification]]></Module><DSID><![CDATA[1]]></DSID></BO><BO><Name><![CDATA[triUnitOfMeasureCode]]></Name><Module><![CDATA[Classification]]></Module><DSID><![CDATA[1]]></DSID></BO><BO><Name><![CDATA[triInspectionTypeCode]]></Name><Module><![CDATA[Classification]]></Module><DSID><![CDATA[1]]></DSID></BO><BO><Name><![CDATA[triDisposalRecipientCode]]></Name><Module><![CDATA[Classification]]></Module><DSID><![CDATA[1]]></DSID></BO><BO><Name><![CDATA[triRealPropertyNetworkType]]></Name><Module><![CDATA[Classification]]></Module><DSID><![CDATA[1]]></DSID></BO><BO><Name><![CDATA[triRPASustainabilityCode]]></Name><Module><![CDATA[Classification]]></Module><DSID><![CDATA[1]]></DSID></BO><BO><Name><![CDATA[triInstallationCode]]></Name><Module><![CDATA[Classification]]></Module><DSID><![CDATA[1]]></DSID></BO><BO><Name><![CDATA[triFundSourceCode]]></Name><Module><![CDATA[Classification]]></Module><DSID><![CDATA[1]]></DSID></BO><BO><Name><![CDATA[triRPAInterestTypeCode]]></Name><Module><![CDATA[Classification]]></Module><DSID><![CDATA[1]]></DSID></BO><BO><Name><![CDATA[triAssetConstructionAgentCode]]></Name><Module><![CDATA[Classification]]></Module><DSID><![CDATA[1]]></DSID></BO><BO><Name><![CDATA[triCalendarPeriod]]></Name><Module><![CDATA[Classification]]></Module><DSID><![CDATA[1]]></DSID></BO><BO><Name><![CDATA[triDocumentRoutingCode]]></Name><Module><![CDATA[Classification]]></Module><DSID><![CDATA[1]]></DSID></BO><BO><Name><![CDATA[triCommandClaimantCode]]></Name><Module><![CDATA[Classification]]></Module><DSID><![CDATA[1]]></DSID></BO><BO><Name><![CDATA[triSurfacePositionCode]]></Name><Module><![CDATA[Classification]]></Module><DSID><![CDATA[1]]></DSID></BO><BO><Name><![CDATA[triProjectTypeCode]]></Name><Module><![CDATA[Classification]]></Module><DSID><![CDATA[1]]></DSID></BO><BO><Name><![CDATA[triReimbursableAgreementSupportCode]]></Name><Module><![CDATA[Classification]]></Module><DSID><![CDATA[1]]></DSID></BO><BO><Name><![CDATA[triAddressTypeCode]]></Name><Module><![CDATA[Classification]]></Module><DSID><![CDATA[1]]></DSID></BO><BO><Name><![CDATA[triBSIFailureImpactE]]></Name><Module><![CDATA[Classification]]></Module><DSID><![CDATA[1]]></DSID></BO><BO><Name><![CDATA[triAnticipatedDisposalMethod]]></Name><Module><![CDATA[Classification]]></Module><DSID><![CDATA[1]]></DSID></BO><BO><Name><![CDATA[triAddressStreetDirectionCode]]></Name><Module><![CDATA[Classification]]></Module><DSID><![CDATA[1]]></DSID></BO><BO><Name><![CDATA[triRealPropertyNetworkSupplierTypeCode]]></Name><Module><![CDATA[Classification]]></Module><DSID><![CDATA[1]]></DSID></BO><BO><Name><![CDATA[triCertificationProcessStatus]]></Name><Module><![CDATA[Classification]]></Module><DSID><![CDATA[1]]></DSID></BO><BO><Name><![CDATA[triDispositionType]]></Name><Module><![CDATA[Classification]]></Module><DSID><![CDATA[1]]></DSID></BO><BO><Name><![CDATA[triClauseSectionCategory]]></Name><Module><![CDATA[Classification]]></Module><DSID><![CDATA[1]]></DSID></BO><BO><Name><![CDATA[triConstructionMaterialCode]]></Name><Module><![CDATA[Classification]]></Module><DSID><![CDATA[1]]></DSID></BO><BO><Name><![CDATA[triBRACRoundYear]]></Name><Module><![CDATA[Classification]]></Module><DSID><![CDATA[1]]></DSID></BO><BO><Name><![CDATA[triRuralUrbanCode]]></Name><Module><![CDATA[Classification]]></Module><DSID><![CDATA[1]]></DSID></BO><BO><Name><![CDATA[triInstrumentTypeCode]]></Name><Module><![CDATA[Classification]]></Module><DSID><![CDATA[1]]></DSID></BO><BO><Name><![CDATA[triADAComplianceCode]]></Name><Module><![CDATA[Classification]]></Module><DSID><![CDATA[1]]></DSID></BO><BO><Name><![CDATA[triAccountingStandards]]></Name><Module><![CDATA[Classification]]></Module><DSID><![CDATA[1]]></DSID></BO><BO><Name><![CDATA[triLocationSpecificQuarter]]></Name><Module><![CDATA[Classification]]></Module><DSID><![CDATA[1]]></DSID></BO><BO><Name><![CDATA[triRPASalvageValueReasonCode]]></Name><Module><![CDATA[Classification]]></Module><DSID><![CDATA[1]]></DSID></BO><BO><Name><![CDATA[triCapitalImprovementReasonCode]]></Name><Module><![CDATA[Classification]]></Module><DSID><![CDATA[1]]></DSID></BO><BO><Name><![CDATA[triWeatherStation]]></Name><Module><![CDATA[Classification]]></Module><DSID><![CDATA[1]]></DSID></BO><BO><Name><![CDATA[triMetroStatisticalAreaCode]]></Name><Module><![CDATA[Classification]]></Module><DSID><![CDATA[1]]></DSID></BO><BO><Name><![CDATA[triAssetAllocationSharedUseIndicator]]></Name><Module><![CDATA[Classification]]></Module><DSID><![CDATA[1]]></DSID></BO><BO><Name><![CDATA[triClimateZone]]></Name><Module><![CDATA[Classification]]></Module><DSID><![CDATA[1]]></DSID></BO><BO><Name><![CDATA[triDisposalReasonCode]]></Name><Module><![CDATA[Classification]]></Module><DSID><![CDATA[1]]></DSID></BO><BO><Name><![CDATA[triGrantStatusCode]]></Name><Module><![CDATA[Classification]]></Module><DSID><![CDATA[1]]></DSID></BO><BO><Name><![CDATA[triSiteCode]]></Name><Module><![CDATA[Classification]]></Module><DSID><![CDATA[1]]></DSID></BO><BO><Name><![CDATA[triPayPeriod]]></Name><Module><![CDATA[Classification]]></Module><DSID><![CDATA[1]]></DSID></BO><BO><Name><![CDATA[triTimeCategory]]></Name><Module><![CDATA[Classification]]></Module><DSID><![CDATA[1]]></DSID></BO><BO><Name><![CDATA[triTitle]]></Name><Module><![CDATA[Classification]]></Module><DSID><![CDATA[1]]></DSID></BO><BO><Name><![CDATA[triCostItemSource]]></Name><Module><![CDATA[Classification]]></Module><DSID><![CDATA[1]]></DSID></BO><BO><Name><![CDATA[triRateSource]]></Name><Module><![CDATA[Classification]]></Module><DSID><![CDATA[2]]></DSID></BO><BO><Name><![CDATA[triCostIndex]]></Name><Module><![CDATA[Classification]]></Module><DSID><![CDATA[2]]></DSID></BO><BO><Name><![CDATA[triSize]]></Name><Module><![CDATA[Classification]]></Module><DSID><![CDATA[2]]></DSID></BO><BO><Name><![CDATA[triSurveyType]]></Name><Module><![CDATA[Classification]]></Module><DSID><![CDATA[2]]></DSID></BO><BO><Name><![CDATA[triRiskPlanningItemCategory]]></Name><Module><![CDATA[Classification]]></Module><DSID><![CDATA[2]]></DSID></BO><BO><Name><![CDATA[triChecklistType]]></Name><Module><![CDATA[Classification]]></Module><DSID><![CDATA[2]]></DSID></BO><BO><Name><![CDATA[triChecklistSource]]></Name><Module><![CDATA[Classification]]></Module><DSID><![CDATA[2]]></DSID></BO><BO><Name><![CDATA[triChecklistCategory]]></Name><Module><![CDATA[Classification]]></Module><DSID><![CDATA[2]]></DSID></BO><BO><Name><![CDATA[triSpecialCharacters]]></Name><Module><![CDATA[Classification]]></Module><DSID><![CDATA[2]]></DSID></BO><BO><Name><![CDATA[triTravelType]]></Name><Module><![CDATA[Classification]]></Module><DSID><![CDATA[2]]></DSID></BO><BO><Name><![CDATA[triTravelSubtype]]></Name><Module><![CDATA[Classification]]></Module><DSID><![CDATA[2]]></DSID></BO><BO><Name><![CDATA[triPMReadingClass]]></Name><Module><![CDATA[Classification]]></Module><DSID><![CDATA[2]]></DSID></BO><BO><Name><![CDATA[triDeficiencyPriority]]></Name><Module><![CDATA[Classification]]></Module><DSID><![CDATA[2]]></DSID></BO><BO><Name><![CDATA[triRegulatoryCode]]></Name><Module><![CDATA[Classification]]></Module><DSID><![CDATA[2]]></DSID></BO><BO><Name><![CDATA[triCrew]]></Name><Module><![CDATA[Classification]]></Module><DSID><![CDATA[2]]></DSID></BO><BO><Name><![CDATA[triServiceChargeType]]></Name><Module><![CDATA[Classification]]></Module><DSID><![CDATA[2]]></DSID></BO><BO><Name><![CDATA[triPrimaryActivityCode]]></Name><Module><![CDATA[Classification]]></Module><DSID><![CDATA[2]]></DSID></BO><BO><Name><![CDATA[triIndicatorTypeCode]]></Name><Module><![CDATA[Classification]]></Module><DSID><![CDATA[2]]></DSID></BO><BO><Name><![CDATA[triRestrictionTypeCode]]></Name><Module><![CDATA[Classification]]></Module><DSID><![CDATA[2]]></DSID></BO><BO><Name><![CDATA[triRPATypeCode]]></Name><Module><![CDATA[Classification]]></Module><DSID><![CDATA[2]]></DSID></BO><BO><Name><![CDATA[triRPAOperationalStatusCode]]></Name><Module><![CDATA[Classification]]></Module><DSID><![CDATA[2]]></DSID></BO><BO><Name><![CDATA[triCategoryCode]]></Name><Module><![CDATA[Classification]]></Module><DSID><![CDATA[2]]></DSID></BO><BO><Name><![CDATA[triInspectionFindingCategoryName]]></Name><Module><![CDATA[Classification]]></Module><DSID><![CDATA[2]]></DSID></BO><BO><Name><![CDATA[triFunctionalCapabilityCode]]></Name><Module><![CDATA[Classification]]></Module><DSID><![CDATA[2]]></DSID></BO><BO><Name><![CDATA[triHazardousMaterialCapabilityCode]]></Name><Module><![CDATA[Classification]]></Module><DSID><![CDATA[2]]></DSID></BO><BO><Name><![CDATA[triGrantAuthorityTypeCode]]></Name><Module><![CDATA[Classification]]></Module><DSID><![CDATA[2]]></DSID></BO><BO><Name><![CDATA[triDisposalMethodCode]]></Name><Module><![CDATA[Classification]]></Module><DSID><![CDATA[2]]></DSID></BO><BO><Name><![CDATA[triOpportunityType]]></Name><Module><![CDATA[Classification]]></Module><DSID><![CDATA[2]]></DSID></BO><BO><Name><![CDATA[triEnvOpportunityType]]></Name><Module><![CDATA[Classification]]></Module><DSID><![CDATA[2]]></DSID></BO><BO><Name><![CDATA[triCostTransactionType]]></Name><Module><![CDATA[Classification]]></Module><DSID><![CDATA[2]]></DSID></BO><BO><Name><![CDATA[triCategory]]></Name><Module><![CDATA[Classification]]></Module><DSID><![CDATA[2]]></DSID></BO><BO><Name><![CDATA[triFundingSourceType]]></Name><Module><![CDATA[Classification]]></Module><DSID><![CDATA[2]]></DSID></BO><BO><Name><![CDATA[Classification]]></Name><Module><![CDATA[Classification]]></Module><DSID><![CDATA[2]]></DSID></BO><BO><Name><![CDATA[triCTQClass]]></Name><Module><![CDATA[Classification]]></Module><DSID><![CDATA[2]]></DSID></BO><BO><Name><![CDATA[triRiskImpact]]></Name><Module><![CDATA[Classification]]></Module><DSID><![CDATA[2]]></DSID></BO><BO><Name><![CDATA[triRiskProbability]]></Name><Module><![CDATA[Classification]]></Module><DSID><![CDATA[2]]></DSID></BO><BO><Name><![CDATA[triAccountingServiceCode]]></Name><Module><![CDATA[Classification]]></Module><DSID><![CDATA[2]]></DSID></BO><BO><Name><![CDATA[triRiskType]]></Name><Module><![CDATA[Classification]]></Module><DSID><![CDATA[2]]></DSID></BO><BO><Name><![CDATA[triBuildingSystemClass]]></Name><Module><![CDATA[Classification]]></Module><DSID><![CDATA[2]]></DSID></BO><BO><Name><![CDATA[triCatalogClass]]></Name><Module><![CDATA[Classification]]></Module><DSID><![CDATA[2]]></DSID></BO><BO><Name><![CDATA[triProcessPeriod]]></Name><Module><![CDATA[Classification]]></Module><DSID><![CDATA[2]]></DSID></BO><BO><Name><![CDATA[triConstructionClass]]></Name><Module><![CDATA[Classification]]></Module><DSID><![CDATA[2]]></DSID></BO><BO><Name><![CDATA[triTaxType]]></Name><Module><![CDATA[Classification]]></Module><DSID><![CDATA[2]]></DSID></BO><BO><Name><![CDATA[triFloorClass]]></Name><Module><![CDATA[Classification]]></Module><DSID><![CDATA[2]]></DSID></BO><BO><Name><![CDATA[triEscalationCalcMethod]]></Name><Module><![CDATA[Classification]]></Module><DSID><![CDATA[2]]></DSID></BO><BO><Name><![CDATA[triUnitType]]></Name><Module><![CDATA[Classification]]></Module><DSID><![CDATA[2]]></DSID></BO><BO><Name><![CDATA[triDateType]]></Name><Module><![CDATA[Classification]]></Module><DSID><![CDATA[2]]></DSID></BO><BO><Name><![CDATA[triFuelType]]></Name><Module><![CDATA[Classification]]></Module><DSID><![CDATA[2]]></DSID></BO><BO><Name><![CDATA[triStatus]]></Name><Module><![CDATA[Classification]]></Module><DSID><![CDATA[2]]></DSID></BO><BO><Name><![CDATA[triResponsibleParty]]></Name><Module><![CDATA[Classification]]></Module><DSID><![CDATA[2]]></DSID></BO><BO><Name><![CDATA[triResponsibilityTypes]]></Name><Module><![CDATA[Classification]]></Module><DSID><![CDATA[2]]></DSID></BO><BO><Name><![CDATA[triStreetLocationType]]></Name><Module><![CDATA[Classification]]></Module><DSID><![CDATA[2]]></DSID></BO><BO><Name><![CDATA[triAccountingServiceCodeGroup]]></Name><Module><![CDATA[Classification]]></Module><DSID><![CDATA[2]]></DSID></BO><BO><Name><![CDATA[triChargeAmountBasis]]></Name><Module><![CDATA[Classification]]></Module><DSID><![CDATA[2]]></DSID></BO><BO><Name><![CDATA[triProgramType]]></Name><Module><![CDATA[Classification]]></Module><DSID><![CDATA[2]]></DSID></BO><BO><Name><![CDATA[triEscalationPayMethod]]></Name><Module><![CDATA[Classification]]></Module><DSID><![CDATA[2]]></DSID></BO><BO><Name><![CDATA[triExpenditureType]]></Name><Module><![CDATA[Classification]]></Module><DSID><![CDATA[2]]></DSID></BO><BO><Name><![CDATA[triFrequencyType]]></Name><Module><![CDATA[Classification]]></Module><DSID><![CDATA[2]]></DSID></BO><BO><Name><![CDATA[triExternalPresence]]></Name><Module><![CDATA[Classification]]></Module><DSID><![CDATA[2]]></DSID></BO><BO><Name><![CDATA[triGrantedInLease]]></Name><Module><![CDATA[Classification]]></Module><DSID><![CDATA[2]]></DSID></BO><BO><Name><![CDATA[triEmissionSource]]></Name><Module><![CDATA[Classification]]></Module><DSID><![CDATA[2]]></DSID></BO><BO><Name><![CDATA[triLayoutType]]></Name><Module><![CDATA[Classification]]></Module><DSID><![CDATA[2]]></DSID></BO><BO><Name><![CDATA[triGuaranteeType]]></Name><Module><![CDATA[Classification]]></Module><DSID><![CDATA[2]]></DSID></BO><BO><Name><![CDATA[triProgramCategory]]></Name><Module><![CDATA[Classification]]></Module><DSID><![CDATA[2]]></DSID></BO><BO><Name><![CDATA[triHoldingInterestType]]></Name><Module><![CDATA[Classification]]></Module><DSID><![CDATA[2]]></DSID></BO><BO><Name><![CDATA[triLocationFormatType]]></Name><Module><![CDATA[Classification]]></Module><DSID><![CDATA[2]]></DSID></BO><BO><Name><![CDATA[triICSCStoreType]]></Name><Module><![CDATA[Classification]]></Module><DSID><![CDATA[2]]></DSID></BO><BO><Name><![CDATA[triCapTypes]]></Name><Module><![CDATA[Classification]]></Module><DSID><![CDATA[2]]></DSID></BO><BO><Name><![CDATA[triParkingDenominator]]></Name><Module><![CDATA[Classification]]></Module><DSID><![CDATA[2]]></DSID></BO><BO><Name><![CDATA[triDensityClass]]></Name><Module><![CDATA[Classification]]></Module><DSID><![CDATA[2]]></DSID></BO><BO><Name><![CDATA[triProRataMethods]]></Name><Module><![CDATA[Classification]]></Module><DSID><![CDATA[2]]></DSID></BO><BO><Name><![CDATA[triRetailCategory]]></Name><Module><![CDATA[Classification]]></Module><DSID><![CDATA[2]]></DSID></BO><BO><Name><![CDATA[triPassThroughTypes]]></Name><Module><![CDATA[Classification]]></Module><DSID><![CDATA[2]]></DSID></BO><BO><Name><![CDATA[triRoomFinishClass]]></Name><Module><![CDATA[Classification]]></Module><DSID><![CDATA[2]]></DSID></BO><BO><Name><![CDATA[triRoomUtilizationProgram]]></Name><Module><![CDATA[Classification]]></Module><DSID><![CDATA[2]]></DSID></BO><BO><Name><![CDATA[triRoomUtilizationUse]]></Name><Module><![CDATA[Classification]]></Module><DSID><![CDATA[2]]></DSID></BO><BO><Name><![CDATA[triSICCode]]></Name><Module><![CDATA[Classification]]></Module><DSID><![CDATA[2]]></DSID></BO><BO><Name><![CDATA[triProblemType]]></Name><Module><![CDATA[Classification]]></Module><DSID><![CDATA[2]]></DSID></BO><BO><Name><![CDATA[triSkillClass]]></Name><Module><![CDATA[Classification]]></Module><DSID><![CDATA[2]]></DSID></BO><BO><Name><![CDATA[triZoning]]></Name><Module><![CDATA[Classification]]></Module><DSID><![CDATA[2]]></DSID></BO><BO><Name><![CDATA[triInstructionClass]]></Name><Module><![CDATA[Classification]]></Module><DSID><![CDATA[2]]></DSID></BO><BO><Name><![CDATA[triTrainingType]]></Name><Module><![CDATA[Classification]]></Module><DSID><![CDATA[2]]></DSID></BO><BO><Name><![CDATA[triTransportationType]]></Name><Module><![CDATA[Classification]]></Module><DSID><![CDATA[2]]></DSID></BO><BO><Name><![CDATA[triSpecificationClass]]></Name><Module><![CDATA[Classification]]></Module><DSID><![CDATA[2]]></DSID></BO><BO><Name><![CDATA[triRollupLocationCapacity]]></Name><Module><![CDATA[Classification]]></Module><DSID><![CDATA[2]]></DSID></BO><BO><Name><![CDATA[triInventoryABCClass]]></Name><Module><![CDATA[Classification]]></Module><DSID><![CDATA[2]]></DSID></BO><BO><Name><![CDATA[triRollupLocationHeadcount]]></Name><Module><![CDATA[Classification]]></Module><DSID><![CDATA[2]]></DSID></BO><BO><Name><![CDATA[triRollupPFSBCommon]]></Name><Module><![CDATA[Classification]]></Module><DSID><![CDATA[2]]></DSID></BO><BO><Name><![CDATA[triReservationClass]]></Name><Module><![CDATA[Classification]]></Module><DSID><![CDATA[2]]></DSID></BO><BO><Name><![CDATA[triRollupPFSBShared]]></Name><Module><![CDATA[Classification]]></Module><DSID><![CDATA[2]]></DSID></BO><BO><Name><![CDATA[triReservationEventType]]></Name><Module><![CDATA[Classification]]></Module><DSID><![CDATA[2]]></DSID></BO><BO><Name><![CDATA[triRollupPFSOffice]]></Name><Module><![CDATA[Classification]]></Module><DSID><![CDATA[2]]></DSID></BO><BO><Name><![CDATA[triReservationLineItemClass]]></Name><Module><![CDATA[Classification]]></Module><DSID><![CDATA[2]]></DSID></BO><BO><Name><![CDATA[triRollupPFSTenant]]></Name><Module><![CDATA[Classification]]></Module><DSID><![CDATA[2]]></DSID></BO><BO><Name><![CDATA[triReservationType]]></Name><Module><![CDATA[Classification]]></Module><DSID><![CDATA[2]]></DSID></BO><BO><Name><![CDATA[triRollupGross]]></Name><Module><![CDATA[Classification]]></Module><DSID><![CDATA[2]]></DSID></BO><BO><Name><![CDATA[triOrganizationType]]></Name><Module><![CDATA[Classification]]></Module><DSID><![CDATA[2]]></DSID></BO><BO><Name><![CDATA[triProductClass]]></Name><Module><![CDATA[Classification]]></Module><DSID><![CDATA[2]]></DSID></BO><BO><Name><![CDATA[triTaskType]]></Name><Module><![CDATA[Classification]]></Module><DSID><![CDATA[2]]></DSID></BO><BO><Name><![CDATA[triSalesCategory]]></Name><Module><![CDATA[Classification]]></Module><DSID><![CDATA[2]]></DSID></BO><BO><Name><![CDATA[triProducts]]></Name><Module><![CDATA[Classification]]></Module><DSID><![CDATA[2]]></DSID></BO><BO><Name><![CDATA[triPropertyClass]]></Name><Module><![CDATA[Classification]]></Module><DSID><![CDATA[2]]></DSID></BO><BO><Name><![CDATA[triQualifications]]></Name><Module><![CDATA[Classification]]></Module><DSID><![CDATA[2]]></DSID></BO><BO><Name><![CDATA[triRegulatoryJurisdiction]]></Name><Module><![CDATA[Classification]]></Module><DSID><![CDATA[2]]></DSID></BO><BO><Name><![CDATA[triRole]]></Name><Module><![CDATA[Classification]]></Module><DSID><![CDATA[2]]></DSID></BO><BO><Name><![CDATA[triMonth]]></Name><Module><![CDATA[Classification]]></Module><DSID><![CDATA[2]]></DSID></BO><BO><Name><![CDATA[triHazardousMaterialsClass]]></Name><Module><![CDATA[Classification]]></Module><DSID><![CDATA[2]]></DSID></BO><BO><Name><![CDATA[triLaborClass]]></Name><Module><![CDATA[Classification]]></Module><DSID><![CDATA[2]]></DSID></BO><BO><Name><![CDATA[triCostRule]]></Name><Module><![CDATA[Classification]]></Module><DSID><![CDATA[2]]></DSID></BO><BO><Name><![CDATA[triLandClass]]></Name><Module><![CDATA[Classification]]></Module><DSID><![CDATA[2]]></DSID></BO><BO><Name><![CDATA[triLocationPrimaryuse]]></Name><Module><![CDATA[Classification]]></Module><DSID><![CDATA[2]]></DSID></BO><BO><Name><![CDATA[triService]]></Name><Module><![CDATA[Classification]]></Module><DSID><![CDATA[2]]></DSID></BO><BO><Name><![CDATA[triLocationTenure]]></Name><Module><![CDATA[Classification]]></Module><DSID><![CDATA[2]]></DSID></BO><BO><Name><![CDATA[triOccupancyStatus]]></Name><Module><![CDATA[Classification]]></Module><DSID><![CDATA[2]]></DSID></BO><BO><Name><![CDATA[triContractPrimaryUse]]></Name><Module><![CDATA[Classification]]></Module><DSID><![CDATA[2]]></DSID></BO><BO><Name><![CDATA[triRiskCategory]]></Name><Module><![CDATA[Classification]]></Module><DSID><![CDATA[2]]></DSID></BO><BO><Name><![CDATA[triProgramEvaluationImportance]]></Name><Module><![CDATA[Classification]]></Module><DSID><![CDATA[2]]></DSID></BO><BO><Name><![CDATA[triContractType]]></Name><Module><![CDATA[Classification]]></Module><DSID><![CDATA[2]]></DSID></BO><BO><Name><![CDATA[triFinancialCategory]]></Name><Module><![CDATA[Classification]]></Module><DSID><![CDATA[2]]></DSID></BO><BO><Name><![CDATA[triScheduleType]]></Name><Module><![CDATA[Classification]]></Module><DSID><![CDATA[2]]></DSID></BO><BO><Name><![CDATA[triFiscalPeriods]]></Name><Module><![CDATA[Classification]]></Module><DSID><![CDATA[2]]></DSID></BO><BO><Name><![CDATA[triLateFeeType]]></Name><Module><![CDATA[Classification]]></Module><DSID><![CDATA[2]]></DSID></BO><BO><Name><![CDATA[triSiteOccupancyStatus]]></Name><Module><![CDATA[Classification]]></Module><DSID><![CDATA[2]]></DSID></BO><BO><Name><![CDATA[triLeaseClass]]></Name><Module><![CDATA[Classification]]></Module><DSID><![CDATA[2]]></DSID></BO><BO><Name><![CDATA[triMACReasons]]></Name><Module><![CDATA[Classification]]></Module><DSID><![CDATA[2]]></DSID></BO><BO><Name><![CDATA[triProgramandInitiativeCategories]]></Name><Module><![CDATA[Classification]]></Module><DSID><![CDATA[2]]></DSID></BO><BO><Name><![CDATA[triCTQScoring]]></Name><Module><![CDATA[Classification]]></Module><DSID><![CDATA[2]]></DSID></BO><BO><Name><![CDATA[triProjectClass]]></Name><Module><![CDATA[Classification]]></Module><DSID><![CDATA[2]]></DSID></BO><BO><Name><![CDATA[triProjectPhase]]></Name><Module><![CDATA[Classification]]></Module><DSID><![CDATA[2]]></DSID></BO><BO><Name><![CDATA[triProjectType]]></Name><Module><![CDATA[Classification]]></Module><DSID><![CDATA[2]]></DSID></BO><BO><Name><![CDATA[triResourceType]]></Name><Module><![CDATA[Classification]]></Module><DSID><![CDATA[2]]></DSID></BO><BO><Name><![CDATA[triAmendmentType]]></Name><Module><![CDATA[Classification]]></Module><DSID><![CDATA[2]]></DSID></BO><BO><Name><![CDATA[triClauseType]]></Name><Module><![CDATA[Classification]]></Module><DSID><![CDATA[2]]></DSID></BO><BO><Name><![CDATA[triAmenities]]></Name><Module><![CDATA[Classification]]></Module><DSID><![CDATA[2]]></DSID></BO><BO><Name><![CDATA[triServiceabilityIndex]]></Name><Module><![CDATA[Classification]]></Module><DSID><![CDATA[2]]></DSID></BO><BO><Name><![CDATA[triPortfolioPlanningItems]]></Name><Module><![CDATA[Classification]]></Module><DSID><![CDATA[2]]></DSID></BO><BO><Name><![CDATA[triBuildingSystemCategory]]></Name><Module><![CDATA[Classification]]></Module><DSID><![CDATA[2]]></DSID></BO><BO><Name><![CDATA[triCertificationStatus]]></Name><Module><![CDATA[Classification]]></Module><DSID><![CDATA[2]]></DSID></BO><BO><Name><![CDATA[triResponsibilityCategory]]></Name><Module><![CDATA[Classification]]></Module><DSID><![CDATA[2]]></DSID></BO><BO><Name><![CDATA[triCostType]]></Name><Module><![CDATA[Classification]]></Module><DSID><![CDATA[2]]></DSID></BO><BO><Name><![CDATA[triBuildingSystemDeficiency]]></Name><Module><![CDATA[Classification]]></Module><DSID><![CDATA[2]]></DSID></BO><BO><Name><![CDATA[triDesignClass]]></Name><Module><![CDATA[Classification]]></Module><DSID><![CDATA[2]]></DSID></BO><BO><Name><![CDATA[triBuildingSystemDeficiencySeverity]]></Name><Module><![CDATA[Classification]]></Module><DSID><![CDATA[2]]></DSID></BO><BO><Name><![CDATA[triDiscipline]]></Name><Module><![CDATA[Classification]]></Module><DSID><![CDATA[2]]></DSID></BO><BO><Name><![CDATA[triBuildingSystemRepair]]></Name><Module><![CDATA[Classification]]></Module><DSID><![CDATA[2]]></DSID></BO><BO><Name><![CDATA[triDocumentTypes]]></Name><Module><![CDATA[Classification]]></Module><DSID><![CDATA[2]]></DSID></BO><BO><Name><![CDATA[triBuildingSystemSeverity]]></Name><Module><![CDATA[Classification]]></Module><DSID><![CDATA[2]]></DSID></BO><BO><Name><![CDATA[triEscalationType]]></Name><Module><![CDATA[Classification]]></Module><DSID><![CDATA[2]]></DSID></BO><BO><Name><![CDATA[triMinorityClass]]></Name><Module><![CDATA[Classification]]></Module><DSID><![CDATA[2]]></DSID></BO><BO><Name><![CDATA[triMaintenancePriority]]></Name><Module><![CDATA[Classification]]></Module><DSID><![CDATA[2]]></DSID></BO><BO><Name><![CDATA[triSpecificationGroup]]></Name><Module><![CDATA[Classification]]></Module><DSID><![CDATA[2]]></DSID></BO><BO><Name><![CDATA[triOperatingEnvironment]]></Name><Module><![CDATA[Classification]]></Module><DSID><![CDATA[2]]></DSID></BO><BO><Name><![CDATA[triSpaceClassCurrent]]></Name><Module><![CDATA[Classification]]></Module><DSID><![CDATA[2]]></DSID></BO><BO><Name><![CDATA[triTimeZones]]></Name><Module><![CDATA[Classification]]></Module><DSID><![CDATA[2]]></DSID></BO><BO><Name><![CDATA[triEnvMeterType]]></Name><Module><![CDATA[Classification]]></Module><DSID><![CDATA[2]]></DSID></BO><BO><Name><![CDATA[triSpaceType]]></Name><Module><![CDATA[Classification]]></Module><DSID><![CDATA[2]]></DSID></BO><BO><Name><![CDATA[triBuildingClass]]></Name><Module><![CDATA[Classification]]></Module><DSID><![CDATA[2]]></DSID></BO><BO><Name><![CDATA[triBrands]]></Name><Module><![CDATA[Classification]]></Module><DSID><![CDATA[2]]></DSID></BO><BO><Name><![CDATA[triBSIObservedCondition]]></Name><Module><![CDATA[Classification]]></Module><DSID><![CDATA[2]]></DSID></BO><BO><Name><![CDATA[triInventoryLocationClass]]></Name><Module><![CDATA[Classification]]></Module><DSID><![CDATA[2]]></DSID></BO><BO><Name><![CDATA[triJournalEntryTransactionGroup]]></Name><Module><![CDATA[Classification]]></Module><DSID><![CDATA[2]]></DSID></BO><BO><Name><![CDATA[triInventoryType]]></Name><Module><![CDATA[Classification]]></Module><DSID><![CDATA[2]]></DSID></BO><BO><Name><![CDATA[triInventoryValuationMethod]]></Name><Module><![CDATA[Classification]]></Module><DSID><![CDATA[2]]></DSID></BO><BO><Name><![CDATA[triKeyLevels]]></Name><Module><![CDATA[Classification]]></Module><DSID><![CDATA[2]]></DSID></BO><BO><Name><![CDATA[triLockClass]]></Name><Module><![CDATA[Classification]]></Module><DSID><![CDATA[2]]></DSID></BO><BO><Name><![CDATA[triSurveyResponses]]></Name><Module><![CDATA[Classification]]></Module><DSID><![CDATA[2]]></DSID></BO><BO><Name><![CDATA[triWorkGroupClass]]></Name><Module><![CDATA[Classification]]></Module><DSID><![CDATA[2]]></DSID></BO><BO><Name><![CDATA[triVendorWorkClass]]></Name><Module><![CDATA[Classification]]></Module><DSID><![CDATA[2]]></DSID></BO><BO><Name><![CDATA[triWorkResolution]]></Name><Module><![CDATA[Classification]]></Module><DSID><![CDATA[2]]></DSID></BO><BO><Name><![CDATA[triWorkType]]></Name><Module><![CDATA[Classification]]></Module><DSID><![CDATA[2]]></DSID></BO><BO><Name><![CDATA[triInventoryGroup]]></Name><Module><![CDATA[Classification]]></Module><DSID><![CDATA[2]]></DSID></BO><BO><Name><![CDATA[triGeneralLedgerCode]]></Name><Module><![CDATA[Classification]]></Module><DSID><![CDATA[2]]></DSID></BO><BO><Name><![CDATA[triInventoryCategory]]></Name><Module><![CDATA[Classification]]></Module><DSID><![CDATA[2]]></DSID></BO><BO><Name><![CDATA[triMaintenanceCenter]]></Name><Module><![CDATA[Classification]]></Module><DSID><![CDATA[2]]></DSID></BO><BO><Name><![CDATA[triPriority]]></Name><Module><![CDATA[Classification]]></Module><DSID><![CDATA[2]]></DSID></BO><BO><Name><![CDATA[triProcedures]]></Name><Module><![CDATA[Classification]]></Module><DSID><![CDATA[2]]></DSID></BO><BO><Name><![CDATA[triRCACodes]]></Name><Module><![CDATA[Classification]]></Module><DSID><![CDATA[2]]></DSID></BO><BO><Name><![CDATA[triRequestClass]]></Name><Module><![CDATA[Classification]]></Module><DSID><![CDATA[2]]></DSID></BO><BO><Name><![CDATA[triConstructionType]]></Name><Module><![CDATA[Classification]]></Module><DSID><![CDATA[2]]></DSID></BO><BO><Name><![CDATA[triLeaseClassification]]></Name><Module><![CDATA[Classification]]></Module><DSID><![CDATA[2]]></DSID></BO><BO><Name><![CDATA[triServiceAssignmentClass]]></Name><Module><![CDATA[Classification]]></Module><DSID><![CDATA[2]]></DSID></BO><BO><Name><![CDATA[triLeaseType]]></Name><Module><![CDATA[Classification]]></Module><DSID><![CDATA[2]]></DSID></BO><BO><Name><![CDATA[triNoteReferences]]></Name><Module><![CDATA[Classification]]></Module><DSID><![CDATA[2]]></DSID></BO><BO><Name><![CDATA[triOptionType]]></Name><Module><![CDATA[Classification]]></Module><DSID><![CDATA[2]]></DSID></BO><BO><Name><![CDATA[triCommunicationType]]></Name><Module><![CDATA[Classification]]></Module><DSID><![CDATA[2]]></DSID></BO><BO><Name><![CDATA[triOrgLegalType]]></Name><Module><![CDATA[Classification]]></Module><DSID><![CDATA[2]]></DSID></BO><BO><Name><![CDATA[triPaymentType]]></Name><Module><![CDATA[Classification]]></Module><DSID><![CDATA[2]]></DSID></BO><BO><Name><![CDATA[triProviderRating]]></Name><Module><![CDATA[Classification]]></Module><DSID><![CDATA[2]]></DSID></BO><BO><Name><![CDATA[triRESavingsType]]></Name><Module><![CDATA[Classification]]></Module><DSID><![CDATA[2]]></DSID></BO><BO><Name><![CDATA[triTransactionBuildingClass]]></Name><Module><![CDATA[Classification]]></Module><DSID><![CDATA[2]]></DSID></BO><BO><Name><![CDATA[triYear]]></Name><Module><![CDATA[Classification]]></Module><DSID><![CDATA[2]]></DSID></BO><BO><Name><![CDATA[triCarbonSinkType]]></Name><Module><![CDATA[Classification]]></Module><DSID><![CDATA[2]]></DSID></BO><BO><Name><![CDATA[triProjectGroup]]></Name><Module><![CDATA[Classification]]></Module><DSID><![CDATA[2]]></DSID></BO><BO><Name><![CDATA[triTaskReissueReason]]></Name><Module><![CDATA[Classification]]></Module><DSID><![CDATA[2]]></DSID></BO><BO><Name><![CDATA[triServiceClass]]></Name><Module><![CDATA[Classification]]></Module><DSID><![CDATA[2]]></DSID></BO><BO><Name><![CDATA[triBillable]]></Name><Module><![CDATA[Classification]]></Module><DSID><![CDATA[2]]></DSID></BO><BO><Name><![CDATA[triMinorRevision]]></Name><Module><![CDATA[Classification]]></Module><DSID><![CDATA[2]]></DSID></BO><BO><Name><![CDATA[triAssetOwnership]]></Name><Module><![CDATA[Classification]]></Module><DSID><![CDATA[2]]></DSID></BO><BO><Name><![CDATA[triEnergyRatingLocation]]></Name><Module><![CDATA[Classification]]></Module><DSID><![CDATA[2]]></DSID></BO><BO><Name><![CDATA[triObjectiveCategory]]></Name><Module><![CDATA[Classification]]></Module><DSID><![CDATA[2]]></DSID></BO><BO><Name><![CDATA[triErrorMessage]]></Name><Module><![CDATA[Classification]]></Module><DSID><![CDATA[2]]></DSID></BO><BO><Name><![CDATA[triObjectiveType]]></Name><Module><![CDATA[Classification]]></Module><DSID><![CDATA[2]]></DSID></BO><BO><Name><![CDATA[triCurrentPreventiveMaintenanceLevel]]></Name><Module><![CDATA[Classification]]></Module><DSID><![CDATA[2]]></DSID></BO><BO><Name><![CDATA[triAppropriateForUse]]></Name><Module><![CDATA[Classification]]></Module><DSID><![CDATA[2]]></DSID></BO><BO><Name><![CDATA[triChangeType]]></Name><Module><![CDATA[Classification]]></Module><DSID><![CDATA[2]]></DSID></BO><BO><Name><![CDATA[triPMType]]></Name><Module><![CDATA[Classification]]></Module><DSID><![CDATA[2]]></DSID></BO><BO><Name><![CDATA[triBSIFailureImpactF]]></Name><Module><![CDATA[Classification]]></Module><DSID><![CDATA[2]]></DSID></BO><BO><Name><![CDATA[triReservationServiceClass]]></Name><Module><![CDATA[Classification]]></Module><DSID><![CDATA[2]]></DSID></BO><BO><Name><![CDATA[triCurrentCorrectiveMaintenanceLevel]]></Name><Module><![CDATA[Classification]]></Module><DSID><![CDATA[2]]></DSID></BO><BO><Name><![CDATA[triEnergyRatingType]]></Name><Module><![CDATA[Classification]]></Module><DSID><![CDATA[2]]></DSID></BO><BO><Name><![CDATA[triRETransactionCostCategory]]></Name><Module><![CDATA[Classification]]></Module><DSID><![CDATA[2]]></DSID></BO><BO><Name><![CDATA[triSpecificationOrderType]]></Name><Module><![CDATA[Classification]]></Module><DSID><![CDATA[2]]></DSID></BO><BO><Name><![CDATA[triNeighborhoodType]]></Name><Module><![CDATA[Classification]]></Module><DSID><![CDATA[2]]></DSID></BO><BO><Name><![CDATA[triCenterLocationType]]></Name><Module><![CDATA[Classification]]></Module><DSID><![CDATA[2]]></DSID></BO><BO><Name><![CDATA[triAreaType]]></Name><Module><![CDATA[Classification]]></Module><DSID><![CDATA[2]]></DSID></BO><BO><Name><![CDATA[triCovenantAmountType]]></Name><Module><![CDATA[Classification]]></Module><DSID><![CDATA[2]]></DSID></BO><BO><Name><![CDATA[triRestriction]]></Name><Module><![CDATA[Classification]]></Module><DSID><![CDATA[2]]></DSID></BO><BO><Name><![CDATA[triHistoricalStatus]]></Name><Module><![CDATA[Classification]]></Module><DSID><![CDATA[2]]></DSID></BO><BO><Name><![CDATA[triReasonType]]></Name><Module><![CDATA[Classification]]></Module><DSID><![CDATA[2]]></DSID></BO><BO><Name><![CDATA[triCongressDistrict]]></Name><Module><![CDATA[Classification]]></Module><DSID><![CDATA[2]]></DSID></BO><BO><Name><![CDATA[triMissionDependency]]></Name><Module><![CDATA[Classification]]></Module><DSID><![CDATA[2]]></DSID></BO><BO><Name><![CDATA[triNERCRegion]]></Name><Module><![CDATA[Classification]]></Module><DSID><![CDATA[2]]></DSID></BO><BO><Name><![CDATA[trieGridSubRegion]]></Name><Module><![CDATA[Classification]]></Module><DSID><![CDATA[2]]></DSID></BO><BO><Name><![CDATA[triUniformatClass]]></Name><Module><![CDATA[Classification]]></Module><DSID><![CDATA[2]]></DSID></BO><BO><Name><![CDATA[triUtilizeCategory]]></Name><Module><![CDATA[Classification]]></Module><DSID><![CDATA[2]]></DSID></BO><BO><Name><![CDATA[triFedStatus]]></Name><Module><![CDATA[Classification]]></Module><DSID><![CDATA[2]]></DSID></BO><BO><Name><![CDATA[triAssignmentType]]></Name><Module><![CDATA[Classification]]></Module><DSID><![CDATA[2]]></DSID></BO><BO><Name><![CDATA[triLegalInterest]]></Name><Module><![CDATA[Classification]]></Module><DSID><![CDATA[2]]></DSID></BO><BO><Name><![CDATA[triLeaseAuthority]]></Name><Module><![CDATA[Classification]]></Module><DSID><![CDATA[2]]></DSID></BO><BO><Name><![CDATA[triDispositionMethod]]></Name><Module><![CDATA[Classification]]></Module><DSID><![CDATA[2]]></DSID></BO><BO><Name><![CDATA[triRealPropertyUse]]></Name><Module><![CDATA[Classification]]></Module><DSID><![CDATA[2]]></DSID></BO><BO><Name><![CDATA[triCertificationType]]></Name><Module><![CDATA[Classification]]></Module><DSID><![CDATA[2]]></DSID></BO><BO><Name><![CDATA[triBSIImportance]]></Name><Module><![CDATA[Classification]]></Module><DSID><![CDATA[2]]></DSID></BO><BO><Name><![CDATA[triDemandDriverCategory]]></Name><Module><![CDATA[Classification]]></Module><DSID><![CDATA[2]]></DSID></BO><BO><Name><![CDATA[triAssemblyTextIndexClass]]></Name><Module><![CDATA[Classification]]></Module><DSID><![CDATA[2]]></DSID></BO><BO><Name><![CDATA[triLineItemTextIndexClass]]></Name><Module><![CDATA[Classification]]></Module><DSID><![CDATA[2]]></DSID></BO><BO><Name><![CDATA[triCSIMasterFormatClass]]></Name><Module><![CDATA[Classification]]></Module><DSID><![CDATA[2]]></DSID></BO><BO><Name><![CDATA[triFunding]]></Name><Module><![CDATA[Classification]]></Module><DSID><![CDATA[2]]></DSID></BO><BO><Name><![CDATA[triDisposalStatusCode]]></Name><Module><![CDATA[Classification]]></Module><DSID><![CDATA[2]]></DSID></BO><BO><Name><![CDATA[triBSIDutyCycle]]></Name><Module><![CDATA[Classification]]></Module><DSID><![CDATA[2]]></DSID></BO><BO><Name><![CDATA[triOrgOccupancyStatus]]></Name><Module><![CDATA[Classification]]></Module><DSID><![CDATA[2]]></DSID></BO><BO><Name><![CDATA[triGrantCapitalLeaseCriteriaCode]]></Name><Module><![CDATA[Classification]]></Module><DSID><![CDATA[2]]></DSID></BO><BO><Name><![CDATA[triBSIFailureImpactA]]></Name><Module><![CDATA[Classification]]></Module><DSID><![CDATA[2]]></DSID></BO><BO><Name><![CDATA[triContractStatus]]></Name><Module><![CDATA[Classification]]></Module><DSID><![CDATA[2]]></DSID></BO><BO><Name><![CDATA[triComponentCode]]></Name><Module><![CDATA[Classification]]></Module><DSID><![CDATA[2]]></DSID></BO><BO><Name><![CDATA[triBSIFailureImpactB]]></Name><Module><![CDATA[Classification]]></Module><DSID><![CDATA[2]]></DSID></BO><BO><Name><![CDATA[triBSIFailureImpactC]]></Name><Module><![CDATA[Classification]]></Module><DSID><![CDATA[2]]></DSID></BO><BO><Name><![CDATA[triAuthorizationTypeCode]]></Name><Module><![CDATA[Classification]]></Module><DSID><![CDATA[2]]></DSID></BO><BO><Name><![CDATA[triBSIFailureImpactD]]></Name><Module><![CDATA[Classification]]></Module><DSID><![CDATA[2]]></DSID></BO><BO><Name><![CDATA[triInstallationOperationalStatusCode]]></Name><Module><![CDATA[Classification]]></Module><DSID><![CDATA[2]]></DSID></BO><BO><Name><![CDATA[triWorkClassificationCode]]></Name><Module><![CDATA[Classification]]></Module><DSID><![CDATA[2]]></DSID></BO><BO><Name><![CDATA[triEPARegionCode]]></Name><Module><![CDATA[Classification]]></Module><DSID><![CDATA[2]]></DSID></BO><BO><Name><![CDATA[triLandPredominantUseCode]]></Name><Module><![CDATA[Classification]]></Module><DSID><![CDATA[2]]></DSID></BO><BO><Name><![CDATA[triFacilityHousingAttributeCode]]></Name><Module><![CDATA[Classification]]></Module><DSID><![CDATA[2]]></DSID></BO><BO><Name><![CDATA[triDocumentCategoryCode]]></Name><Module><![CDATA[Classification]]></Module><DSID><![CDATA[2]]></DSID></BO><BO><Name><![CDATA[triSustainability]]></Name><Module><![CDATA[Classification]]></Module><DSID><![CDATA[2]]></DSID></BO><BO><Name><![CDATA[triAssetReviewTypeCode]]></Name><Module><![CDATA[Classification]]></Module><DSID><![CDATA[2]]></DSID></BO><BO><Name><![CDATA[triBRACActionTypeCode]]></Name><Module><![CDATA[Classification]]></Module><DSID><![CDATA[2]]></DSID></BO><BO><Name><![CDATA[triPropertyInspectionOperationalStatusCode]]></Name><Module><![CDATA[Classification]]></Module><DSID><![CDATA[2]]></DSID></BO><BO><Name><![CDATA[triAcquisitionMethodCode]]></Name><Module><![CDATA[Classification]]></Module><DSID><![CDATA[2]]></DSID></BO><BO><Name><![CDATA[triPropertyInspectionReasonCode]]></Name><Module><![CDATA[Classification]]></Module><DSID><![CDATA[2]]></DSID></BO><BO><Name><![CDATA[triRPAHistoricStatusCode]]></Name><Module><![CDATA[Classification]]></Module><DSID><![CDATA[2]]></DSID></BO><BO><Name><![CDATA[triBuildingModuleTypeCode]]></Name><Module><![CDATA[Classification]]></Module><DSID><![CDATA[2]]></DSID></BO><BO><Name><![CDATA[triPlannedWorkRequestType]]></Name><Module><![CDATA[Classification]]></Module><DSID><![CDATA[2]]></DSID></BO><BO><Name><![CDATA[triAddressStreetTypeCode]]></Name><Module><![CDATA[Classification]]></Module><DSID><![CDATA[2]]></DSID></BO><BO><Name><![CDATA[triRealPropertyType]]></Name><Module><![CDATA[Classification]]></Module><DSID><![CDATA[2]]></DSID></BO><BO><Name><![CDATA[triGSARegionCode]]></Name><Module><![CDATA[Classification]]></Module><DSID><![CDATA[2]]></DSID></BO><BO><Name><![CDATA[triSiteOperationalStatusCode]]></Name><Module><![CDATA[Classification]]></Module><DSID><![CDATA[2]]></DSID></BO><BO><Name><![CDATA[triEnergyType]]></Name><Module><![CDATA[Classification]]></Module><DSID><![CDATA[2]]></DSID></BO><BO><Name><![CDATA[triPlannedProgrammedEvent]]></Name><Module><![CDATA[Classification]]></Module><DSID><![CDATA[2]]></DSID></BO><BO><Name><![CDATA[triUnitOfMeasureCode]]></Name><Module><![CDATA[Classification]]></Module><DSID><![CDATA[2]]></DSID></BO><BO><Name><![CDATA[triInspectionTypeCode]]></Name><Module><![CDATA[Classification]]></Module><DSID><![CDATA[2]]></DSID></BO><BO><Name><![CDATA[triDisposalRecipientCode]]></Name><Module><![CDATA[Classification]]></Module><DSID><![CDATA[2]]></DSID></BO><BO><Name><![CDATA[triRealPropertyNetworkType]]></Name><Module><![CDATA[Classification]]></Module><DSID><![CDATA[2]]></DSID></BO><BO><Name><![CDATA[triRPASustainabilityCode]]></Name><Module><![CDATA[Classification]]></Module><DSID><![CDATA[2]]></DSID></BO><BO><Name><![CDATA[triInstallationCode]]></Name><Module><![CDATA[Classification]]></Module><DSID><![CDATA[2]]></DSID></BO><BO><Name><![CDATA[triFundSourceCode]]></Name><Module><![CDATA[Classification]]></Module><DSID><![CDATA[2]]></DSID></BO><BO><Name><![CDATA[triRPAInterestTypeCode]]></Name><Module><![CDATA[Classification]]></Module><DSID><![CDATA[2]]></DSID></BO><BO><Name><![CDATA[triAssetConstructionAgentCode]]></Name><Module><![CDATA[Classification]]></Module><DSID><![CDATA[2]]></DSID></BO><BO><Name><![CDATA[triCalendarPeriod]]></Name><Module><![CDATA[Classification]]></Module><DSID><![CDATA[2]]></DSID></BO><BO><Name><![CDATA[triDocumentRoutingCode]]></Name><Module><![CDATA[Classification]]></Module><DSID><![CDATA[2]]></DSID></BO><BO><Name><![CDATA[triCommandClaimantCode]]></Name><Module><![CDATA[Classification]]></Module><DSID><![CDATA[2]]></DSID></BO><BO><Name><![CDATA[triSurfacePositionCode]]></Name><Module><![CDATA[Classification]]></Module><DSID><![CDATA[2]]></DSID></BO><BO><Name><![CDATA[triProjectTypeCode]]></Name><Module><![CDATA[Classification]]></Module><DSID><![CDATA[2]]></DSID></BO><BO><Name><![CDATA[triReimbursableAgreementSupportCode]]></Name><Module><![CDATA[Classification]]></Module><DSID><![CDATA[2]]></DSID></BO><BO><Name><![CDATA[triAddressTypeCode]]></Name><Module><![CDATA[Classification]]></Module><DSID><![CDATA[2]]></DSID></BO><BO><Name><![CDATA[triBSIFailureImpactE]]></Name><Module><![CDATA[Classification]]></Module><DSID><![CDATA[2]]></DSID></BO><BO><Name><![CDATA[triAnticipatedDisposalMethod]]></Name><Module><![CDATA[Classification]]></Module><DSID><![CDATA[2]]></DSID></BO><BO><Name><![CDATA[triAddressStreetDirectionCode]]></Name><Module><![CDATA[Classification]]></Module><DSID><![CDATA[2]]></DSID></BO><BO><Name><![CDATA[triRealPropertyNetworkSupplierTypeCode]]></Name><Module><![CDATA[Classification]]></Module><DSID><![CDATA[2]]></DSID></BO><BO><Name><![CDATA[triCertificationProcessStatus]]></Name><Module><![CDATA[Classification]]></Module><DSID><![CDATA[2]]></DSID></BO><BO><Name><![CDATA[triDispositionType]]></Name><Module><![CDATA[Classification]]></Module><DSID><![CDATA[2]]></DSID></BO><BO><Name><![CDATA[triClauseSectionCategory]]></Name><Module><![CDATA[Classification]]></Module><DSID><![CDATA[2]]></DSID></BO><BO><Name><![CDATA[triConstructionMaterialCode]]></Name><Module><![CDATA[Classification]]></Module><DSID><![CDATA[2]]></DSID></BO><BO><Name><![CDATA[triBRACRoundYear]]></Name><Module><![CDATA[Classification]]></Module><DSID><![CDATA[2]]></DSID></BO><BO><Name><![CDATA[triRuralUrbanCode]]></Name><Module><![CDATA[Classification]]></Module><DSID><![CDATA[2]]></DSID></BO><BO><Name><![CDATA[triInstrumentTypeCode]]></Name><Module><![CDATA[Classification]]></Module><DSID><![CDATA[2]]></DSID></BO><BO><Name><![CDATA[triADAComplianceCode]]></Name><Module><![CDATA[Classification]]></Module><DSID><![CDATA[2]]></DSID></BO><BO><Name><![CDATA[triAccountingStandards]]></Name><Module><![CDATA[Classification]]></Module><DSID><![CDATA[2]]></DSID></BO><BO><Name><![CDATA[triLocationSpecificQuarter]]></Name><Module><![CDATA[Classification]]></Module><DSID><![CDATA[2]]></DSID></BO><BO><Name><![CDATA[triRPASalvageValueReasonCode]]></Name><Module><![CDATA[Classification]]></Module><DSID><![CDATA[2]]></DSID></BO><BO><Name><![CDATA[triCapitalImprovementReasonCode]]></Name><Module><![CDATA[Classification]]></Module><DSID><![CDATA[2]]></DSID></BO><BO><Name><![CDATA[triWeatherStation]]></Name><Module><![CDATA[Classification]]></Module><DSID><![CDATA[2]]></DSID></BO><BO><Name><![CDATA[triMetroStatisticalAreaCode]]></Name><Module><![CDATA[Classification]]></Module><DSID><![CDATA[2]]></DSID></BO><BO><Name><![CDATA[triAssetAllocationSharedUseIndicator]]></Name><Module><![CDATA[Classification]]></Module><DSID><![CDATA[2]]></DSID></BO><BO><Name><![CDATA[triClimateZone]]></Name><Module><![CDATA[Classification]]></Module><DSID><![CDATA[2]]></DSID></BO><BO><Name><![CDATA[triDisposalReasonCode]]></Name><Module><![CDATA[Classification]]></Module><DSID><![CDATA[2]]></DSID></BO><BO><Name><![CDATA[triGrantStatusCode]]></Name><Module><![CDATA[Classification]]></Module><DSID><![CDATA[2]]></DSID></BO><BO><Name><![CDATA[triSiteCode]]></Name><Module><![CDATA[Classification]]></Module><DSID><![CDATA[2]]></DSID></BO><BO><Name><![CDATA[triPayPeriod]]></Name><Module><![CDATA[Classification]]></Module><DSID><![CDATA[2]]></DSID></BO><BO><Name><![CDATA[triTimeCategory]]></Name><Module><![CDATA[Classification]]></Module><DSID><![CDATA[2]]></DSID></BO><BO><Name><![CDATA[triTitle]]></Name><Module><![CDATA[Classification]]></Module><DSID><![CDATA[2]]></DSID></BO><BO><Name><![CDATA[triCostItemSource]]></Name><Module><![CDATA[Classification]]></Module><DSID><![CDATA[2]]></DSID></BO><BO><Name><![CDATA[triLand]]></Name><Module><![CDATA[Location]]></Module><DSID><![CDATA[3]]></DSID></BO><BO><Name><![CDATA[triSpace]]></Name><Module><![CDATA[Location]]></Module><DSID><![CDATA[3]]></DSID></BO><BO><Name><![CDATA[Location]]></Name><Module><![CDATA[Location]]></Module><DSID><![CDATA[3]]></DSID></BO><BO><Name><![CDATA[triProperty]]></Name><Module><![CDATA[Location]]></Module><DSID><![CDATA[3]]></DSID></BO><BO><Name><![CDATA[triPlannedSpace]]></Name><Module><![CDATA[Location]]></Module><DSID><![CDATA[3]]></DSID></BO><BO><Name><![CDATA[triVerticalShaft]]></Name><Module><![CDATA[Location]]></Module><DSID><![CDATA[3]]></DSID></BO><BO><Name><![CDATA[triPlannedFloor]]></Name><Module><![CDATA[Location]]></Module><DSID><![CDATA[3]]></DSID></BO><BO><Name><![CDATA[triBuilding]]></Name><Module><![CDATA[Location]]></Module><DSID><![CDATA[3]]></DSID></BO><BO><Name><![CDATA[triFloor]]></Name><Module><![CDATA[Location]]></Module><DSID><![CDATA[3]]></DSID></BO><BO><Name><![CDATA[triInstallation]]></Name><Module><![CDATA[Location]]></Module><DSID><![CDATA[3]]></DSID></BO><BO><Name><![CDATA[triProposedSite]]></Name><Module><![CDATA[Location]]></Module><DSID><![CDATA[3]]></DSID></BO></Bos><GUIs><GUI><Name><![CDATA[triRequestClass]]></Name><Module><![CDATA[Classification]]></Module></GUI></GUIs><Columns><Column Type="1" DType="320" FiltType="0" Seq="0" ConditionalFilter="0" FilterLocalizedData="0"><SecName><![CDATA[RecordInformation]]></SecName><SecondarySecName /><FldLabel><![CDATA[Name]]></FldLabel><FldName><![CDATA[triNameTX]]></FldName><FiltVAl /><NumOpenParens><![CDATA[0]]></NumOpenParens><NumCloseParens><![CDATA[0]]></NumCloseParens><BooleanOperatorType><![CDATA[0]]></BooleanOperatorType><groupDatesBy><![CDATA[0]]></groupDatesBy><sourceTabularRepName /><LegendColumn><![CDATA[0]]></LegendColumn><defaultFlag><![CDATA[0]]></defaultFlag><DSID><![CDATA[0]]></DSID></Column><Column Type="1" DType="320" FiltType="0" Seq="1" ConditionalFilter="0" FilterLocalizedData="0"><SecName><![CDATA[RecordInformation]]></SecName><SecondarySecName /><FldLabel><![CDATA[Description]]></FldLabel><FldName><![CDATA[triDescriptionTX]]></FldName><FiltVAl /><NumOpenParens><![CDATA[0]]></NumOpenParens><NumCloseParens><![CDATA[0]]></NumCloseParens><BooleanOperatorType><![CDATA[0]]></BooleanOperatorType><groupDatesBy><![CDATA[0]]></groupDatesBy><sourceTabularRepName /><LegendColumn><![CDATA[0]]></LegendColumn><defaultFlag><![CDATA[0]]></defaultFlag><DSID><![CDATA[0]]></DSID></Column><Column Type="1" DType="320" FiltType="0" Seq="2" ConditionalFilter="0" FilterLocalizedData="0"><SecName><![CDATA[RecordInformation]]></SecName><SecondarySecName /><FldLabel><![CDATA[Service Class]]></FldLabel><FldName><![CDATA[triMatrixServiceClassCL]]></FldName><FiltVAl /><NumOpenParens><![CDATA[0]]></NumOpenParens><NumCloseParens><![CDATA[0]]></NumCloseParens><BooleanOperatorType><![CDATA[0]]></BooleanOperatorType><groupDatesBy><![CDATA[0]]></groupDatesBy><sourceTabularRepName /><LegendColumn><![CDATA[0]]></LegendColumn><defaultFlag><![CDATA[0]]></defaultFlag><DSID><![CDATA[0]]></DSID></Column><Column Type="1" DType="320" FiltType="0" Seq="3" ConditionalFilter="0" FilterLocalizedData="0"><SecName><![CDATA[RecordInformation]]></SecName><SecondarySecName /><FldLabel><![CDATA[Parent Category Name]]></FldLabel><FldName><![CDATA[triNameTX]]></FldName><FiltVAl /><NumOpenParens><![CDATA[0]]></NumOpenParens><NumCloseParens><![CDATA[0]]></NumCloseParens><BooleanOperatorType><![CDATA[0]]></BooleanOperatorType><groupDatesBy><![CDATA[0]]></groupDatesBy><sourceTabularRepName /><LegendColumn><![CDATA[0]]></LegendColumn><defaultFlag><![CDATA[0]]></defaultFlag><DSID><![CDATA[1]]></DSID></Column><Column Type="1" DType="320" FiltType="0" Seq="4" ConditionalFilter="0" FilterLocalizedData="0"><SecName><![CDATA[RecordInformation]]></SecName><SecondarySecName /><FldLabel><![CDATA[Root Category Name]]></FldLabel><FldName><![CDATA[triNameTX]]></FldName><FiltVAl /><NumOpenParens><![CDATA[0]]></NumOpenParens><NumCloseParens><![CDATA[0]]></NumCloseParens><BooleanOperatorType><![CDATA[0]]></BooleanOperatorType><groupDatesBy><![CDATA[0]]></groupDatesBy><sourceTabularRepName /><LegendColumn><![CDATA[0]]></LegendColumn><defaultFlag><![CDATA[0]]></defaultFlag><DSID><![CDATA[2]]></DSID></Column><Column Type="1" DType="320" FiltType="0" Seq="5" ConditionalFilter="0" FilterLocalizedData="0"><SecName><![CDATA[RecordInformation]]></SecName><SecondarySecName /><FldLabel><![CDATA[Building Name]]></FldLabel><FldName><![CDATA[triNameTX]]></FldName><FiltVAl /><NumOpenParens><![CDATA[0]]></NumOpenParens><NumCloseParens><![CDATA[0]]></NumCloseParens><BooleanOperatorType><![CDATA[0]]></BooleanOperatorType><groupDatesBy><![CDATA[0]]></groupDatesBy><sourceTabularRepName /><LegendColumn><![CDATA[0]]></LegendColumn><defaultFlag><![CDATA[0]]></defaultFlag><DSID><![CDATA[3]]></DSID></Column><Column Type="1" DType="320" FiltType="0" Seq="6" ConditionalFilter="0" FilterLocalizedData="0"><SecName><![CDATA[RecordInformation]]></SecName><SecondarySecName /><FldLabel><![CDATA[Building ID]]></FldLabel><FldName><![CDATA[triRecordIdSY]]></FldName><FiltVAl /><NumOpenParens><![CDATA[0]]></NumOpenParens><NumCloseParens><![CDATA[0]]></NumCloseParens><BooleanOperatorType><![CDATA[0]]></BooleanOperatorType><groupDatesBy><![CDATA[0]]></groupDatesBy><sourceTabularRepName /><LegendColumn><![CDATA[0]]></LegendColumn><defaultFlag><![CDATA[0]]></defaultFlag><DSID><![CDATA[3]]></DSID></Column><Column Type="1" DType="320" FiltType="0" Seq="7" ConditionalFilter="0" FilterLocalizedData="0"><SecName><![CDATA[RecordInformation]]></SecName><SecondarySecName /><FldLabel><![CDATA[Building Path]]></FldLabel><FldName><![CDATA[triPathTX]]></FldName><FiltVAl /><NumOpenParens><![CDATA[0]]></NumOpenParens><NumCloseParens><![CDATA[0]]></NumCloseParens><BooleanOperatorType><![CDATA[0]]></BooleanOperatorType><groupDatesBy><![CDATA[0]]></groupDatesBy><sourceTabularRepName /><LegendColumn><![CDATA[0]]></LegendColumn><defaultFlag><![CDATA[0]]></defaultFlag><DSID><![CDATA[3]]></DSID></Column><Column Type="3" DType="320" FiltType="0" Seq="0" ConditionalFilter="0" FilterLocalizedData="0"><SecName><![CDATA[RecordInformation]]></SecName><SecondarySecName /><FldLabel><![CDATA[Building ID]]></FldLabel><FldName><![CDATA[triRecordIdSY]]></FldName><FiltVAl /><NumOpenParens><![CDATA[0]]></NumOpenParens><NumCloseParens><![CDATA[0]]></NumCloseParens><BooleanOperatorType><![CDATA[0]]></BooleanOperatorType><groupDatesBy><![CDATA[0]]></groupDatesBy><sourceTabularRepName /><LegendColumn><![CDATA[0]]></LegendColumn><defaultFlag><![CDATA[0]]></defaultFlag><DSID><![CDATA[3]]></DSID></Column><Column Type="3" DType="320" FiltType="0" Seq="1" ConditionalFilter="0" FilterLocalizedData="0"><SecName><![CDATA[RecordInformation]]></SecName><SecondarySecName /><FldLabel><![CDATA[Parent Category Name]]></FldLabel><FldName><![CDATA[triNameTX]]></FldName><FiltVAl /><NumOpenParens><![CDATA[0]]></NumOpenParens><NumCloseParens><![CDATA[0]]></NumCloseParens><BooleanOperatorType><![CDATA[0]]></BooleanOperatorType><groupDatesBy><![CDATA[0]]></groupDatesBy><sourceTabularRepName /><LegendColumn><![CDATA[0]]></LegendColumn><defaultFlag><![CDATA[0]]></defaultFlag><DSID><![CDATA[1]]></DSID></Column><Column Type="3" DType="320" FiltType="0" Seq="2" ConditionalFilter="0" FilterLocalizedData="0"><SecName><![CDATA[RecordInformation]]></SecName><SecondarySecName /><FldLabel><![CDATA[Name]]></FldLabel><FldName><![CDATA[triNameTX]]></FldName><FiltVAl /><NumOpenParens><![CDATA[0]]></NumOpenParens><NumCloseParens><![CDATA[0]]></NumCloseParens><BooleanOperatorType><![CDATA[0]]></BooleanOperatorType><groupDatesBy><![CDATA[0]]></groupDatesBy><sourceTabularRepName /><LegendColumn><![CDATA[0]]></LegendColumn><defaultFlag><![CDATA[0]]></defaultFlag><DSID><![CDATA[0]]></DSID></Column><Column Type="3" DType="320" FiltType="0" Seq="3" ConditionalFilter="0" FilterLocalizedData="0"><SecName><![CDATA[RecordInformation]]></SecName><SecondarySecName /><FldLabel><![CDATA[Service Class]]></FldLabel><FldName><![CDATA[triMatrixServiceClassCL]]></FldName><FiltVAl /><NumOpenParens><![CDATA[0]]></NumOpenParens><NumCloseParens><![CDATA[0]]></NumCloseParens><BooleanOperatorType><![CDATA[0]]></BooleanOperatorType><groupDatesBy><![CDATA[0]]></groupDatesBy><sourceTabularRepName /><LegendColumn><![CDATA[0]]></LegendColumn><defaultFlag><![CDATA[0]]></defaultFlag><DSID><![CDATA[0]]></DSID></Column><Column Type="5" DType="320" FiltType="16" Seq="0" ConditionalFilter="0" FilterLocalizedData="0"><SecName><![CDATA[RecordInformation]]></SecName><SecondarySecName /><FldLabel><![CDATA[Name]]></FldLabel><FldName><![CDATA[triNameTX]]></FldName><FiltVAl><![CDATA[$$RUNTIME$$]]></FiltVAl><NumOpenParens><![CDATA[0]]></NumOpenParens><NumCloseParens><![CDATA[0]]></NumCloseParens><BooleanOperatorType><![CDATA[0]]></BooleanOperatorType><groupDatesBy><![CDATA[0]]></groupDatesBy><sourceTabularRepName /><LegendColumn><![CDATA[0]]></LegendColumn><defaultFlag><![CDATA[0]]></defaultFlag><DSID><![CDATA[0]]></DSID></Column><Column Type="5" DType="320" FiltType="16" Seq="1" ConditionalFilter="0" FilterLocalizedData="0"><SecName><![CDATA[RecordInformation]]></SecName><SecondarySecName /><FldLabel><![CDATA[Name]]></FldLabel><FldName><![CDATA[triNameTX]]></FldName><FiltVAl><![CDATA[$$RUNTIME$$]]></FiltVAl><NumOpenParens><![CDATA[0]]></NumOpenParens><NumCloseParens><![CDATA[0]]></NumCloseParens><BooleanOperatorType><![CDATA[0]]></BooleanOperatorType><groupDatesBy><![CDATA[0]]></groupDatesBy><sourceTabularRepName /><LegendColumn><![CDATA[0]]></LegendColumn><defaultFlag><![CDATA[0]]></defaultFlag><DSID><![CDATA[3]]></DSID></Column><Column Type="5" DType="320" FiltType="16" Seq="2" ConditionalFilter="0" FilterLocalizedData="0"><SecName><![CDATA[RecordInformation]]></SecName><SecondarySecName /><FldLabel><![CDATA[Description]]></FldLabel><FldName><![CDATA[triDescriptionTX]]></FldName><FiltVAl><![CDATA[$$RUNTIME$$]]></FiltVAl><NumOpenParens><![CDATA[0]]></NumOpenParens><NumCloseParens><![CDATA[0]]></NumCloseParens><BooleanOperatorType><![CDATA[0]]></BooleanOperatorType><groupDatesBy><![CDATA[0]]></groupDatesBy><sourceTabularRepName /><LegendColumn><![CDATA[0]]></LegendColumn><defaultFlag><![CDATA[0]]></defaultFlag><DSID><![CDATA[0]]></DSID></Column><Column Type="5" DType="320" FiltType="16" Seq="3" ConditionalFilter="0" FilterLocalizedData="0"><SecName><![CDATA[RecordInformation]]></SecName><SecondarySecName /><FldLabel><![CDATA[Name]]></FldLabel><FldName><![CDATA[triNameTX]]></FldName><FiltVAl><![CDATA[$$RUNTIME$$]]></FiltVAl><NumOpenParens><![CDATA[0]]></NumOpenParens><NumCloseParens><![CDATA[0]]></NumCloseParens><BooleanOperatorType><![CDATA[0]]></BooleanOperatorType><groupDatesBy><![CDATA[0]]></groupDatesBy><sourceTabularRepName /><LegendColumn><![CDATA[0]]></LegendColumn><defaultFlag><![CDATA[0]]></defaultFlag><DSID><![CDATA[1]]></DSID></Column><Column Type="5" DType="320" FiltType="16" Seq="4" ConditionalFilter="0" FilterLocalizedData="0"><SecName><![CDATA[RecordInformation]]></SecName><SecondarySecName /><FldLabel><![CDATA[Service Class]]></FldLabel><FldName><![CDATA[triMatrixServiceClassCL]]></FldName><FiltVAl><![CDATA[$$RUNTIME$$]]></FiltVAl><NumOpenParens><![CDATA[0]]></NumOpenParens><NumCloseParens><![CDATA[0]]></NumCloseParens><BooleanOperatorType><![CDATA[0]]></BooleanOperatorType><groupDatesBy><![CDATA[0]]></groupDatesBy><sourceTabularRepName /><LegendColumn><![CDATA[0]]></LegendColumn><defaultFlag><![CDATA[0]]></defaultFlag><DSID><![CDATA[0]]></DSID></Column><Column Type="5" DType="320" FiltType="35" Seq="5" ConditionalFilter="0" FilterLocalizedData="0"><SecName><![CDATA[RecordInformation]]></SecName><SecondarySecName /><FldLabel><![CDATA[Name]]></FldLabel><FldName><![CDATA[triNameTX]]></FldName><FiltVAl><![CDATA[Building Services]]></FiltVAl><NumOpenParens><![CDATA[0]]></NumOpenParens><NumCloseParens><![CDATA[0]]></NumCloseParens><BooleanOperatorType><![CDATA[0]]></BooleanOperatorType><groupDatesBy><![CDATA[0]]></groupDatesBy><sourceTabularRepName /><LegendColumn><![CDATA[0]]></LegendColumn><defaultFlag><![CDATA[0]]></defaultFlag><DSID><![CDATA[1]]></DSID></Column><Column Type="5" DType="320" FiltType="16" Seq="6" ConditionalFilter="0" FilterLocalizedData="0"><SecName><![CDATA[RecordInformation]]></SecName><SecondarySecName /><FldLabel><![CDATA[Name]]></FldLabel><FldName><![CDATA[triNameTX]]></FldName><FiltVAl><![CDATA[Building Services]]></FiltVAl><NumOpenParens><![CDATA[0]]></NumOpenParens><NumCloseParens><![CDATA[0]]></NumCloseParens><BooleanOperatorType><![CDATA[0]]></BooleanOperatorType><groupDatesBy><![CDATA[0]]></groupDatesBy><sourceTabularRepName /><LegendColumn><![CDATA[0]]></LegendColumn><defaultFlag><![CDATA[0]]></defaultFlag><DSID><![CDATA[2]]></DSID></Column></Columns></Query>
