<?xml version="1.0" encoding="UTF-8"?>
<!-- IBM Confidential OCO Source Materials --><!-- (C) COPYRIGHT IBM CORP. 2011-2019 --><!-- The source code for this program is not published or otherwise divested of its trade secrets, irrespective of what has been deposited with the U.S. Copyright Office. --><Query><Header Scope="0" TagIdentifier="null" Type="1" RandomCnt="0" FixedColCnt="0" ResultSize="0" ColorBy="0" ShowInWebGraphics="1" SumAllForColorBy="0" DScope="2" Editable="0" GraphType="1" DisplayLegend="1" EnableProjectSwitch="0" ChildColumnDisplay="0" SystemFlag="1" TrackHistory="0"><ObjectLabelName><![CDATA[In Progress 0.0]]></ObjectLabelName><Name><![CDATA[triPeople - WA-OSLC - People Search - Employees and Consultants]]></Name><Module><![CDATA[triPeople]]></Module><BO><![CDATA[triPeople]]></BO><Number><![CDATA[SYSTEM]]></Number><Description><![CDATA[All Employees and Consultants for WA-OSLC]]></Description><HeaderStr><![CDATA[Employees and Consultants]]></HeaderStr><PromptBeforeQuery><![CDATA[0]]></PromptBeforeQuery><Queued><![CDATA[0]]></Queued><XTitle /><YTitle /><RecState /><TabularOutput><![CDATA[0]]></TabularOutput><AssociatedField /><UpdatedBy><![CDATA[Exchange, IoT - 1002549]]></UpdatedBy><ScorecardTargetOption><![CDATA[0]]></ScorecardTargetOption></Header><BoDataSources><BoDataSource><DSID><![CDATA[1]]></DSID><AssociatedMod><![CDATA[Location]]></AssociatedMod><AssociatedBO><![CDATA[triSpace]]></AssociatedBO><ParentDS><![CDATA[0]]></ParentDS><AssocString><![CDATA[Has Primary Location]]></AssocString><PrimaryAssocFlag><![CDATA[1]]></PrimaryAssocFlag></BoDataSource><BoDataSource><DSID><![CDATA[2]]></DSID><AssociatedMod><![CDATA[Location]]></AssociatedMod><AssociatedBO><![CDATA[triFloor]]></AssociatedBO><ParentDS><![CDATA[1]]></ParentDS><AssocString><![CDATA[Parent Floor]]></AssocString><PrimaryAssocFlag><![CDATA[0]]></PrimaryAssocFlag></BoDataSource><BoDataSource><DSID><![CDATA[3]]></DSID><AssociatedMod><![CDATA[Location]]></AssociatedMod><AssociatedBO><![CDATA[triBuilding]]></AssociatedBO><ParentDS><![CDATA[2]]></ParentDS><AssocString><![CDATA[Parent Building]]></AssocString><PrimaryAssocFlag><![CDATA[0]]></PrimaryAssocFlag></BoDataSource></BoDataSources><Bos><BO><Name><![CDATA[triPeople]]></Name><Module><![CDATA[triPeople]]></Module><DSID><![CDATA[0]]></DSID></BO><BO><Name><![CDATA[triLand]]></Name><Module><![CDATA[Location]]></Module><DSID><![CDATA[1]]></DSID></BO><BO><Name><![CDATA[triSpace]]></Name><Module><![CDATA[Location]]></Module><DSID><![CDATA[1]]></DSID></BO><BO><Name><![CDATA[Location]]></Name><Module><![CDATA[Location]]></Module><DSID><![CDATA[1]]></DSID></BO><BO><Name><![CDATA[triProperty]]></Name><Module><![CDATA[Location]]></Module><DSID><![CDATA[1]]></DSID></BO><BO><Name><![CDATA[triPlannedSpace]]></Name><Module><![CDATA[Location]]></Module><DSID><![CDATA[1]]></DSID></BO><BO><Name><![CDATA[triVerticalShaft]]></Name><Module><![CDATA[Location]]></Module><DSID><![CDATA[1]]></DSID></BO><BO><Name><![CDATA[triPlannedFloor]]></Name><Module><![CDATA[Location]]></Module><DSID><![CDATA[1]]></DSID></BO><BO><Name><![CDATA[triBuilding]]></Name><Module><![CDATA[Location]]></Module><DSID><![CDATA[1]]></DSID></BO><BO><Name><![CDATA[triFloor]]></Name><Module><![CDATA[Location]]></Module><DSID><![CDATA[1]]></DSID></BO><BO><Name><![CDATA[triInstallation]]></Name><Module><![CDATA[Location]]></Module><DSID><![CDATA[1]]></DSID></BO><BO><Name><![CDATA[triProposedSite]]></Name><Module><![CDATA[Location]]></Module><DSID><![CDATA[1]]></DSID></BO><BO><Name><![CDATA[triLand]]></Name><Module><![CDATA[Location]]></Module><DSID><![CDATA[2]]></DSID></BO><BO><Name><![CDATA[triSpace]]></Name><Module><![CDATA[Location]]></Module><DSID><![CDATA[2]]></DSID></BO><BO><Name><![CDATA[Location]]></Name><Module><![CDATA[Location]]></Module><DSID><![CDATA[2]]></DSID></BO><BO><Name><![CDATA[triProperty]]></Name><Module><![CDATA[Location]]></Module><DSID><![CDATA[2]]></DSID></BO><BO><Name><![CDATA[triPlannedSpace]]></Name><Module><![CDATA[Location]]></Module><DSID><![CDATA[2]]></DSID></BO><BO><Name><![CDATA[triVerticalShaft]]></Name><Module><![CDATA[Location]]></Module><DSID><![CDATA[2]]></DSID></BO><BO><Name><![CDATA[triPlannedFloor]]></Name><Module><![CDATA[Location]]></Module><DSID><![CDATA[2]]></DSID></BO><BO><Name><![CDATA[triBuilding]]></Name><Module><![CDATA[Location]]></Module><DSID><![CDATA[2]]></DSID></BO><BO><Name><![CDATA[triFloor]]></Name><Module><![CDATA[Location]]></Module><DSID><![CDATA[2]]></DSID></BO><BO><Name><![CDATA[triInstallation]]></Name><Module><![CDATA[Location]]></Module><DSID><![CDATA[2]]></DSID></BO><BO><Name><![CDATA[triProposedSite]]></Name><Module><![CDATA[Location]]></Module><DSID><![CDATA[2]]></DSID></BO><BO><Name><![CDATA[triLand]]></Name><Module><![CDATA[Location]]></Module><DSID><![CDATA[3]]></DSID></BO><BO><Name><![CDATA[triSpace]]></Name><Module><![CDATA[Location]]></Module><DSID><![CDATA[3]]></DSID></BO><BO><Name><![CDATA[Location]]></Name><Module><![CDATA[Location]]></Module><DSID><![CDATA[3]]></DSID></BO><BO><Name><![CDATA[triProperty]]></Name><Module><![CDATA[Location]]></Module><DSID><![CDATA[3]]></DSID></BO><BO><Name><![CDATA[triPlannedSpace]]></Name><Module><![CDATA[Location]]></Module><DSID><![CDATA[3]]></DSID></BO><BO><Name><![CDATA[triVerticalShaft]]></Name><Module><![CDATA[Location]]></Module><DSID><![CDATA[3]]></DSID></BO><BO><Name><![CDATA[triPlannedFloor]]></Name><Module><![CDATA[Location]]></Module><DSID><![CDATA[3]]></DSID></BO><BO><Name><![CDATA[triBuilding]]></Name><Module><![CDATA[Location]]></Module><DSID><![CDATA[3]]></DSID></BO><BO><Name><![CDATA[triFloor]]></Name><Module><![CDATA[Location]]></Module><DSID><![CDATA[3]]></DSID></BO><BO><Name><![CDATA[triInstallation]]></Name><Module><![CDATA[Location]]></Module><DSID><![CDATA[3]]></DSID></BO><BO><Name><![CDATA[triProposedSite]]></Name><Module><![CDATA[Location]]></Module><DSID><![CDATA[3]]></DSID></BO></Bos><GUIs><GUI><Name><![CDATA[triEmployee]]></Name><Module><![CDATA[triPeople]]></Module></GUI><GUI><Name><![CDATA[triConsultant]]></Name><Module><![CDATA[triPeople]]></Module></GUI></GUIs><Columns><Column Type="1" DType="320" FiltType="0" Seq="0" ConditionalFilter="0" FilterLocalizedData="0"><SecName><![CDATA[Detail]]></SecName><SecondarySecName /><FldLabel><![CDATA[Picture]]></FldLabel><FldName><![CDATA[triImageIM]]></FldName><FiltVAl /><NumOpenParens><![CDATA[0]]></NumOpenParens><NumCloseParens><![CDATA[0]]></NumCloseParens><BooleanOperatorType><![CDATA[0]]></BooleanOperatorType><groupDatesBy><![CDATA[0]]></groupDatesBy><sourceTabularRepName /><LegendColumn><![CDATA[0]]></LegendColumn><defaultFlag><![CDATA[0]]></defaultFlag><DSID><![CDATA[0]]></DSID></Column><Column Type="1" DType="320" FiltType="0" Seq="1" ConditionalFilter="0" FilterLocalizedData="0"><SecName><![CDATA[Detail]]></SecName><SecondarySecName /><FldLabel><![CDATA[System Record ID]]></FldLabel><FldName><![CDATA[triRecordIdSY]]></FldName><FiltVAl /><NumOpenParens><![CDATA[0]]></NumOpenParens><NumCloseParens><![CDATA[0]]></NumCloseParens><BooleanOperatorType><![CDATA[0]]></BooleanOperatorType><groupDatesBy><![CDATA[0]]></groupDatesBy><sourceTabularRepName /><LegendColumn><![CDATA[0]]></LegendColumn><defaultFlag><![CDATA[0]]></defaultFlag><DSID><![CDATA[0]]></DSID></Column><Column Type="1" DType="320" FiltType="0" Seq="2" ConditionalFilter="0" FilterLocalizedData="0"><SecName><![CDATA[System Info]]></SecName><SecondarySecName /><FldLabel><![CDATA[Parent]]></FldLabel><FldName><![CDATA[Parent]]></FldName><FiltVAl /><NumOpenParens><![CDATA[0]]></NumOpenParens><NumCloseParens><![CDATA[0]]></NumCloseParens><BooleanOperatorType><![CDATA[0]]></BooleanOperatorType><groupDatesBy><![CDATA[0]]></groupDatesBy><sourceTabularRepName /><LegendColumn><![CDATA[0]]></LegendColumn><defaultFlag><![CDATA[0]]></defaultFlag><DSID><![CDATA[1]]></DSID></Column><Column Type="1" DType="320" FiltType="0" Seq="3" ConditionalFilter="0" FilterLocalizedData="0"><SecName><![CDATA[Detail]]></SecName><SecondarySecName /><FldLabel><![CDATA[First Name]]></FldLabel><FldName><![CDATA[triFirstNameTX]]></FldName><FiltVAl /><NumOpenParens><![CDATA[0]]></NumOpenParens><NumCloseParens><![CDATA[0]]></NumCloseParens><BooleanOperatorType><![CDATA[0]]></BooleanOperatorType><groupDatesBy><![CDATA[0]]></groupDatesBy><sourceTabularRepName /><LegendColumn><![CDATA[0]]></LegendColumn><defaultFlag><![CDATA[0]]></defaultFlag><DSID><![CDATA[0]]></DSID></Column><Column Type="1" DType="320" FiltType="0" Seq="4" ConditionalFilter="0" FilterLocalizedData="0"><SecName><![CDATA[Detail]]></SecName><SecondarySecName /><FldLabel><![CDATA[Last Name]]></FldLabel><FldName><![CDATA[triLastNameTX]]></FldName><FiltVAl /><NumOpenParens><![CDATA[0]]></NumOpenParens><NumCloseParens><![CDATA[0]]></NumCloseParens><BooleanOperatorType><![CDATA[0]]></BooleanOperatorType><groupDatesBy><![CDATA[0]]></groupDatesBy><sourceTabularRepName /><LegendColumn><![CDATA[0]]></LegendColumn><defaultFlag><![CDATA[0]]></defaultFlag><DSID><![CDATA[0]]></DSID></Column><Column Type="1" DType="320" FiltType="0" Seq="5" ConditionalFilter="0" FilterLocalizedData="0"><SecName><![CDATA[Detail]]></SecName><SecondarySecName /><FldLabel><![CDATA[Name]]></FldLabel><FldName><![CDATA[triNameTX]]></FldName><FiltVAl /><NumOpenParens><![CDATA[0]]></NumOpenParens><NumCloseParens><![CDATA[0]]></NumCloseParens><BooleanOperatorType><![CDATA[0]]></BooleanOperatorType><groupDatesBy><![CDATA[0]]></groupDatesBy><sourceTabularRepName /><LegendColumn><![CDATA[0]]></LegendColumn><defaultFlag><![CDATA[0]]></defaultFlag><DSID><![CDATA[0]]></DSID></Column><Column Type="1" DType="320" FiltType="0" Seq="6" ConditionalFilter="0" FilterLocalizedData="0"><SecName><![CDATA[Detail]]></SecName><SecondarySecName /><FldLabel><![CDATA[Title]]></FldLabel><FldName><![CDATA[triTitleTX]]></FldName><FiltVAl /><NumOpenParens><![CDATA[0]]></NumOpenParens><NumCloseParens><![CDATA[0]]></NumCloseParens><BooleanOperatorType><![CDATA[0]]></BooleanOperatorType><groupDatesBy><![CDATA[0]]></groupDatesBy><sourceTabularRepName /><LegendColumn><![CDATA[0]]></LegendColumn><defaultFlag><![CDATA[0]]></defaultFlag><DSID><![CDATA[0]]></DSID></Column><Column Type="1" DType="320" FiltType="0" Seq="7" ConditionalFilter="0" FilterLocalizedData="0"><SecName><![CDATA[Detail]]></SecName><SecondarySecName /><FldLabel><![CDATA[Work Phone]]></FldLabel><FldName><![CDATA[triWorkPhoneTX]]></FldName><FiltVAl /><NumOpenParens><![CDATA[0]]></NumOpenParens><NumCloseParens><![CDATA[0]]></NumCloseParens><BooleanOperatorType><![CDATA[0]]></BooleanOperatorType><groupDatesBy><![CDATA[0]]></groupDatesBy><sourceTabularRepName /><LegendColumn><![CDATA[0]]></LegendColumn><defaultFlag><![CDATA[0]]></defaultFlag><DSID><![CDATA[0]]></DSID></Column><Column Type="1" DType="320" FiltType="0" Seq="8" ConditionalFilter="0" FilterLocalizedData="0"><SecName><![CDATA[triPrimaryOrganization]]></SecName><SecondarySecName /><FldLabel><![CDATA[Organization]]></FldLabel><FldName><![CDATA[triNameTX]]></FldName><FiltVAl /><NumOpenParens><![CDATA[0]]></NumOpenParens><NumCloseParens><![CDATA[0]]></NumCloseParens><BooleanOperatorType><![CDATA[0]]></BooleanOperatorType><groupDatesBy><![CDATA[0]]></groupDatesBy><sourceTabularRepName /><LegendColumn><![CDATA[0]]></LegendColumn><defaultFlag><![CDATA[0]]></defaultFlag><DSID><![CDATA[0]]></DSID></Column><Column Type="1" DType="320" FiltType="0" Seq="9" ConditionalFilter="0" FilterLocalizedData="0"><SecName><![CDATA[triSpacePrimaryLocation]]></SecName><SecondarySecName /><FldLabel><![CDATA[Building]]></FldLabel><FldName><![CDATA[triParentBuildingTX]]></FldName><FiltVAl /><NumOpenParens><![CDATA[0]]></NumOpenParens><NumCloseParens><![CDATA[0]]></NumCloseParens><BooleanOperatorType><![CDATA[0]]></BooleanOperatorType><groupDatesBy><![CDATA[0]]></groupDatesBy><sourceTabularRepName /><LegendColumn><![CDATA[0]]></LegendColumn><defaultFlag><![CDATA[0]]></defaultFlag><DSID><![CDATA[0]]></DSID></Column><Column Type="1" DType="320" FiltType="0" Seq="10" ConditionalFilter="0" FilterLocalizedData="0"><SecName><![CDATA[RecordInformation]]></SecName><SecondarySecName /><FldLabel><![CDATA[Building City]]></FldLabel><FldName><![CDATA[triCityTX]]></FldName><FiltVAl /><NumOpenParens><![CDATA[0]]></NumOpenParens><NumCloseParens><![CDATA[0]]></NumCloseParens><BooleanOperatorType><![CDATA[0]]></BooleanOperatorType><groupDatesBy><![CDATA[0]]></groupDatesBy><sourceTabularRepName /><LegendColumn><![CDATA[0]]></LegendColumn><defaultFlag><![CDATA[0]]></defaultFlag><DSID><![CDATA[3]]></DSID></Column><Column Type="1" DType="320" FiltType="0" Seq="11" ConditionalFilter="0" FilterLocalizedData="0"><SecName><![CDATA[RecordInformation]]></SecName><SecondarySecName /><FldLabel><![CDATA[Building State]]></FldLabel><FldName><![CDATA[triStateProvTX]]></FldName><FiltVAl /><NumOpenParens><![CDATA[0]]></NumOpenParens><NumCloseParens><![CDATA[0]]></NumCloseParens><BooleanOperatorType><![CDATA[0]]></BooleanOperatorType><groupDatesBy><![CDATA[0]]></groupDatesBy><sourceTabularRepName /><LegendColumn><![CDATA[0]]></LegendColumn><defaultFlag><![CDATA[0]]></defaultFlag><DSID><![CDATA[3]]></DSID></Column><Column Type="1" DType="320" FiltType="0" Seq="12" ConditionalFilter="0" FilterLocalizedData="0"><SecName><![CDATA[RecordInformation]]></SecName><SecondarySecName /><FldLabel><![CDATA[Building Country]]></FldLabel><FldName><![CDATA[triCountryTX]]></FldName><FiltVAl /><NumOpenParens><![CDATA[0]]></NumOpenParens><NumCloseParens><![CDATA[0]]></NumCloseParens><BooleanOperatorType><![CDATA[0]]></BooleanOperatorType><groupDatesBy><![CDATA[0]]></groupDatesBy><sourceTabularRepName /><LegendColumn><![CDATA[0]]></LegendColumn><defaultFlag><![CDATA[0]]></defaultFlag><DSID><![CDATA[3]]></DSID></Column><Column Type="1" DType="320" FiltType="0" Seq="13" ConditionalFilter="0" FilterLocalizedData="0"><SecName><![CDATA[triSpacePrimaryLocation]]></SecName><SecondarySecName /><FldLabel><![CDATA[Floor]]></FldLabel><FldName><![CDATA[triParentFloorTX]]></FldName><FiltVAl /><NumOpenParens><![CDATA[0]]></NumOpenParens><NumCloseParens><![CDATA[0]]></NumCloseParens><BooleanOperatorType><![CDATA[0]]></BooleanOperatorType><groupDatesBy><![CDATA[0]]></groupDatesBy><sourceTabularRepName /><LegendColumn><![CDATA[0]]></LegendColumn><defaultFlag><![CDATA[0]]></defaultFlag><DSID><![CDATA[0]]></DSID></Column><Column Type="1" DType="320" FiltType="0" Seq="14" ConditionalFilter="0" FilterLocalizedData="0"><SecName><![CDATA[triSpacePrimaryLocation]]></SecName><SecondarySecName /><FldLabel><![CDATA[Room]]></FldLabel><FldName><![CDATA[triNameTX]]></FldName><FiltVAl /><NumOpenParens><![CDATA[0]]></NumOpenParens><NumCloseParens><![CDATA[0]]></NumCloseParens><BooleanOperatorType><![CDATA[0]]></BooleanOperatorType><groupDatesBy><![CDATA[0]]></groupDatesBy><sourceTabularRepName /><LegendColumn><![CDATA[0]]></LegendColumn><defaultFlag><![CDATA[0]]></defaultFlag><DSID><![CDATA[0]]></DSID></Column><Column Type="3" DType="320" FiltType="0" Seq="0" ConditionalFilter="0" FilterLocalizedData="0"><SecName><![CDATA[Detail]]></SecName><SecondarySecName /><FldLabel><![CDATA[Name]]></FldLabel><FldName><![CDATA[triNameTX]]></FldName><FiltVAl /><NumOpenParens><![CDATA[0]]></NumOpenParens><NumCloseParens><![CDATA[0]]></NumCloseParens><BooleanOperatorType><![CDATA[0]]></BooleanOperatorType><groupDatesBy><![CDATA[0]]></groupDatesBy><sourceTabularRepName /><LegendColumn><![CDATA[0]]></LegendColumn><defaultFlag><![CDATA[0]]></defaultFlag><DSID><![CDATA[0]]></DSID></Column><Column Type="5" DType="320" FiltType="16" Seq="0" ConditionalFilter="0" FilterLocalizedData="0"><SecName><![CDATA[Detail]]></SecName><SecondarySecName /><FldLabel><![CDATA[First Name]]></FldLabel><FldName><![CDATA[triFirstNameTX]]></FldName><FiltVAl><![CDATA[$$RUNTIME$$]]></FiltVAl><NumOpenParens><![CDATA[0]]></NumOpenParens><NumCloseParens><![CDATA[0]]></NumCloseParens><BooleanOperatorType><![CDATA[0]]></BooleanOperatorType><groupDatesBy><![CDATA[0]]></groupDatesBy><sourceTabularRepName /><LegendColumn><![CDATA[0]]></LegendColumn><defaultFlag><![CDATA[0]]></defaultFlag><DSID><![CDATA[0]]></DSID></Column><Column Type="5" DType="320" FiltType="16" Seq="1" ConditionalFilter="0" FilterLocalizedData="0"><SecName><![CDATA[Detail]]></SecName><SecondarySecName /><FldLabel><![CDATA[Last Name]]></FldLabel><FldName><![CDATA[triLastNameTX]]></FldName><FiltVAl><![CDATA[$$RUNTIME$$]]></FiltVAl><NumOpenParens><![CDATA[0]]></NumOpenParens><NumCloseParens><![CDATA[0]]></NumCloseParens><BooleanOperatorType><![CDATA[0]]></BooleanOperatorType><groupDatesBy><![CDATA[0]]></groupDatesBy><sourceTabularRepName /><LegendColumn><![CDATA[0]]></LegendColumn><defaultFlag><![CDATA[0]]></defaultFlag><DSID><![CDATA[0]]></DSID></Column><Column Type="5" DType="320" FiltType="16" Seq="2" ConditionalFilter="0" FilterLocalizedData="0"><SecName><![CDATA[Detail]]></SecName><SecondarySecName /><FldLabel><![CDATA[Name]]></FldLabel><FldName><![CDATA[triNameTX]]></FldName><FiltVAl><![CDATA[$$RUNTIME$$]]></FiltVAl><NumOpenParens><![CDATA[0]]></NumOpenParens><NumCloseParens><![CDATA[0]]></NumCloseParens><BooleanOperatorType><![CDATA[0]]></BooleanOperatorType><groupDatesBy><![CDATA[0]]></groupDatesBy><sourceTabularRepName /><LegendColumn><![CDATA[0]]></LegendColumn><defaultFlag><![CDATA[0]]></defaultFlag><DSID><![CDATA[0]]></DSID></Column><Column Type="5" DType="320" FiltType="16" Seq="3" ConditionalFilter="0" FilterLocalizedData="0"><SecName><![CDATA[RecordInformation]]></SecName><SecondarySecName /><FldLabel><![CDATA[Room]]></FldLabel><FldName><![CDATA[triNameTX]]></FldName><FiltVAl><![CDATA[$$RUNTIME$$]]></FiltVAl><NumOpenParens><![CDATA[0]]></NumOpenParens><NumCloseParens><![CDATA[0]]></NumCloseParens><BooleanOperatorType><![CDATA[0]]></BooleanOperatorType><groupDatesBy><![CDATA[0]]></groupDatesBy><sourceTabularRepName /><LegendColumn><![CDATA[0]]></LegendColumn><defaultFlag><![CDATA[0]]></defaultFlag><DSID><![CDATA[1]]></DSID></Column><Column Type="5" DType="320" FiltType="16" Seq="4" ConditionalFilter="0" FilterLocalizedData="0"><SecName><![CDATA[RecordInformation]]></SecName><SecondarySecName /><FldLabel><![CDATA[Floor]]></FldLabel><FldName><![CDATA[triNameTX]]></FldName><FiltVAl><![CDATA[$$RUNTIME$$]]></FiltVAl><NumOpenParens><![CDATA[0]]></NumOpenParens><NumCloseParens><![CDATA[0]]></NumCloseParens><BooleanOperatorType><![CDATA[0]]></BooleanOperatorType><groupDatesBy><![CDATA[0]]></groupDatesBy><sourceTabularRepName /><LegendColumn><![CDATA[0]]></LegendColumn><defaultFlag><![CDATA[0]]></defaultFlag><DSID><![CDATA[2]]></DSID></Column><Column Type="5" DType="320" FiltType="16" Seq="5" ConditionalFilter="0" FilterLocalizedData="0"><SecName><![CDATA[RecordInformation]]></SecName><SecondarySecName /><FldLabel><![CDATA[Building]]></FldLabel><FldName><![CDATA[triNameTX]]></FldName><FiltVAl><![CDATA[$$RUNTIME$$]]></FiltVAl><NumOpenParens><![CDATA[0]]></NumOpenParens><NumCloseParens><![CDATA[0]]></NumCloseParens><BooleanOperatorType><![CDATA[0]]></BooleanOperatorType><groupDatesBy><![CDATA[0]]></groupDatesBy><sourceTabularRepName /><LegendColumn><![CDATA[0]]></LegendColumn><defaultFlag><![CDATA[0]]></defaultFlag><DSID><![CDATA[3]]></DSID></Column><Column Type="5" DType="320" FiltType="11" Seq="6" ConditionalFilter="0" FilterLocalizedData="0"><SecName><![CDATA[Detail]]></SecName><SecondarySecName /><FldLabel><![CDATA[Status]]></FldLabel><FldName><![CDATA[triStatusCL]]></FldName><FiltVAl><![CDATA[Retired]]></FiltVAl><NumOpenParens><![CDATA[0]]></NumOpenParens><NumCloseParens><![CDATA[0]]></NumCloseParens><BooleanOperatorType><![CDATA[0]]></BooleanOperatorType><groupDatesBy><![CDATA[0]]></groupDatesBy><sourceTabularRepName /><LegendColumn><![CDATA[0]]></LegendColumn><defaultFlag><![CDATA[0]]></defaultFlag><DSID><![CDATA[0]]></DSID></Column></Columns></Query>
