<?xml version="1.0" encoding="UTF-8"?>
<!-- IBM Confidential OCO Source Materials --><!-- (C) COPYRIGHT IBM CORP. 2011-2019 --><!-- The source code for this program is not published or otherwise divested of its trade secrets, irrespective of what has been deposited with the U.S. Copyright Office. --><BoRecords>     <BoRecord BoId="10030380" RecordId="-1" BoName="triOslcService" GUIId="10043104" GUIName="triOslcService" ModuleId="23828" ModuleName="triOslc" CompanyId="208133" ParentName="" ActionName="" ObjState="created" SourceId="133181779">
<BoSectionName NameValue="System Info">
                     <Review___Status>
                         
                     </Review___Status>
                     <Prior___State>
                         created
                     </Prior___State>
                     <LocationId>
                         
                     </LocationId>
                     <OrganizationId>
                         
                     </OrganizationId>
                     <GeographyId>
                         
                     </GeographyId>
                     <CreatedBy>
                         133174714
                     </CreatedBy>
                     <ModifiedBy>
                         
                     </ModifiedBy>
                     <CreatedTime>
                         1556920990012
                     </CreatedTime>
                     <ModifiedTime>
                         1556921550930
                     </ModifiedTime>
                     <Type>
                         10030380
                     </Type>
                     <Parent>
                         
                     </Parent>
         </BoSectionName>
<BoSectionName NameValue="General">
                     <GeographyName>
                         
                     </GeographyName>
                     <triNameTX>
                         triServiceRequestService
                     </triNameTX>
                     <triRecordIdSY>
                         133181779
                     </triRecordIdSY>
                     <triModifiedDateTimeNumberSY>
                         1556921550930
                     </triModifiedDateTimeNumberSY>
                     <triIdTX>
                         
                     </triIdTX>
                     <triDomainTX>
                         http://jazz.net/ns/ism/smarter_physical_infrastructure#
                     </triDomainTX>
                     <LocationName>
                         
                     </LocationName>
                     <triOslcServiceType>
                         Query Capability
                     </triOslcServiceType>
                     <OrgName>
                         
                     </OrgName>
                     <triConstructedUrlHiddenTX>
                         
                     </triConstructedUrlHiddenTX>
         </BoSectionName>
<Associations><Association><Name><![CDATA[Contains]]></Name><TargetModule><![CDATA[triOslc]]></TargetModule><TargetBo><![CDATA[triOslcQueryCapability]]></TargetBo><TargetObjectName><![CDATA[\cstBuildingServicesQC]]></TargetObjectName></Association><Association><Name><![CDATA[Contains]]></Name><TargetModule><![CDATA[triOslc]]></TargetModule><TargetBo><![CDATA[triOslcCreationFactory]]></TargetBo><TargetObjectName><![CDATA[\triServiceRequestCF]]></TargetObjectName></Association><Association><Name><![CDATA[Is Contained By]]></Name><TargetModule><![CDATA[triOslc]]></TargetModule><TargetBo><![CDATA[triOslcServiceProvider]]></TargetBo><TargetObjectName><![CDATA[\triServiceRequestSP]]></TargetObjectName></Association></Associations>     </BoRecord>
</BoRecords>
