<?xml version="1.0" encoding="UTF-8"?>
<!-- IBM Confidential OCO Source Materials --><!-- (C) COPYRIGHT IBM CORP. 2011-2019 --><!-- The source code for this program is not published or otherwise divested of its trade secrets, irrespective of what has been deposited with the U.S. Copyright Office. --><BoRecords>     <BoRecord BoId="10030386" RecordId="-1" BoName="triOslcCreationFactory" GUIId="10043096" GUIName="triOslcCreationFactory" ModuleId="23828" ModuleName="triOslc" CompanyId="208133" ParentName="" ActionName="" ObjState="created" SourceId="133225612">
<BoSectionName NameValue="System Info">
                     <Review___Status>
                         
                     </Review___Status>
                     <Prior___State>
                         created
                     </Prior___State>
                     <LocationId>
                         
                     </LocationId>
                     <OrganizationId>
                         
                     </OrganizationId>
                     <GeographyId>
                         
                     </GeographyId>
                     <CreatedBy>
                         133174714
                     </CreatedBy>
                     <ModifiedBy>
                         
                     </ModifiedBy>
                     <CreatedTime>
                         1563326121441
                     </CreatedTime>
                     <ModifiedTime>
                         1563326267010
                     </ModifiedTime>
                     <Type>
                         10030386
                     </Type>
                     <Parent>
                         
                     </Parent>
         </BoSectionName>
<BoSectionName NameValue="General">
                     <triNameTX>
                         triLocationFindCF
                     </triNameTX>
                     <triRecordIdSY>
                         133225612
                     </triRecordIdSY>
                     <triModifiedDateTimeNumberSY>
                         1563326267010
                     </triModifiedDateTimeNumberSY>
                     <triTitleTX>
                         Location find creation factory
                     </triTitleTX>
                     <triLabelTX>
                         
                     </triLabelTX>
                     <LocationName>
                         \Locations\Offices\North America\Charlotte Watson Center\02 - Second Floor\02-AL11
                     </LocationName>
                     <triCreationTX>
                         
                     </triCreationTX>
                     <OrgName>
                         \Organizations\GreenPoint\THINK Smarter Education\Watson School of Technology
                     </OrgName>
                     <triUsageTX>
                         Find people or rooms
                     </triUsageTX>
                     <GeographyName>
                         
                     </GeographyName>
                     <triConstructedUrlHiddenTX>
                         /oslc/spc/triLocationFindCF
                     </triConstructedUrlHiddenTX>
                     <triIdTX>
                         
                     </triIdTX>
                     <triResourceTypeTX>
                         
                     </triResourceTypeTX>
         </BoSectionName>
<BoSectionName NameValue="ResourceShape">
                     <triNameTX>
                         
                     </triNameTX>
                     <triTitleTX>
                         
                     </triTitleTX>
                     <triIdTX>
                         
                     </triIdTX>
                     <triNamespaceTX>
                         
                     </triNamespaceTX>
         </BoSectionName>
<Associations><Association><Name><![CDATA[Primary Organization]]></Name><TargetModule><![CDATA[Organization]]></TargetModule><TargetBo><![CDATA[Organization]]></TargetBo><TargetObjectName><![CDATA[\Organizations\GreenPoint\THINK Smarter Education\Watson School of Technology]]></TargetObjectName></Association><Association><Name><![CDATA[Primary Location]]></Name><TargetModule><![CDATA[Location]]></TargetModule><TargetBo><![CDATA[triSpace]]></TargetBo><TargetObjectName><![CDATA[\Locations\Offices\North America\Charlotte Watson Center\02 - Second Floor\02-AL11]]></TargetObjectName></Association><Association><Name><![CDATA[Is Contained By]]></Name><TargetModule><![CDATA[triOslc]]></TargetModule><TargetBo><![CDATA[triOslcService]]></TargetBo><TargetObjectName><![CDATA[\triLocate]]></TargetObjectName></Association></Associations>     </BoRecord>
</BoRecords>
