<?xml version="1.0" encoding="UTF-8"?>
<!-- IBM Confidential OCO Source Materials --><!-- (C) COPYRIGHT IBM CORP. 2011-2019 --><!-- The source code for this program is not published or otherwise divested of its trade secrets, irrespective of what has been deposited with the U.S. Copyright Office. --><BoRecords>     <BoRecord BoId="10030384" RecordId="-1" BoName="triOslcQueryCapability" GUIId="10043101" GUIName="triOslcQueryCapability" ModuleId="23828" ModuleName="triOslc" CompanyId="208133" ParentName="" ActionName="" ObjState="created" SourceId="133229386">
<BoSectionName NameValue="System Info">
                     <Review___Status>
                         
                     </Review___Status>
                     <Prior___State>
                         created
                     </Prior___State>
                     <LocationId>
                         
                     </LocationId>
                     <OrganizationId>
                         
                     </OrganizationId>
                     <GeographyId>
                         
                     </GeographyId>
                     <CreatedBy>
                         133174714
                     </CreatedBy>
                     <ModifiedBy>
                         
                     </ModifiedBy>
                     <CreatedTime>
                         1563768637295
                     </CreatedTime>
                     <ModifiedTime>
                         1572289526270
                     </ModifiedTime>
                     <Type>
                         10030384
                     </Type>
                     <Parent>
                         
                     </Parent>
         </BoSectionName>
<BoSectionName NameValue="General">
                     <triQueryBaseTX>
                         
                     </triQueryBaseTX>
                     <triUsageTX>
                         
                     </triUsageTX>
                     <triConstructedUrlHiddenTX>
                         /oslc/spq/triWALocateSpaceQC
                     </triConstructedUrlHiddenTX>
                     <triPreviousResourceShapeHiddenTX>
                         
                     </triPreviousResourceShapeHiddenTX>
                     <triNameTX>
                         triWALocateSpaceQC
                     </triNameTX>
                     <LocationName>
                         \Locations\Offices\North America\Charlotte Watson Center\02 - Second Floor\02-AL11
                     </LocationName>
                     <triRecordIdSY>
                         133229386
                     </triRecordIdSY>
                     <OrgName>
                         \Organizations\GreenPoint\THINK Smarter Education\Watson School of Technology
                     </OrgName>
                     <triModifiedDateTimeNumberSY>
                         1572289526270
                     </triModifiedDateTimeNumberSY>
                     <GeographyName>
                         
                     </GeographyName>
                     <triIdTX>
                         
                     </triIdTX>
                     <triTitleTX>
                         Locate a space (room)
                     </triTitleTX>
                     <triLabelTX>
                         
                     </triLabelTX>
                     <triOslcFormatLI>
                         rdfxml
                     </triOslcFormatLI>
                     <triModuleLI>
                         
                     </triModuleLI>
                     <triBOLI>
                         
                     </triBOLI>
                     <triQueryListLI>
                         
                     </triQueryListLI>
                     <triResourceTypeTX>
                         
                     </triResourceTypeTX>
                     <triResourceShapeTX>
                         
                     </triResourceShapeTX>
                     <triQueryBaseLI>
                         
                     </triQueryBaseLI>
                     <triShapeLI>
                         triLocateSpaceRS
                     </triShapeLI>
         </BoSectionName>
<BoSectionName NameValue="ResourceShape">
                     <triNameTX>
                         triWASpaceRS
                     </triNameTX>
                     <triTitleTX>
                         Space (Room) for WA
                     </triTitleTX>
                     <triIdTX>
                         triWALocateSpaceRS
                     </triIdTX>
                     <triNamespaceTX>
                         http://jazz.net/ns/ism/smarter_physical_infrastructure#
                     </triNamespaceTX>
         </BoSectionName>
<Associations><Association><Name><![CDATA[Primary Organization]]></Name><TargetModule><![CDATA[Organization]]></TargetModule><TargetBo><![CDATA[Organization]]></TargetBo><TargetObjectName><![CDATA[\Organizations\GreenPoint\THINK Smarter Education\Watson School of Technology]]></TargetObjectName></Association><Association><Name><![CDATA[Primary Location]]></Name><TargetModule><![CDATA[Location]]></TargetModule><TargetBo><![CDATA[triSpace]]></TargetBo><TargetObjectName><![CDATA[\Locations\Offices\North America\Charlotte Watson Center\02 - Second Floor\02-AL11]]></TargetObjectName></Association><Association><Name><![CDATA[Is Contained By]]></Name><TargetModule><![CDATA[triOslc]]></TargetModule><TargetBo><![CDATA[triOslcService]]></TargetBo><TargetObjectName><![CDATA[\triWALocateSV]]></TargetObjectName></Association></Associations>     </BoRecord>
</BoRecords>
