<?xml version="1.0" encoding="UTF-8"?>
<!-- IBM Confidential OCO Source Materials --><!-- (C) COPYRIGHT IBM CORP. 2011-2019 --><!-- The source code for this program is not published or otherwise divested of its trade secrets, irrespective of what has been deposited with the U.S. Copyright Office. --><BoRecords>     <BoRecord BoId="10030380" RecordId="-1" BoName="triOslcService" GUIId="10043104" GUIName="triOslcService" ModuleId="23828" ModuleName="triOslc" CompanyId="208133" ParentName="" ActionName="" ObjState="created" SourceId="133225609">
<BoSectionName NameValue="System Info">
                     <Review___Status>
                         
                     </Review___Status>
                     <Prior___State>
                         created
                     </Prior___State>
                     <LocationId>
                         
                     </LocationId>
                     <OrganizationId>
                         
                     </OrganizationId>
                     <GeographyId>
                         
                     </GeographyId>
                     <CreatedBy>
                         133174714
                     </CreatedBy>
                     <ModifiedBy>
                         
                     </ModifiedBy>
                     <CreatedTime>
                         1563325493171
                     </CreatedTime>
                     <ModifiedTime>
                         1563325657460
                     </ModifiedTime>
                     <Type>
                         10030380
                     </Type>
                     <Parent>
                         
                     </Parent>
         </BoSectionName>
<BoSectionName NameValue="General">
                     <GeographyName>
                         
                     </GeographyName>
                     <triNameTX>
                         triLocate
                     </triNameTX>
                     <triRecordIdSY>
                         133225609
                     </triRecordIdSY>
                     <triModifiedDateTimeNumberSY>
                         1563325657460
                     </triModifiedDateTimeNumberSY>
                     <triIdTX>
                         
                     </triIdTX>
                     <triDomainTX>
                         http://jazz.net/ns/ism/smarter_physical_infrastructure#
                     </triDomainTX>
                     <LocationName>
                         \Locations\Offices\North America\Charlotte Watson Center\02 - Second Floor\02-AL11
                     </LocationName>
                     <triOslcServiceType>
                         Query Capability
                     </triOslcServiceType>
                     <OrgName>
                         \Organizations\GreenPoint\THINK Smarter Education\Watson School of Technology
                     </OrgName>
                     <triConstructedUrlHiddenTX>
                         
                     </triConstructedUrlHiddenTX>
         </BoSectionName>
<Associations><Association><Name><![CDATA[Primary Organization]]></Name><TargetModule><![CDATA[Organization]]></TargetModule><TargetBo><![CDATA[Organization]]></TargetBo><TargetObjectName><![CDATA[\Organizations\GreenPoint\THINK Smarter Education\Watson School of Technology]]></TargetObjectName></Association><Association><Name><![CDATA[Primary Location]]></Name><TargetModule><![CDATA[Location]]></TargetModule><TargetBo><![CDATA[triSpace]]></TargetBo><TargetObjectName><![CDATA[\Locations\Offices\North America\Charlotte Watson Center\02 - Second Floor\02-AL11]]></TargetObjectName></Association><Association><Name><![CDATA[Contains]]></Name><TargetModule><![CDATA[triOslc]]></TargetModule><TargetBo><![CDATA[triOslcQueryCapability]]></TargetBo><TargetObjectName><![CDATA[\triLocateQC]]></TargetObjectName></Association><Association><Name><![CDATA[Contains]]></Name><TargetModule><![CDATA[triOslc]]></TargetModule><TargetBo><![CDATA[triOslcCreationFactory]]></TargetBo><TargetObjectName><![CDATA[\triLocationFindCF]]></TargetObjectName></Association></Associations>     </BoRecord>
</BoRecords>
