<?xml version="1.0" encoding="UTF-8"?>
<!-- IBM Confidential OCO Source Materials --><!-- (C) COPYRIGHT IBM CORP. 2011-2019 --><!-- The source code for this program is not published or otherwise divested of its trade secrets, irrespective of what has been deposited with the U.S. Copyright Office. --><BoRecords>     <BoRecord BoId="10030387" RecordId="-1" BoName="triOslcServiceProvider" GUIId="10043099" GUIName="triOslcServiceProvider" ModuleId="23828" ModuleName="triOslc" CompanyId="208133" ParentName="" ActionName="" ObjState="created" SourceId="133225608">
<BoSectionName NameValue="System Info">
                     <Review___Status>
                         
                     </Review___Status>
                     <Prior___State>
                         created
                     </Prior___State>
                     <LocationId>
                         
                     </LocationId>
                     <OrganizationId>
                         
                     </OrganizationId>
                     <GeographyId>
                         
                     </GeographyId>
                     <CreatedBy>
                         133174714
                     </CreatedBy>
                     <ModifiedBy>
                         
                     </ModifiedBy>
                     <CreatedTime>
                         1563324316111
                     </CreatedTime>
                     <ModifiedTime>
                         1572289482340
                     </ModifiedTime>
                     <Type>
                         10030387
                     </Type>
                     <Parent>
                         
                     </Parent>
         </BoSectionName>
<BoSectionName NameValue="General">
                     <triPublisherTX>
                         
                     </triPublisherTX>
                     <triDetailsTX>
                         
                     </triDetailsTX>
                     <triConstructedUrlHiddenTX>
                         /oslc/sp/triWALocateSP
                     </triConstructedUrlHiddenTX>
                     <triRecordIdSY>
                         133225608
                     </triRecordIdSY>
                     <triNameTX>
                         triWALocateSP
                     </triNameTX>
                     <LocationName>
                         \Locations\Offices\North America\Charlotte Watson Center\02 - Second Floor\02-AL11
                     </LocationName>
                     <triModifiedDateTimeNumberSY>
                         1572289482340
                     </triModifiedDateTimeNumberSY>
                     <OrgName>
                         \Organizations\GreenPoint\THINK Smarter Education\Watson School of Technology
                     </OrgName>
                     <triIdTX>
                         
                     </triIdTX>
                     <GeographyName>
                         
                     </GeographyName>
                     <triTitleTX>
                         Locate Person/Space Service Provider
                     </triTitleTX>
                     <triDescriptionTX>
                         Locate Person or Space
                     </triDescriptionTX>
                     <triServiceTX>
                         
                     </triServiceTX>
                     <triPrefixDefinitionTX>
                         
                     </triPrefixDefinitionTX>
                     <triOslcFormatLI>
                         rdfxml
                     </triOslcFormatLI>
                     <triStateSY>
                         created
                     </triStateSY>
         </BoSectionName>
<Associations><Association><Name><![CDATA[Primary Organization]]></Name><TargetModule><![CDATA[Organization]]></TargetModule><TargetBo><![CDATA[Organization]]></TargetBo><TargetObjectName><![CDATA[\Organizations\GreenPoint\THINK Smarter Education\Watson School of Technology]]></TargetObjectName></Association><Association><Name><![CDATA[Primary Location]]></Name><TargetModule><![CDATA[Location]]></TargetModule><TargetBo><![CDATA[triSpace]]></TargetBo><TargetObjectName><![CDATA[\Locations\Offices\North America\Charlotte Watson Center\02 - Second Floor\02-AL11]]></TargetObjectName></Association><Association><Name><![CDATA[Contains]]></Name><TargetModule><![CDATA[triOslc]]></TargetModule><TargetBo><![CDATA[triOslcService]]></TargetBo><TargetObjectName><![CDATA[\triWALocateSV]]></TargetObjectName></Association></Associations>     </BoRecord>
</BoRecords>
