<?xml version="1.0" encoding="UTF-8"?>
<!-- IBM Confidential OCO Source Materials --><!-- (C) COPYRIGHT IBM CORP. 2011-2019 --><!-- The source code for this program is not published or otherwise divested of its trade secrets, irrespective of what has been deposited with the U.S. Copyright Office. --><BoRecords>     <BoRecord BoId="10030379" RecordId="-1" BoName="triOslcShape" GUIId="10043100" GUIName="triOslcShape" ModuleId="23828" ModuleName="triOslc" CompanyId="208133" ParentName="" ActionName="" ObjState="created" SourceId="133181765">
<BoSectionName NameValue="System Info">
                     <Review___Status>
                         
                     </Review___Status>
                     <Prior___State>
                         created
                     </Prior___State>
                     <LocationId>
                         
                     </LocationId>
                     <OrganizationId>
                         
                     </OrganizationId>
                     <GeographyId>
                         
                     </GeographyId>
                     <CreatedBy>
                         133174714
                     </CreatedBy>
                     <ModifiedBy>
                         
                     </ModifiedBy>
                     <CreatedTime>
                         1556920987618
                     </CreatedTime>
                     <ModifiedTime>
                         1568921334810
                     </ModifiedTime>
                     <Type>
                         10030379
                     </Type>
                     <Parent>
                         
                     </Parent>
         </BoSectionName>
<BoSectionName NameValue="General">
                     <triQueryPerModuleLI>
                         
                     </triQueryPerModuleLI>
                     <triNamespaceTX>
                         http://jazz.net/ns/tririga/reserve#
                     </triNamespaceTX>
                     <triConstructedUrlTX>
                         /oslc/shapes/triReservationResourceRS
                     </triConstructedUrlTX>
                     <triConstructedUrlHiddenTX>
                         /oslc/shapes/triReservationResourceRS
                     </triConstructedUrlHiddenTX>
                     <triDefaultFormLI>
                         Reservation Resource (triReservationResource)
                     </triDefaultFormLI>
                     <LocationName>
                         
                     </LocationName>
                     <triNameTX>
                         ReservationResource
                     </triNameTX>
                     <OrgName>
                         
                     </OrgName>
                     <triRecordIdSY>
                         133181765
                     </triRecordIdSY>
                     <GeographyName>
                         
                     </GeographyName>
                     <triModifiedDateTimeNumberSY>
                         1568921334810
                     </triModifiedDateTimeNumberSY>
                     <triIdTX>
                         triReservationResourceRS
                     </triIdTX>
                     <triModuleLI>
                         triResourceEvent
                     </triModuleLI>
                     <triBOLI>
                         Reservation Resource (triReservationResource)
                     </triBOLI>
                     <triQueryListLI>
                         triReservationResource - Mobile - Resource - Reservation Resources
                     </triQueryListLI>
                     <triTitleTX>
                         Reservation Resource
                     </triTitleTX>
                     <triIsAssociatedBL>
                         FALSE
                     </triIsAssociatedBL>
                     <triResourceTypeTX>
                         
                     </triResourceTypeTX>
                     <triUsageTX>
                         
                     </triUsageTX>
                     <triHideActionsTX>
                         
                     </triHideActionsTX>
                     <triIgnoreActionBL>
                         FALSE
                     </triIgnoreActionBL>
                     <triEnglishOnlyBL>
                         FALSE
                     </triEnglishOnlyBL>
         </BoSectionName>
<Associations><Association><Name><![CDATA[Contains]]></Name><TargetModule><![CDATA[triOslc]]></TargetModule><TargetBo><![CDATA[triOslcPrefixDefinition]]></TargetBo><TargetObjectName><![CDATA[\reserve - http://jazz.net/ns/tririga/reserve#]]></TargetObjectName></Association><Association><Name><![CDATA[Is Reference Only]]></Name><TargetModule><![CDATA[triOslc]]></TargetModule><TargetBo><![CDATA[triOslcLinkedResource]]></TargetBo><TargetObjectName><![CDATA[\triReservationInstanceResource]]></TargetObjectName></Association><Association><Name><![CDATA[Contains]]></Name><TargetModule><![CDATA[triOslc]]></TargetModule><TargetBo><![CDATA[triOslcLinkedResource]]></TargetBo><TargetObjectName><![CDATA[\triReservationResourceLocation]]></TargetObjectName></Association><Association><Name><![CDATA[Contains]]></Name><TargetModule><![CDATA[triOslc]]></TargetModule><TargetBo><![CDATA[triOslcProperty]]></TargetBo><TargetObjectName><![CDATA[\triLayOutTypeLI-triReservationResourceRS-General]]></TargetObjectName></Association><Association><Name><![CDATA[Contains]]></Name><TargetModule><![CDATA[triOslc]]></TargetModule><TargetBo><![CDATA[triOslcProperty]]></TargetBo><TargetObjectName><![CDATA[\triResourceTypeLI-triReservationResourceRS-General]]></TargetObjectName></Association><Association><Name><![CDATA[Contains]]></Name><TargetModule><![CDATA[triOslc]]></TargetModule><TargetBo><![CDATA[triOslcProperty]]></TargetBo><TargetObjectName><![CDATA[\triRecordIdSY-triReservationResourceRS-General]]></TargetObjectName></Association><Association><Name><![CDATA[Contains]]></Name><TargetModule><![CDATA[triOslc]]></TargetModule><TargetBo><![CDATA[triOslcProperty]]></TargetBo><TargetObjectName><![CDATA[\triLinkedRecordTX-triReservationResourceRS-General]]></TargetObjectName></Association></Associations>     </BoRecord>
</BoRecords>
