<?xml version="1.0" encoding="UTF-8"?>
<!-- IBM Confidential OCO Source Materials --><!-- (C) COPYRIGHT IBM CORP. 2011-2019 --><!-- The source code for this program is not published or otherwise divested of its trade secrets, irrespective of what has been deposited with the U.S. Copyright Office. --><Workflow><Header Type="8" WfStatus="10" IgnoreModuleLevel="0" InstanceData="0" LockRecord="0" Modifier="0"><ObjectLabelName><![CDATA[Root 0.0]]></ObjectLabelName><Name><![CDATA[triReservationServices - Synchronous - Location Reservation - Search Workspaces]]></Name><Module><![CDATA[triAppServices]]></Module><BO><![CDATA[triReservationServices]]></BO><EventName><![CDATA[Pre-Create]]></EventName><Description /><AssociationName /><UpdatedBy><![CDATA[Silky, Ed - 1002520]]></UpdatedBy><AssociatedBO /><AssociatedModule><![CDATA[triAppServices]]></AssociatedModule></Header><Tasks><Task Id="0" Type="1" FilterOperator="10" RecurrenceId="0" MapId="416449" SRCTaskId="-1" TRGTTaskId="-1" AssigneeTaskId="0" SortCount="1" UseMap="1" LockUser="0" AssignToFlag="1" EstEndInDays="0" EstEndInHrs="0" EstEndInMins="0" DateContext="0" ServiceContext="1"><TaskLabel><![CDATA[Start]]></TaskLabel><EventName><![CDATA[Pre-Create]]></EventName><Description /><DeleteSection /><SumSection /><SumField /><FilterSection /><FilterField /><FilterValue /><ServiceAssociation /><TargetAssociation /><TransactionType><![CDATA[0]]></TransactionType><Status><![CDATA[0]]></Status><ParametersMapId><![CDATA[-1]]></ParametersMapId><FormulaRecalc><![CDATA[0]]></FormulaRecalc><Module><![CDATA[triAppServices]]></Module><BO><![CDATA[triReservationServices]]></BO><AssociatedModule><![CDATA[triAppServices]]></AssociatedModule><AssociatedBO /><AssignToUserMod /><AssignToUserBO /><AssignToUser /><TaskRefs /><Condition><Expression><![CDATA[ ]]></Expression></Condition></Task><Task Id="390016" Type="9" FilterOperator="10" RecurrenceId="0" MapId="-1" SRCTaskId="-1" TRGTTaskId="-1" AssigneeTaskId="0" SortCount="1" UseMap="1" LockUser="0" AssignToFlag="1" EstEndInDays="0" EstEndInHrs="0" EstEndInMins="0" DateContext="0" ServiceContext="1"><TaskLabel /><EventName /><Description /><DeleteSection /><SumSection /><SumField /><FilterSection /><FilterField /><FilterValue /><ServiceAssociation /><TargetAssociation /><TransactionType><![CDATA[0]]></TransactionType><Status><![CDATA[0]]></Status><ParametersMapId><![CDATA[-1]]></ParametersMapId><FormulaRecalc><![CDATA[0]]></FormulaRecalc><Module /><BO /><AssignToUserMod /><AssignToUserBO /><AssignToUser /><TaskRefs /></Task><Task Id="390018" Type="38" FilterOperator="10" RecurrenceId="0" MapId="-1" SRCTaskId="-1" TRGTTaskId="-1" AssigneeTaskId="0" SortCount="1" UseMap="1" LockUser="0" AssignToFlag="1" EstEndInDays="0" EstEndInHrs="0" EstEndInMins="0" DateContext="0" ServiceContext="1"><TaskLabel><![CDATA[Get Floor]]></TaskLabel><EventName /><Description /><DeleteSection /><SumSection /><SumField /><FilterSection /><FilterField /><FilterValue /><ServiceAssociation /><TargetAssociation /><TransactionType><![CDATA[0]]></TransactionType><Status><![CDATA[0]]></Status><ParametersMapId><![CDATA[390018]]></ParametersMapId><FormulaRecalc><![CDATA[0]]></FormulaRecalc><FilterClass><![CDATA[25430]]></FilterClass><Module><![CDATA[triAppServices]]></Module><BO><![CDATA[triReservationServices]]></BO><FilterBo><![CDATA[triReservationServices - Synchronous - Get Location - Floor]]></FilterBo><FilterBoBO><![CDATA[triReservationServices]]></FilterBoBO><FilterModule><![CDATA[triAppServices]]></FilterModule><AssignToUserMod /><AssignToUserBO /><AssignToUser /><TaskRefs><TaskRef RefType="0" UseType="1" TaskRefType="0" CtxType="-1" RefTaskId="0"><RefSec /><RefField /><RefAssoc /><RefModule><![CDATA[triAppServices]]></RefModule><RefObject><![CDATA[triReservationServices]]></RefObject><RefRecordMod /><RefRecordBO /><RefRecord /></TaskRef><TaskRef RefType="-1" UseType="2" TaskRefType="-1" CtxType="-1" RefTaskId="-1"><RefSec /><RefField /><RefAssoc /><RefModule /><RefObject /></TaskRef></TaskRefs><Parameters ParametersMapId="390018"><Parameter ParameterId="2" ParameterType="266" VariableId="390189" ParameterName="RTNFloor"><VariableModule><![CDATA[Location]]></VariableModule><VariableBO><![CDATA[triFloor]]></VariableBO></Parameter></Parameters></Task><Task Id="390019" Type="38" FilterOperator="10" RecurrenceId="0" MapId="-1" SRCTaskId="-1" TRGTTaskId="-1" AssigneeTaskId="0" SortCount="1" UseMap="1" LockUser="0" AssignToFlag="1" EstEndInDays="0" EstEndInHrs="0" EstEndInMins="0" DateContext="0" ServiceContext="1"><TaskLabel><![CDATA[Get Requested For]]></TaskLabel><EventName /><Description /><DeleteSection /><SumSection /><SumField /><FilterSection /><FilterField /><FilterValue /><ServiceAssociation /><TargetAssociation /><TransactionType><![CDATA[0]]></TransactionType><Status><![CDATA[0]]></Status><ParametersMapId><![CDATA[390019]]></ParametersMapId><FormulaRecalc><![CDATA[0]]></FormulaRecalc><FilterClass><![CDATA[25430]]></FilterClass><Module><![CDATA[triAppServices]]></Module><BO><![CDATA[triReservationServices]]></BO><FilterBo><![CDATA[triReservationServices - Synchronous - Get Requested For]]></FilterBo><FilterBoBO><![CDATA[triReservationServices]]></FilterBoBO><FilterModule><![CDATA[triAppServices]]></FilterModule><AssignToUserMod /><AssignToUserBO /><AssignToUser /><TaskRefs><TaskRef RefType="0" UseType="1" TaskRefType="0" CtxType="-1" RefTaskId="0"><RefSec /><RefField /><RefAssoc /><RefModule><![CDATA[triAppServices]]></RefModule><RefObject><![CDATA[triReservationServices]]></RefObject><RefRecordMod /><RefRecordBO /><RefRecord /></TaskRef><TaskRef RefType="-1" UseType="2" TaskRefType="-1" CtxType="-1" RefTaskId="-1"><RefSec /><RefField /><RefAssoc /><RefModule /><RefObject /></TaskRef></TaskRefs><Parameters ParametersMapId="390019"><Parameter ParameterId="1" ParameterType="266" VariableId="390190" ParameterName="RTNRequestedFor"><VariableModule><![CDATA[triPeople]]></VariableModule><VariableBO><![CDATA[triPeople]]></VariableBO></Parameter></Parameters></Task><Task Id="390189" Type="40" FilterOperator="10" RecurrenceId="0" MapId="-1" SRCTaskId="-1" TRGTTaskId="-1" AssigneeTaskId="0" SortCount="1" UseMap="1" LockUser="0" AssignToFlag="1" EstEndInDays="0" EstEndInHrs="0" EstEndInMins="0" DateContext="0" ServiceContext="1"><TaskLabel><![CDATA[VARFloor]]></TaskLabel><EventName /><Description /><DeleteSection /><SumSection /><SumField /><FilterSection /><FilterField /><FilterValue /><ServiceAssociation /><TargetAssociation /><TransactionType><![CDATA[0]]></TransactionType><Status><![CDATA[0]]></Status><ParametersMapId><![CDATA[-1]]></ParametersMapId><FormulaRecalc><![CDATA[0]]></FormulaRecalc><Module><![CDATA[Location]]></Module><BO><![CDATA[triFloor]]></BO><AssignToUserMod /><AssignToUserBO /><AssignToUser /><TaskRefs /></Task><Task Id="390190" Type="40" FilterOperator="10" RecurrenceId="0" MapId="-1" SRCTaskId="-1" TRGTTaskId="-1" AssigneeTaskId="0" SortCount="1" UseMap="1" LockUser="0" AssignToFlag="1" EstEndInDays="0" EstEndInHrs="0" EstEndInMins="0" DateContext="0" ServiceContext="1"><TaskLabel><![CDATA[VARRequestedFor]]></TaskLabel><EventName /><Description /><DeleteSection /><SumSection /><SumField /><FilterSection /><FilterField /><FilterValue /><ServiceAssociation /><TargetAssociation /><TransactionType><![CDATA[0]]></TransactionType><Status><![CDATA[0]]></Status><ParametersMapId><![CDATA[-1]]></ParametersMapId><FormulaRecalc><![CDATA[0]]></FormulaRecalc><Module><![CDATA[triPeople]]></Module><BO><![CDATA[triPeople]]></BO><AssignToUserMod /><AssignToUserBO /><AssignToUser /><TaskRefs /></Task><Task Id="390191" Type="14" FilterOperator="10" RecurrenceId="0" MapId="416450" SRCTaskId="-1" TRGTTaskId="390192" AssigneeTaskId="0" SortCount="1" UseMap="1" LockUser="0" AssignToFlag="1" EstEndInDays="0" EstEndInHrs="0" EstEndInMins="0" DateContext="0" ServiceContext="1"><TaskLabel /><EventName><![CDATA[0=true;1=false;]]></EventName><Description /><DeleteSection /><SumSection /><SumField /><FilterSection /><FilterField /><FilterValue /><ServiceAssociation /><TargetAssociation><![CDATA[390189;390192;]]></TargetAssociation><TransactionType><![CDATA[0]]></TransactionType><Status><![CDATA[0]]></Status><ParametersMapId><![CDATA[-1]]></ParametersMapId><FormulaRecalc><![CDATA[0]]></FormulaRecalc><Module /><BO /><AssignToUserMod /><AssignToUserBO /><AssignToUser /><TaskRefs /><Condition><Expression><![CDATA[p0 == 1  ]]></Expression><Params><Param PId="0"><PType><![CDATA[item]]></PType><PDataId><![CDATA[390190]]></PDataId><PItem><![CDATA[Result Count]]></PItem></Param></Params></Condition></Task><Task Id="390192" Type="12" FilterOperator="10" RecurrenceId="0" MapId="-1" SRCTaskId="-1" TRGTTaskId="-1" AssigneeTaskId="0" SortCount="1" UseMap="1" LockUser="0" AssignToFlag="1" EstEndInDays="0" EstEndInHrs="0" EstEndInMins="0" DateContext="0" ServiceContext="1"><TaskLabel /><EventName /><Description /><DeleteSection /><SumSection /><SumField /><FilterSection /><FilterField /><FilterValue /><ServiceAssociation /><TargetAssociation /><TransactionType><![CDATA[0]]></TransactionType><Status><![CDATA[0]]></Status><ParametersMapId><![CDATA[-1]]></ParametersMapId><FormulaRecalc><![CDATA[0]]></FormulaRecalc><Module /><BO /><AssignToUserMod /><AssignToUserBO /><AssignToUser /><TaskRefs /></Task><Task Id="390196" Type="14" FilterOperator="10" RecurrenceId="0" MapId="416451" SRCTaskId="-1" TRGTTaskId="390197" AssigneeTaskId="0" SortCount="1" UseMap="1" LockUser="0" AssignToFlag="1" EstEndInDays="0" EstEndInHrs="0" EstEndInMins="0" DateContext="0" ServiceContext="1"><TaskLabel /><EventName><![CDATA[0=true;1=false;]]></EventName><Description /><DeleteSection /><SumSection /><SumField /><FilterSection /><FilterField /><FilterValue /><ServiceAssociation /><TargetAssociation><![CDATA[390200;390197;]]></TargetAssociation><TransactionType><![CDATA[0]]></TransactionType><Status><![CDATA[0]]></Status><ParametersMapId><![CDATA[-1]]></ParametersMapId><FormulaRecalc><![CDATA[0]]></FormulaRecalc><Module /><BO /><AssignToUserMod /><AssignToUserBO /><AssignToUser /><TaskRefs /><Condition><Expression><![CDATA[p0 == 1 ]]></Expression><Params><Param PId="0"><PType><![CDATA[item]]></PType><PDataId><![CDATA[390189]]></PDataId><PItem><![CDATA[Result Count]]></PItem></Param></Params></Condition></Task><Task Id="390197" Type="12" FilterOperator="10" RecurrenceId="0" MapId="-1" SRCTaskId="-1" TRGTTaskId="-1" AssigneeTaskId="0" SortCount="1" UseMap="1" LockUser="0" AssignToFlag="1" EstEndInDays="0" EstEndInHrs="0" EstEndInMins="0" DateContext="0" ServiceContext="1"><TaskLabel /><EventName /><Description /><DeleteSection /><SumSection /><SumField /><FilterSection /><FilterField /><FilterValue /><ServiceAssociation /><TargetAssociation /><TransactionType><![CDATA[0]]></TransactionType><Status><![CDATA[0]]></Status><ParametersMapId><![CDATA[-1]]></ParametersMapId><FormulaRecalc><![CDATA[0]]></FormulaRecalc><Module /><BO /><AssignToUserMod /><AssignToUserBO /><AssignToUser /><TaskRefs /></Task><Task Id="390200" Type="38" FilterOperator="10" RecurrenceId="0" MapId="-1" SRCTaskId="-1" TRGTTaskId="-1" AssigneeTaskId="0" SortCount="1" UseMap="1" LockUser="0" AssignToFlag="1" EstEndInDays="0" EstEndInHrs="0" EstEndInMins="0" DateContext="0" ServiceContext="1"><TaskLabel><![CDATA[Search Search Workspaces]]></TaskLabel><EventName /><Description /><DeleteSection /><SumSection /><SumField /><FilterSection /><FilterField /><FilterValue /><ServiceAssociation /><TargetAssociation /><TransactionType><![CDATA[0]]></TransactionType><Status><![CDATA[0]]></Status><ParametersMapId><![CDATA[390200]]></ParametersMapId><FormulaRecalc><![CDATA[0]]></FormulaRecalc><FilterClass><![CDATA[25430]]></FilterClass><Module><![CDATA[triAppServices]]></Module><BO><![CDATA[triReservationServices]]></BO><FilterBo><![CDATA[triReservationServices - Synchronous - Search Workspaces]]></FilterBo><FilterBoBO><![CDATA[triReservationServices]]></FilterBoBO><FilterModule><![CDATA[triAppServices]]></FilterModule><AssignToUserMod /><AssignToUserBO /><AssignToUser /><TaskRefs><TaskRef RefType="0" UseType="1" TaskRefType="0" CtxType="-1" RefTaskId="0"><RefSec /><RefField /><RefAssoc /><RefModule><![CDATA[triAppServices]]></RefModule><RefObject><![CDATA[triReservationServices]]></RefObject><RefRecordMod /><RefRecordBO /><RefRecord /></TaskRef><TaskRef RefType="-1" UseType="2" TaskRefType="-1" CtxType="-1" RefTaskId="-1"><RefSec /><RefField /><RefAssoc /><RefModule /><RefObject /></TaskRef></TaskRefs><Parameters ParametersMapId="390200"><Parameter ParameterId="1" ParameterType="5" VariableId="390189" ParameterName="INFloor"><VariableModule><![CDATA[Location]]></VariableModule><VariableBO><![CDATA[triFloor]]></VariableBO></Parameter><Parameter ParameterId="2" ParameterType="5" VariableId="390190" ParameterName="INRequestedFor"><VariableModule><![CDATA[triPeople]]></VariableModule><VariableBO><![CDATA[triPeople]]></VariableBO></Parameter><Parameter ParameterId="4" ParameterType="266" VariableId="390952" ParameterName="RTNLocations"><VariableModule><![CDATA[Location]]></VariableModule><VariableBO><![CDATA[triSpace]]></VariableBO></Parameter></Parameters></Task><Task Id="390202" Type="14" FilterOperator="10" RecurrenceId="0" MapId="416452" SRCTaskId="-1" TRGTTaskId="390203" AssigneeTaskId="0" SortCount="1" UseMap="1" LockUser="0" AssignToFlag="1" EstEndInDays="0" EstEndInHrs="0" EstEndInMins="0" DateContext="0" ServiceContext="1"><TaskLabel /><EventName><![CDATA[0=true;1=false;]]></EventName><Description /><DeleteSection /><SumSection /><SumField /><FilterSection /><FilterField /><FilterValue /><ServiceAssociation /><TargetAssociation><![CDATA[390956;390203;]]></TargetAssociation><TransactionType><![CDATA[0]]></TransactionType><Status><![CDATA[0]]></Status><ParametersMapId><![CDATA[-1]]></ParametersMapId><FormulaRecalc><![CDATA[0]]></FormulaRecalc><Module /><BO /><AssignToUserMod /><AssignToUserBO /><AssignToUser /><TaskRefs /><Condition><Expression><![CDATA[p0 > 0 ]]></Expression><Params><Param PId="0"><PType><![CDATA[item]]></PType><PDataId><![CDATA[390952]]></PDataId><PItem><![CDATA[Result Count]]></PItem></Param></Params></Condition></Task><Task Id="390203" Type="12" FilterOperator="10" RecurrenceId="0" MapId="-1" SRCTaskId="-1" TRGTTaskId="-1" AssigneeTaskId="0" SortCount="1" UseMap="1" LockUser="0" AssignToFlag="1" EstEndInDays="0" EstEndInHrs="0" EstEndInMins="0" DateContext="0" ServiceContext="1"><TaskLabel /><EventName /><Description /><DeleteSection /><SumSection /><SumField /><FilterSection /><FilterField /><FilterValue /><ServiceAssociation /><TargetAssociation /><TransactionType><![CDATA[0]]></TransactionType><Status><![CDATA[0]]></Status><ParametersMapId><![CDATA[-1]]></ParametersMapId><FormulaRecalc><![CDATA[0]]></FormulaRecalc><Module /><BO /><AssignToUserMod /><AssignToUserBO /><AssignToUser /><TaskRefs /></Task><Task Id="390952" Type="40" FilterOperator="10" RecurrenceId="0" MapId="-1" SRCTaskId="-1" TRGTTaskId="-1" AssigneeTaskId="0" SortCount="1" UseMap="1" LockUser="0" AssignToFlag="1" EstEndInDays="0" EstEndInHrs="0" EstEndInMins="0" DateContext="0" ServiceContext="1"><TaskLabel><![CDATA[VARSpaces]]></TaskLabel><EventName /><Description /><DeleteSection /><SumSection /><SumField /><FilterSection /><FilterField /><FilterValue /><ServiceAssociation /><TargetAssociation /><TransactionType><![CDATA[0]]></TransactionType><Status><![CDATA[0]]></Status><ParametersMapId><![CDATA[-1]]></ParametersMapId><FormulaRecalc><![CDATA[0]]></FormulaRecalc><Module><![CDATA[Location]]></Module><BO><![CDATA[triSpace]]></BO><AssignToUserMod /><AssignToUserBO /><AssignToUser /><TaskRefs /></Task><Task Id="390956" Type="28" FilterOperator="10" RecurrenceId="0" MapId="135007" SRCTaskId="-1" TRGTTaskId="-1" AssigneeTaskId="0" SortCount="1" UseMap="1" LockUser="0" AssignToFlag="1" EstEndInDays="0" EstEndInHrs="0" EstEndInMins="0" DateContext="0" ServiceContext="1"><TaskLabel><![CDATA[Associate Spaces]]></TaskLabel><EventName><![CDATA[Append]]></EventName><Description /><DeleteSection /><SumSection /><SumField /><FilterSection /><FilterField /><FilterValue /><ServiceAssociation /><TargetAssociation /><TransactionType><![CDATA[0]]></TransactionType><Status><![CDATA[0]]></Status><ParametersMapId><![CDATA[-1]]></ParametersMapId><FormulaRecalc><![CDATA[2]]></FormulaRecalc><Module><![CDATA[triAppServices]]></Module><BO><![CDATA[triReservationServices]]></BO><AssignToUserMod /><AssignToUserBO /><AssignToUser /><TaskRefs><TaskRef RefType="0" UseType="1" TaskRefType="0" CtxType="-1" RefTaskId="0"><RefSec /><RefField /><RefAssoc /><RefModule><![CDATA[triAppServices]]></RefModule><RefObject><![CDATA[triReservationServices]]></RefObject><RefRecordMod /><RefRecordBO /><RefRecord /></TaskRef><TaskRef RefType="1" UseType="2" TaskRefType="0" CtxType="-1" RefTaskId="390952"><RefSec /><RefField /><RefAssoc /><RefModule><![CDATA[Location]]></RefModule><RefObject><![CDATA[triSpace]]></RefObject></TaskRef></TaskRefs><ObjMappings><ObjMapping Id="135007" Type="5"><FldVal><![CDATA[Associated To]]></FldVal><SrcFldVal /><TrgtModule><![CDATA[triAppServices]]></TrgtModule><TrgtBo><![CDATA[triReservationServices]]></TrgtBo><SrcModule><![CDATA[Location]]></SrcModule><SrcBo><![CDATA[triSpace]]></SrcBo><TrgtTab /><TrgtSec /><TrgtFld /><SrcTab /><SrcSec /><SrcFld /></ObjMapping></ObjMappings></Task></Tasks><WFSteps><WFStep Id="0" Type="1" ParId="-1" /><WFStep Id="390016" Type="9" ParId="390192" /><WFStep Id="390018" Type="38" ParId="390189" /><WFStep Id="390019" Type="38" ParId="390190" /><WFStep Id="390189" Type="40" ParId="390191" /><WFStep Id="390190" Type="40" ParId="390952" /><WFStep Id="390191" Type="14" ParId="390019" /><WFStep Id="390192" Type="12" ParId="390191" /><WFStep Id="390192" Type="12" ParId="390197" /><WFStep Id="390196" Type="14" ParId="390018" /><WFStep Id="390197" Type="12" ParId="390196" /><WFStep Id="390197" Type="12" ParId="390203" /><WFStep Id="390200" Type="38" ParId="390196" /><WFStep Id="390202" Type="14" ParId="390200" /><WFStep Id="390203" Type="12" ParId="390202" /><WFStep Id="390203" Type="12" ParId="390956" /><WFStep Id="390952" Type="40" ParId="0" /><WFStep Id="390956" Type="28" ParId="390202" /></WFSteps></Workflow>
