<?xml version="1.0" encoding="UTF-8"?>
<!-- IBM Confidential OCO Source Materials --><!-- (C) COPYRIGHT IBM CORP. 2011-2019 --><!-- The source code for this program is not published or otherwise divested of its trade secrets, irrespective of what has been deposited with the U.S. Copyright Office. --><Workflow><Header Type="8" WfStatus="10" IgnoreModuleLevel="0" InstanceData="0" LockRecord="0" Modifier="0"><ObjectLabelName><![CDATA[IBM-WA 0.2.0]]></ObjectLabelName><Name><![CDATA[triReservationServices - Synchronous - Search Meeting Spaces]]></Name><Module><![CDATA[triAppServices]]></Module><BO><![CDATA[triReservationServices]]></BO><EventName><![CDATA[Pre-Create]]></EventName><Description /><AssociationName /><UpdatedBy><![CDATA[Silky, Ed - 1002520]]></UpdatedBy></Header><Tasks><Task Id="0" Type="1" FilterOperator="10" RecurrenceId="0" MapId="416461" SRCTaskId="-1" TRGTTaskId="-1" AssigneeTaskId="0" SortCount="1" UseMap="1" LockUser="0" AssignToFlag="1" EstEndInDays="0" EstEndInHrs="0" EstEndInMins="0" DateContext="0" ServiceContext="1"><TaskLabel><![CDATA[Start]]></TaskLabel><EventName><![CDATA[Pre-Create]]></EventName><Description /><DeleteSection /><SumSection /><SumField /><FilterSection /><FilterField /><FilterValue /><ServiceAssociation /><TargetAssociation /><TransactionType><![CDATA[0]]></TransactionType><Status><![CDATA[0]]></Status><ParametersMapId><![CDATA[0]]></ParametersMapId><FormulaRecalc><![CDATA[0]]></FormulaRecalc><Module><![CDATA[triAppServices]]></Module><BO><![CDATA[triReservationServices]]></BO><AssociatedModule /><AssociatedBO /><AssignToUserMod /><AssignToUserBO /><AssignToUser /><TaskRefs /><Condition><Expression><![CDATA[ ]]></Expression></Condition><Parameters ParametersMapId="0"><Parameter ParameterId="1" ParameterType="6" VariableId="390945" ParameterName="RTNLocations"><VariableModule><![CDATA[Location]]></VariableModule><VariableBO><![CDATA[triSpace]]></VariableBO></Parameter><Parameter ParameterId="2" ParameterType="9" VariableId="390179" ParameterName="INRequestedFor"><VariableModule><![CDATA[triPeople]]></VariableModule><VariableBO><![CDATA[triPeople]]></VariableBO></Parameter><Parameter ParameterId="3" ParameterType="9" VariableId="390181" ParameterName="INFloor"><VariableModule><![CDATA[Location]]></VariableModule><VariableBO><![CDATA[triFloor]]></VariableBO></Parameter></Parameters></Task><Task Id="293253" Type="28" FilterOperator="10" RecurrenceId="0" MapId="88637" SRCTaskId="-1" TRGTTaskId="-1" AssigneeTaskId="0" SortCount="1" UseMap="1" LockUser="0" AssignToFlag="1" EstEndInDays="0" EstEndInHrs="0" EstEndInMins="0" DateContext="0" ServiceContext="1"><TaskLabel><![CDATA[Meeting Space]]></TaskLabel><EventName><![CDATA[Append]]></EventName><Description /><DeleteSection /><SumSection /><SumField /><FilterSection /><FilterField /><FilterValue /><ServiceAssociation /><TargetAssociation /><TransactionType><![CDATA[0]]></TransactionType><Status><![CDATA[0]]></Status><ParametersMapId><![CDATA[-1]]></ParametersMapId><FormulaRecalc><![CDATA[2]]></FormulaRecalc><Module><![CDATA[triReservation]]></Module><BO><![CDATA[triReservationManager]]></BO><AssignToUserMod /><AssignToUserBO /><AssignToUser /><TaskRefs><TaskRef RefType="0" UseType="1" TaskRefType="0" CtxType="-1" RefTaskId="388843"><RefSec /><RefField /><RefAssoc /><RefModule><![CDATA[triReservation]]></RefModule><RefObject><![CDATA[triReservationManager]]></RefObject><RefRecordMod /><RefRecordBO /><RefRecord /></TaskRef><TaskRef RefType="1" UseType="2" TaskRefType="0" CtxType="-1" RefTaskId="0"><RefSec /><RefField /><RefAssoc /><RefModule><![CDATA[triAppServices]]></RefModule><RefObject><![CDATA[triReservationServices]]></RefObject></TaskRef></TaskRefs><ObjMappings><ObjMapping Id="88637" Type="40"><FldVal><![CDATA[Conference]]></FldVal><SrcFldVal /><TrgtModule><![CDATA[triReservation]]></TrgtModule><TrgtBo><![CDATA[triReservationManager]]></TrgtBo><SrcModule><![CDATA[triAppServices]]></SrcModule><SrcBo><![CDATA[triReservationServices]]></SrcBo><TrgtTab><![CDATA[General]]></TrgtTab><TrgtSec><![CDATA[General]]></TrgtSec><TrgtFld><![CDATA[triLayOutTypeLI]]></TrgtFld><SrcTab /><SrcSec /><SrcFld /></ObjMapping><ObjMapping Id="88637" Type="40"><FldVal><![CDATA[Meeting Space]]></FldVal><SrcFldVal /><TrgtModule><![CDATA[triReservation]]></TrgtModule><TrgtBo><![CDATA[triReservationManager]]></TrgtBo><SrcModule><![CDATA[triAppServices]]></SrcModule><SrcBo><![CDATA[triReservationServices]]></SrcBo><TrgtTab><![CDATA[General]]></TrgtTab><TrgtSec><![CDATA[General]]></TrgtSec><TrgtFld><![CDATA[triReserveEventLocationTypeLI]]></TrgtFld><SrcTab /><SrcSec /><SrcFld /></ObjMapping></ObjMappings></Task><Task Id="388842" Type="9" FilterOperator="10" RecurrenceId="0" MapId="-1" SRCTaskId="-1" TRGTTaskId="-1" AssigneeTaskId="0" SortCount="1" UseMap="1" LockUser="0" AssignToFlag="1" EstEndInDays="0" EstEndInHrs="0" EstEndInMins="0" DateContext="0" ServiceContext="1"><TaskLabel /><EventName /><Description /><DeleteSection /><SumSection /><SumField /><FilterSection /><FilterField /><FilterValue /><ServiceAssociation /><TargetAssociation /><TransactionType><![CDATA[0]]></TransactionType><Status><![CDATA[0]]></Status><ParametersMapId><![CDATA[-1]]></ParametersMapId><FormulaRecalc><![CDATA[0]]></FormulaRecalc><Module /><BO /><AssignToUserMod /><AssignToUserBO /><AssignToUser /><TaskRefs /></Task><Task Id="388843" Type="40" FilterOperator="10" RecurrenceId="0" MapId="-1" SRCTaskId="-1" TRGTTaskId="-1" AssigneeTaskId="0" SortCount="1" UseMap="1" LockUser="0" AssignToFlag="1" EstEndInDays="0" EstEndInHrs="0" EstEndInMins="0" DateContext="0" ServiceContext="1"><TaskLabel><![CDATA[VARReservationManager]]></TaskLabel><EventName /><Description /><DeleteSection /><SumSection /><SumField /><FilterSection /><FilterField /><FilterValue /><ServiceAssociation /><TargetAssociation /><TransactionType><![CDATA[0]]></TransactionType><Status><![CDATA[0]]></Status><ParametersMapId><![CDATA[-1]]></ParametersMapId><FormulaRecalc><![CDATA[0]]></FormulaRecalc><Module><![CDATA[triReservation]]></Module><BO><![CDATA[triReservationManager]]></BO><AssignToUserMod /><AssignToUserBO /><AssignToUser /><TaskRefs /></Task><Task Id="388966" Type="40" FilterOperator="10" RecurrenceId="0" MapId="-1" SRCTaskId="-1" TRGTTaskId="-1" AssigneeTaskId="0" SortCount="1" UseMap="1" LockUser="0" AssignToFlag="1" EstEndInDays="0" EstEndInHrs="0" EstEndInMins="0" DateContext="0" ServiceContext="1"><TaskLabel><![CDATA[VARReservation]]></TaskLabel><EventName /><Description /><DeleteSection /><SumSection /><SumField /><FilterSection /><FilterField /><FilterValue /><ServiceAssociation /><TargetAssociation /><TransactionType><![CDATA[0]]></TransactionType><Status><![CDATA[0]]></Status><ParametersMapId><![CDATA[-1]]></ParametersMapId><FormulaRecalc><![CDATA[0]]></FormulaRecalc><Module><![CDATA[triReservation]]></Module><BO><![CDATA[triReservationDefinition]]></BO><AssignToUserMod /><AssignToUserBO /><AssignToUser /><TaskRefs /></Task><Task Id="388967" Type="14" FilterOperator="10" RecurrenceId="0" MapId="416460" SRCTaskId="-1" TRGTTaskId="388968" AssigneeTaskId="0" SortCount="1" UseMap="1" LockUser="0" AssignToFlag="1" EstEndInDays="0" EstEndInHrs="0" EstEndInMins="0" DateContext="0" ServiceContext="1"><TaskLabel /><EventName><![CDATA[0=true;1=false;]]></EventName><Description /><DeleteSection /><SumSection /><SumField /><FilterSection /><FilterField /><FilterValue /><ServiceAssociation /><TargetAssociation><![CDATA[390946;388968;]]></TargetAssociation><TransactionType><![CDATA[0]]></TransactionType><Status><![CDATA[0]]></Status><ParametersMapId><![CDATA[-1]]></ParametersMapId><FormulaRecalc><![CDATA[0]]></FormulaRecalc><Module /><BO /><AssignToUserMod /><AssignToUserBO /><AssignToUser /><TaskRefs /><Condition><Expression><![CDATA[p0 == 1 ]]></Expression><Params><Param PId="0"><PType><![CDATA[item]]></PType><PDataId><![CDATA[388843]]></PDataId><PItem><![CDATA[Result Count]]></PItem></Param></Params></Condition></Task><Task Id="388968" Type="12" FilterOperator="10" RecurrenceId="0" MapId="-1" SRCTaskId="-1" TRGTTaskId="-1" AssigneeTaskId="0" SortCount="1" UseMap="1" LockUser="0" AssignToFlag="1" EstEndInDays="0" EstEndInHrs="0" EstEndInMins="0" DateContext="0" ServiceContext="1"><TaskLabel /><EventName /><Description /><DeleteSection /><SumSection /><SumField /><FilterSection /><FilterField /><FilterValue /><ServiceAssociation /><TargetAssociation /><TransactionType><![CDATA[0]]></TransactionType><Status><![CDATA[0]]></Status><ParametersMapId><![CDATA[-1]]></ParametersMapId><FormulaRecalc><![CDATA[0]]></FormulaRecalc><Module /><BO /><AssignToUserMod /><AssignToUserBO /><AssignToUser /><TaskRefs /></Task><Task Id="388971" Type="31" FilterOperator="10" RecurrenceId="0" MapId="-1" SRCTaskId="-1" TRGTTaskId="-1" AssigneeTaskId="0" SortCount="1" UseMap="1" LockUser="1" AssignToFlag="1" EstEndInDays="0" EstEndInHrs="0" EstEndInMins="0" DateContext="0" ServiceContext="1"><TaskLabel><![CDATA[Destroy Reservation Manager]]></TaskLabel><EventName><![CDATA[triRemove]]></EventName><Description /><DeleteSection /><SumSection /><SumField /><FilterSection /><FilterField /><FilterValue /><ServiceAssociation /><TargetAssociation /><TransactionType><![CDATA[0]]></TransactionType><Status><![CDATA[0]]></Status><ParametersMapId><![CDATA[-1]]></ParametersMapId><FormulaRecalc><![CDATA[2]]></FormulaRecalc><Module><![CDATA[triReservation]]></Module><BO><![CDATA[triReservationManager]]></BO><AssignToUserMod /><AssignToUserBO /><AssignToUser /><TaskRefs><TaskRef RefType="0" UseType="1" TaskRefType="0" CtxType="-1" RefTaskId="388843"><RefSec /><RefField /><RefAssoc /><RefModule><![CDATA[triReservation]]></RefModule><RefObject><![CDATA[triReservationManager]]></RefObject><RefRecordMod /><RefRecordBO /><RefRecord /></TaskRef><TaskRef RefType="1" UseType="2" TaskRefType="0" CtxType="-1" RefTaskId="0"><RefSec /><RefField /><RefAssoc /><RefModule /><RefObject /></TaskRef></TaskRefs></Task><Task Id="390179" Type="40" FilterOperator="10" RecurrenceId="0" MapId="-1" SRCTaskId="-1" TRGTTaskId="-1" AssigneeTaskId="0" SortCount="1" UseMap="1" LockUser="0" AssignToFlag="1" EstEndInDays="0" EstEndInHrs="0" EstEndInMins="0" DateContext="0" ServiceContext="1"><TaskLabel><![CDATA[VARRequestedFor]]></TaskLabel><EventName /><Description /><DeleteSection /><SumSection /><SumField /><FilterSection /><FilterField /><FilterValue /><ServiceAssociation /><TargetAssociation /><TransactionType><![CDATA[0]]></TransactionType><Status><![CDATA[0]]></Status><ParametersMapId><![CDATA[-1]]></ParametersMapId><FormulaRecalc><![CDATA[0]]></FormulaRecalc><Module><![CDATA[triPeople]]></Module><BO><![CDATA[triPeople]]></BO><AssignToUserMod /><AssignToUserBO /><AssignToUser /><TaskRefs /></Task><Task Id="390180" Type="38" FilterOperator="10" RecurrenceId="0" MapId="-1" SRCTaskId="-1" TRGTTaskId="-1" AssigneeTaskId="0" SortCount="1" UseMap="1" LockUser="0" AssignToFlag="1" EstEndInDays="0" EstEndInHrs="0" EstEndInMins="0" DateContext="0" ServiceContext="1"><TaskLabel><![CDATA[Get Reservation Manager For Create]]></TaskLabel><EventName /><Description /><DeleteSection /><SumSection /><SumField /><FilterSection /><FilterField /><FilterValue /><ServiceAssociation /><TargetAssociation /><TransactionType><![CDATA[0]]></TransactionType><Status><![CDATA[0]]></Status><ParametersMapId><![CDATA[390180]]></ParametersMapId><FormulaRecalc><![CDATA[0]]></FormulaRecalc><FilterClass><![CDATA[25430]]></FilterClass><Module><![CDATA[triAppServices]]></Module><BO><![CDATA[triReservationServices]]></BO><FilterBo><![CDATA[triReservationServices - Synchronous - Util - Get Reservation Manager For Create]]></FilterBo><FilterBoBO><![CDATA[triReservationServices]]></FilterBoBO><FilterModule><![CDATA[triAppServices]]></FilterModule><AssignToUserMod /><AssignToUserBO /><AssignToUser /><TaskRefs><TaskRef RefType="0" UseType="1" TaskRefType="0" CtxType="-1" RefTaskId="0"><RefSec /><RefField /><RefAssoc /><RefModule><![CDATA[triAppServices]]></RefModule><RefObject><![CDATA[triReservationServices]]></RefObject><RefRecordMod /><RefRecordBO /><RefRecord /></TaskRef><TaskRef RefType="-1" UseType="2" TaskRefType="-1" CtxType="-1" RefTaskId="-1"><RefSec /><RefField /><RefAssoc /><RefModule /><RefObject /></TaskRef></TaskRefs><Parameters ParametersMapId="390180"><Parameter ParameterId="1" ParameterType="266" VariableId="388843" ParameterName="RTNReservationManager"><VariableModule><![CDATA[triReservation]]></VariableModule><VariableBO><![CDATA[triReservationManager]]></VariableBO></Parameter><Parameter ParameterId="2" ParameterType="266" VariableId="388966" ParameterName="RTNReservation"><VariableModule><![CDATA[triReservation]]></VariableModule><VariableBO><![CDATA[triReservationDefinition]]></VariableBO></Parameter><Parameter ParameterId="4" ParameterType="5" VariableId="390179" ParameterName="INRequestedFor"><VariableModule><![CDATA[triPeople]]></VariableModule><VariableBO><![CDATA[triPeople]]></VariableBO></Parameter></Parameters></Task><Task Id="390181" Type="40" FilterOperator="10" RecurrenceId="0" MapId="-1" SRCTaskId="-1" TRGTTaskId="-1" AssigneeTaskId="0" SortCount="1" UseMap="1" LockUser="0" AssignToFlag="1" EstEndInDays="0" EstEndInHrs="0" EstEndInMins="0" DateContext="0" ServiceContext="1"><TaskLabel><![CDATA[VARFloor]]></TaskLabel><EventName /><Description /><DeleteSection /><SumSection /><SumField /><FilterSection /><FilterField /><FilterValue /><ServiceAssociation /><TargetAssociation /><TransactionType><![CDATA[0]]></TransactionType><Status><![CDATA[0]]></Status><ParametersMapId><![CDATA[-1]]></ParametersMapId><FormulaRecalc><![CDATA[0]]></FormulaRecalc><Module><![CDATA[Location]]></Module><BO><![CDATA[triFloor]]></BO><AssignToUserMod /><AssignToUserBO /><AssignToUser /><TaskRefs /></Task><Task Id="390396" Type="14" FilterOperator="10" RecurrenceId="0" MapId="416459" SRCTaskId="-1" TRGTTaskId="390397" AssigneeTaskId="0" SortCount="1" UseMap="1" LockUser="0" AssignToFlag="1" EstEndInDays="0" EstEndInHrs="0" EstEndInMins="0" DateContext="0" ServiceContext="1"><TaskLabel /><EventName><![CDATA[0=true;1=false;]]></EventName><Description /><DeleteSection /><SumSection /><SumField /><FilterSection /><FilterField /><FilterValue /><ServiceAssociation /><TargetAssociation><![CDATA[390411;390397;]]></TargetAssociation><TransactionType><![CDATA[0]]></TransactionType><Status><![CDATA[0]]></Status><ParametersMapId><![CDATA[-1]]></ParametersMapId><FormulaRecalc><![CDATA[0]]></FormulaRecalc><Module /><BO /><AssignToUserMod /><AssignToUserBO /><AssignToUser /><TaskRefs /><Condition><Expression><![CDATA[p0 == ""  ]]></Expression><Params><Param PId="0"><PType><![CDATA[field]]></PType><PDataId><![CDATA[0]]></PDataId><PField><![CDATA[triStartDT]]></PField><PSection><![CDATA[General]]></PSection><PModule><![CDATA[triAppServices]]></PModule><PBO><![CDATA[triReservationServices]]></PBO></Param></Params></Condition></Task><Task Id="390397" Type="12" FilterOperator="10" RecurrenceId="0" MapId="-1" SRCTaskId="-1" TRGTTaskId="-1" AssigneeTaskId="0" SortCount="1" UseMap="1" LockUser="0" AssignToFlag="1" EstEndInDays="0" EstEndInHrs="0" EstEndInMins="0" DateContext="0" ServiceContext="1"><TaskLabel /><EventName /><Description /><DeleteSection /><SumSection /><SumField /><FilterSection /><FilterField /><FilterValue /><ServiceAssociation /><TargetAssociation /><TransactionType><![CDATA[0]]></TransactionType><Status><![CDATA[0]]></Status><ParametersMapId><![CDATA[-1]]></ParametersMapId><FormulaRecalc><![CDATA[0]]></FormulaRecalc><Module /><BO /><AssignToUserMod /><AssignToUserBO /><AssignToUser /><TaskRefs /></Task><Task Id="390411" Type="28" FilterOperator="10" RecurrenceId="0" MapId="134509" SRCTaskId="-1" TRGTTaskId="-1" AssigneeTaskId="0" SortCount="1" UseMap="1" LockUser="0" AssignToFlag="1" EstEndInDays="0" EstEndInHrs="0" EstEndInMins="0" DateContext="0" ServiceContext="1"><TaskLabel><![CDATA[Set Current Time]]></TaskLabel><EventName><![CDATA[Append]]></EventName><Description /><DeleteSection /><SumSection /><SumField /><FilterSection /><FilterField /><FilterValue /><ServiceAssociation /><TargetAssociation /><TransactionType><![CDATA[0]]></TransactionType><Status><![CDATA[0]]></Status><ParametersMapId><![CDATA[-1]]></ParametersMapId><FormulaRecalc><![CDATA[2]]></FormulaRecalc><Module><![CDATA[triAppServices]]></Module><BO><![CDATA[triReservationServices]]></BO><AssignToUserMod /><AssignToUserBO /><AssignToUser /><TaskRefs><TaskRef RefType="0" UseType="1" TaskRefType="0" CtxType="-1" RefTaskId="0"><RefSec /><RefField /><RefAssoc /><RefModule><![CDATA[triAppServices]]></RefModule><RefObject><![CDATA[triReservationServices]]></RefObject><RefRecordMod /><RefRecordBO /><RefRecord /></TaskRef><TaskRef RefType="1" UseType="2" TaskRefType="0" CtxType="-1" RefTaskId="0"><RefSec /><RefField /><RefAssoc /><RefModule><![CDATA[triAppServices]]></RefModule><RefObject><![CDATA[triReservationServices]]></RefObject></TaskRef></TaskRefs><ObjMappings><ObjMapping Id="134509" Type="40"><FldVal><![CDATA[$$CURRENTTIME$$]]></FldVal><SrcFldVal /><TrgtModule><![CDATA[triAppServices]]></TrgtModule><TrgtBo><![CDATA[triReservationServices]]></TrgtBo><SrcModule><![CDATA[triAppServices]]></SrcModule><SrcBo><![CDATA[triReservationServices]]></SrcBo><TrgtTab><![CDATA[General]]></TrgtTab><TrgtSec><![CDATA[General]]></TrgtSec><TrgtFld><![CDATA[triStartDT]]></TrgtFld><SrcTab /><SrcSec /><SrcFld /></ObjMapping></ObjMappings></Task><Task Id="390945" Type="40" FilterOperator="10" RecurrenceId="0" MapId="-1" SRCTaskId="-1" TRGTTaskId="-1" AssigneeTaskId="0" SortCount="1" UseMap="1" LockUser="0" AssignToFlag="1" EstEndInDays="0" EstEndInHrs="0" EstEndInMins="0" DateContext="0" ServiceContext="1"><TaskLabel><![CDATA[VARSpaces]]></TaskLabel><EventName /><Description /><DeleteSection /><SumSection /><SumField /><FilterSection /><FilterField /><FilterValue /><ServiceAssociation /><TargetAssociation /><TransactionType><![CDATA[0]]></TransactionType><Status><![CDATA[0]]></Status><ParametersMapId><![CDATA[-1]]></ParametersMapId><FormulaRecalc><![CDATA[0]]></FormulaRecalc><Module><![CDATA[Location]]></Module><BO><![CDATA[triSpace]]></BO><AssignToUserMod /><AssignToUserBO /><AssignToUser /><TaskRefs /></Task><Task Id="390946" Type="28" FilterOperator="10" RecurrenceId="0" MapId="135006" SRCTaskId="-1" TRGTTaskId="-1" AssigneeTaskId="0" SortCount="1" UseMap="1" LockUser="0" AssignToFlag="1" EstEndInDays="0" EstEndInHrs="0" EstEndInMins="0" DateContext="0" ServiceContext="1"><TaskLabel><![CDATA[Set Building/Floor]]></TaskLabel><EventName><![CDATA[Append]]></EventName><Description /><DeleteSection /><SumSection /><SumField /><FilterSection /><FilterField /><FilterValue /><ServiceAssociation /><TargetAssociation /><TransactionType><![CDATA[0]]></TransactionType><Status><![CDATA[0]]></Status><ParametersMapId><![CDATA[-1]]></ParametersMapId><FormulaRecalc><![CDATA[2]]></FormulaRecalc><Module><![CDATA[triReservation]]></Module><BO><![CDATA[triReservationManager]]></BO><AssignToUserMod /><AssignToUserBO /><AssignToUser /><TaskRefs><TaskRef RefType="0" UseType="1" TaskRefType="0" CtxType="-1" RefTaskId="388843"><RefSec /><RefField /><RefAssoc /><RefModule><![CDATA[triReservation]]></RefModule><RefObject><![CDATA[triReservationManager]]></RefObject><RefRecordMod /><RefRecordBO /><RefRecord /></TaskRef><TaskRef RefType="1" UseType="2" TaskRefType="0" CtxType="-1" RefTaskId="390181"><RefSec /><RefField /><RefAssoc /><RefModule><![CDATA[Location]]></RefModule><RefObject><![CDATA[triFloor]]></RefObject></TaskRef></TaskRefs><ObjMappings><ObjMapping Id="135006" Type="10"><FldVal><![CDATA[RecordInformation::triNameTX]]></FldVal><SrcFldVal /><TrgtModule><![CDATA[triReservation]]></TrgtModule><TrgtBo><![CDATA[triReservationManager]]></TrgtBo><SrcModule><![CDATA[Location]]></SrcModule><SrcBo><![CDATA[triFloor]]></SrcBo><TrgtTab><![CDATA[General]]></TrgtTab><TrgtSec><![CDATA[General]]></TrgtSec><TrgtFld><![CDATA[triFloorTX]]></TrgtFld><SrcTab><![CDATA[General]]></SrcTab><SrcSec><![CDATA[RecordInformation]]></SrcSec><SrcFld><![CDATA[triNameTX]]></SrcFld></ObjMapping><ObjMapping Id="135006" Type="40"><FldVal /><SrcFldVal /><TrgtModule><![CDATA[triReservation]]></TrgtModule><TrgtBo><![CDATA[triReservationManager]]></TrgtBo><SrcModule><![CDATA[Location]]></SrcModule><SrcBo><![CDATA[triFloor]]></SrcBo><TrgtTab><![CDATA[General]]></TrgtTab><TrgtSec><![CDATA[General]]></TrgtSec><TrgtFld><![CDATA[triPropertyTX]]></TrgtFld><SrcTab /><SrcSec /><SrcFld /></ObjMapping><ObjMapping Id="135006" Type="10"><FldVal><![CDATA[RecordInformation::triParentBuildingTX]]></FldVal><SrcFldVal /><TrgtModule><![CDATA[triReservation]]></TrgtModule><TrgtBo><![CDATA[triReservationManager]]></TrgtBo><SrcModule><![CDATA[Location]]></SrcModule><SrcBo><![CDATA[triFloor]]></SrcBo><TrgtTab><![CDATA[General]]></TrgtTab><TrgtSec><![CDATA[Record Information]]></TrgtSec><TrgtFld><![CDATA[triBuildingTX]]></TrgtFld><SrcTab><![CDATA[General]]></SrcTab><SrcSec><![CDATA[RecordInformation]]></SrcSec><SrcFld><![CDATA[triParentBuildingTX]]></SrcFld></ObjMapping><ObjMapping Id="135006" Type="40"><FldVal><![CDATA[1]]></FldVal><SrcFldVal /><TrgtModule><![CDATA[triReservation]]></TrgtModule><TrgtBo><![CDATA[triReservationManager]]></TrgtBo><SrcModule><![CDATA[Location]]></SrcModule><SrcBo><![CDATA[triFloor]]></SrcBo><TrgtTab><![CDATA[General]]></TrgtTab><TrgtSec><![CDATA[Record Information]]></TrgtSec><TrgtFld><![CDATA[triCapacityNU]]></TrgtFld><SrcTab /><SrcSec /><SrcFld /></ObjMapping><ObjMapping Id="135006" Type="40"><FldVal /><SrcFldVal /><TrgtModule><![CDATA[triReservation]]></TrgtModule><TrgtBo><![CDATA[triReservationManager]]></TrgtBo><SrcModule><![CDATA[Location]]></SrcModule><SrcBo><![CDATA[triFloor]]></SrcBo><TrgtTab><![CDATA[General]]></TrgtTab><TrgtSec><![CDATA[Record Information]]></TrgtSec><TrgtFld><![CDATA[triCityTX]]></TrgtFld><SrcTab /><SrcSec /><SrcFld /></ObjMapping></ObjMappings></Task><Task Id="390948" Type="22" FilterOperator="10" RecurrenceId="0" MapId="-1" SRCTaskId="-1" TRGTTaskId="-1" AssigneeTaskId="0" SortCount="1" UseMap="1" LockUser="0" AssignToFlag="1" EstEndInDays="0" EstEndInHrs="0" EstEndInMins="0" DateContext="0" ServiceContext="1"><TaskLabel><![CDATA[Find Rooms]]></TaskLabel><EventName /><Description /><DeleteSection /><SumSection /><SumField /><FilterSection /><FilterField /><FilterValue /><ServiceAssociation /><TargetAssociation /><TransactionType><![CDATA[0]]></TransactionType><Status><![CDATA[0]]></Status><ParametersMapId><![CDATA[-1]]></ParametersMapId><FormulaRecalc><![CDATA[0]]></FormulaRecalc><FilterClass><![CDATA[6]]></FilterClass><Module><![CDATA[Location]]></Module><BO><![CDATA[triSpace]]></BO><FilterBo><![CDATA[triSpace - Display - triReservationManager - All]]></FilterBo><FilterBoBO><![CDATA[triSpace]]></FilterBoBO><FilterModule><![CDATA[Location]]></FilterModule><AssignToUserMod /><AssignToUserBO /><AssignToUser /><TaskRefs><TaskRef RefType="0" UseType="1" TaskRefType="0" CtxType="-1" RefTaskId="388843"><RefSec /><RefField /><RefAssoc /><RefModule><![CDATA[triReservation]]></RefModule><RefObject><![CDATA[triReservationManager]]></RefObject><RefRecordMod /><RefRecordBO /><RefRecord /></TaskRef><TaskRef RefType="1" UseType="2" TaskRefType="0" CtxType="-1" RefTaskId="0"><RefSec /><RefField /><RefAssoc /><RefModule><![CDATA[triAppServices]]></RefModule><RefObject><![CDATA[triReservationServices]]></RefObject></TaskRef></TaskRefs><TaskFilters><TaskFilter SeqId="1" LDataType="320" RDataType="320" LListFlg="0" RListFlg="0" RListType="1" CnstFlg="0" Operator="10" AssociatedToName="" AssociatedToTaskId="0" AssociatedToWithChildren="0"><LSecName><![CDATA[RecordInformation]]></LSecName><LFldName><![CDATA[triParentFloorTX]]></LFldName><RSecName><![CDATA[General]]></RSecName><RFldName><![CDATA[triFloorTX]]></RFldName><RValue /></TaskFilter></TaskFilters></Task><Task Id="390949" Type="41" FilterOperator="10" RecurrenceId="0" MapId="-1" SRCTaskId="390948" TRGTTaskId="390945" AssigneeTaskId="0" SortCount="1" UseMap="1" LockUser="0" AssignToFlag="1" EstEndInDays="0" EstEndInHrs="0" EstEndInMins="0" DateContext="0" ServiceContext="1"><TaskLabel><![CDATA[Set VARSpaces]]></TaskLabel><EventName /><Description /><DeleteSection /><SumSection /><SumField /><FilterSection /><FilterField /><FilterValue /><ServiceAssociation /><TargetAssociation /><TransactionType><![CDATA[0]]></TransactionType><Status><![CDATA[0]]></Status><ParametersMapId><![CDATA[-1]]></ParametersMapId><FormulaRecalc><![CDATA[0]]></FormulaRecalc><Module><![CDATA[Location]]></Module><BO><![CDATA[triSpace]]></BO><AssociatedBO><![CDATA[0]]></AssociatedBO><AssignToUserMod /><AssignToUserBO /><AssignToUser /><TaskRefs /></Task><Task Id="391474" Type="38" FilterOperator="10" RecurrenceId="0" MapId="-1" SRCTaskId="-1" TRGTTaskId="-1" AssigneeTaskId="0" SortCount="1" UseMap="1" LockUser="0" AssignToFlag="1" EstEndInDays="0" EstEndInHrs="0" EstEndInMins="0" DateContext="0" ServiceContext="1"><TaskLabel><![CDATA[OnChange Location Type]]></TaskLabel><EventName /><Description /><DeleteSection /><SumSection /><SumField /><FilterSection /><FilterField /><FilterValue /><ServiceAssociation /><TargetAssociation /><TransactionType><![CDATA[0]]></TransactionType><Status><![CDATA[0]]></Status><ParametersMapId><![CDATA[-1]]></ParametersMapId><FormulaRecalc><![CDATA[0]]></FormulaRecalc><FilterClass><![CDATA[23523]]></FilterClass><Module><![CDATA[triReservation]]></Module><BO><![CDATA[triReservationManager]]></BO><FilterBo><![CDATA[triReservationManager - Synchronous - OnChange - Location Type]]></FilterBo><FilterBoBO><![CDATA[triReservationManager]]></FilterBoBO><FilterModule><![CDATA[triReservation]]></FilterModule><AssignToUserMod /><AssignToUserBO /><AssignToUser /><TaskRefs><TaskRef RefType="0" UseType="1" TaskRefType="0" CtxType="-1" RefTaskId="388843"><RefSec /><RefField /><RefAssoc /><RefModule><![CDATA[triReservation]]></RefModule><RefObject><![CDATA[triReservationManager]]></RefObject><RefRecordMod /><RefRecordBO /><RefRecord /></TaskRef><TaskRef RefType="-1" UseType="2" TaskRefType="-1" CtxType="-1" RefTaskId="-1"><RefSec /><RefField /><RefAssoc /><RefModule /><RefObject /></TaskRef></TaskRefs></Task></Tasks><WFSteps><WFStep Id="0" Type="1" ParId="-1" /><WFStep Id="293253" Type="28" ParId="390946" /><WFStep Id="388842" Type="9" ParId="388968" /><WFStep Id="388843" Type="40" ParId="390181" /><WFStep Id="388966" Type="40" ParId="388843" /><WFStep Id="388967" Type="14" ParId="390180" /><WFStep Id="388968" Type="12" ParId="388967" /><WFStep Id="388968" Type="12" ParId="388971" /><WFStep Id="388971" Type="31" ParId="390949" /><WFStep Id="390179" Type="40" ParId="0" /><WFStep Id="390180" Type="38" ParId="390397" /><WFStep Id="390181" Type="40" ParId="390179" /><WFStep Id="390396" Type="14" ParId="390945" /><WFStep Id="390397" Type="12" ParId="390396" /><WFStep Id="390397" Type="12" ParId="390411" /><WFStep Id="390411" Type="28" ParId="390396" /><WFStep Id="390945" Type="40" ParId="388966" /><WFStep Id="390946" Type="28" ParId="388967" /><WFStep Id="390948" Type="22" ParId="391474" /><WFStep Id="390949" Type="41" ParId="390948" /><WFStep Id="391474" Type="38" ParId="293253" /></WFSteps></Workflow>
