<?xml version="1.0" encoding="UTF-8"?>
<!-- IBM Confidential OCO Source Materials --><!-- (C) COPYRIGHT IBM CORP. 2011-2020 --><!-- The source code for this program is not published or otherwise divested of its trade secrets, irrespective of what has been deposited with the U.S. Copyright Office. --><BoRecords>     <BoRecord BoId="10030382" RecordId="-1" BoName="triOslcPrefixDefinition" GUIId="10043102" GUIName="triOslcPrefixDefinition" ModuleId="23828" ModuleName="triOslc" CompanyId="208133" ParentName="" ActionName="" ObjState="created" SourceId="132639619">
<BoSectionName NameValue="System Info">
                     <Review___Status>
                         
                     </Review___Status>
                     <Prior___State>
                         created
                     </Prior___State>
                     <LocationId>
                         
                     </LocationId>
                     <OrganizationId>
                         
                     </OrganizationId>
                     <GeographyId>
                         
                     </GeographyId>
                     <CreatedBy>
                         221931
                     </CreatedBy>
                     <ModifiedBy>
                         
                     </ModifiedBy>
                     <CreatedTime>
                         1574794546815
                     </CreatedTime>
                     <ModifiedTime>
                         1574794724560
                     </ModifiedTime>
                     <Type>
                         10030382
                     </Type>
                     <Parent>
                         
                     </Parent>
         </BoSectionName>
<BoSectionName NameValue="General">
                     <GeographyName>
                         
                     </GeographyName>
                     <triRecordIdSY>
                         132639619
                     </triRecordIdSY>
                     <triModifiedDateTimeNumberSY>
                         1574794724560
                     </triModifiedDateTimeNumberSY>
                     <triPrefixTX>
                         reserve
                     </triPrefixTX>
                     <triPrefixBaseTX>
                         http://jazz.net/ns/tririga/reserve#
                     </triPrefixBaseTX>
                     <LocationName>
                         
                     </LocationName>
                     <OrgName>
                         
                     </OrgName>
         </BoSectionName>
<Associations><Association><Name><![CDATA[Is Contained By]]></Name><TargetModule><![CDATA[triOslc]]></TargetModule><TargetBo><![CDATA[triOslcShape]]></TargetBo><TargetObjectName><![CDATA[\triPeopleRS]]></TargetObjectName></Association><Association><Name><![CDATA[Is Contained By]]></Name><TargetModule><![CDATA[triOslc]]></TargetModule><TargetBo><![CDATA[triOslcShape]]></TargetBo><TargetObjectName><![CDATA[\ibmSpaceRS]]></TargetObjectName></Association><Association><Name><![CDATA[Is Contained By]]></Name><TargetModule><![CDATA[triOslc]]></TargetModule><TargetBo><![CDATA[triOslcShape]]></TargetBo><TargetObjectName><![CDATA[\ibmReservationServiceRS]]></TargetObjectName></Association><Association><Name><![CDATA[Is Contained By]]></Name><TargetModule><![CDATA[triOslc]]></TargetModule><TargetBo><![CDATA[triOslcShape]]></TargetBo><TargetObjectName><![CDATA[\ibmReservationResourceRS]]></TargetObjectName></Association><Association><Name><![CDATA[Is Contained By]]></Name><TargetModule><![CDATA[triOslc]]></TargetModule><TargetBo><![CDATA[triOslcShape]]></TargetBo><TargetObjectName><![CDATA[\ibmReservationInstanceRS]]></TargetObjectName></Association><Association><Name><![CDATA[Is Contained By]]></Name><TargetModule><![CDATA[triOslc]]></TargetModule><TargetBo><![CDATA[triOslcShape]]></TargetBo><TargetObjectName><![CDATA[\ibmReservationDefinitionRS]]></TargetObjectName></Association><Association><Name><![CDATA[Is Contained By]]></Name><TargetModule><![CDATA[triOslc]]></TargetModule><TargetBo><![CDATA[triOslcShape]]></TargetBo><TargetObjectName><![CDATA[\ibmReservationCheckinLogRS]]></TargetObjectName></Association><Association><Name><![CDATA[Is Contained By]]></Name><TargetModule><![CDATA[triOslc]]></TargetModule><TargetBo><![CDATA[triOslcLinkedResource]]></TargetBo><TargetObjectName><![CDATA[\ReservationServiceMeetingSpaces]]></TargetObjectName></Association><Association><Name><![CDATA[Is Contained By]]></Name><TargetModule><![CDATA[triOslc]]></TargetModule><TargetBo><![CDATA[triOslcLinkedResource]]></TargetBo><TargetObjectName><![CDATA[\triReservationServiceReservations]]></TargetObjectName></Association><Association><Name><![CDATA[Is Contained By]]></Name><TargetModule><![CDATA[triOslc]]></TargetModule><TargetBo><![CDATA[triOslcLinkedResource]]></TargetBo><TargetObjectName><![CDATA[\triReservationResourceLocation]]></TargetObjectName></Association><Association><Name><![CDATA[Is Contained By]]></Name><TargetModule><![CDATA[triOslc]]></TargetModule><TargetBo><![CDATA[triOslcLinkedResource]]></TargetBo><TargetObjectName><![CDATA[\triReservationInstanceResource]]></TargetObjectName></Association></Associations>     </BoRecord>
</BoRecords>
