<?xml version="1.0" encoding="UTF-8"?>
<!-- IBM Confidential OCO Source Materials --><!-- (C) COPYRIGHT IBM CORP. 2011-2020 --><!-- The source code for this program is not published or otherwise divested of its trade secrets, irrespective of what has been deposited with the U.S. Copyright Office. --><Workflow><Header Type="8" WfStatus="10" IgnoreModuleLevel="0" InstanceData="0" LockRecord="0" Modifier="0"><ObjectLabelName><![CDATA[Root 0.0]]></ObjectLabelName><Name><![CDATA[ibmReservationServices - Synchronous - Util - Get Reservation Manager For Create]]></Name><Module><![CDATA[ibmAppServices]]></Module><BO><![CDATA[ibmReservationServices]]></BO><EventName><![CDATA[Pre-Create]]></EventName><Description /><AssociationName /><UpdatedBy><![CDATA[System, System]]></UpdatedBy><AssociatedBO /><AssociatedModule><![CDATA[System]]></AssociatedModule></Header><Tasks><Task Id="0" Type="1" FilterOperator="10" RecurrenceId="0" MapId="412306" SRCTaskId="-1" TRGTTaskId="-1" AssigneeTaskId="0" SortCount="1" UseMap="1" LockUser="0" AssignToFlag="1" EstEndInDays="0" EstEndInHrs="0" EstEndInMins="0" DateContext="0" ServiceContext="1"><TaskLabel><![CDATA[Start]]></TaskLabel><EventName><![CDATA[Pre-Create]]></EventName><Description /><DeleteSection /><SumSection /><SumField /><FilterSection /><FilterField /><FilterValue /><ServiceAssociation /><TargetAssociation /><TransactionType><![CDATA[0]]></TransactionType><Status><![CDATA[0]]></Status><ParametersMapId><![CDATA[0]]></ParametersMapId><FormulaRecalc><![CDATA[0]]></FormulaRecalc><Module><![CDATA[ibmAppServices]]></Module><BO><![CDATA[ibmReservationServices]]></BO><AssociatedModule><![CDATA[System]]></AssociatedModule><AssociatedBO /><AssignToUserMod /><AssignToUserBO /><AssignToUser /><TaskRefs /><Condition><Expression><![CDATA[ ]]></Expression></Condition><Parameters ParametersMapId="0"><Parameter ParameterId="1" ParameterType="6" VariableId="351087" ParameterName="RTNReservationManager"><VariableModule><![CDATA[triReservation]]></VariableModule><VariableBO><![CDATA[triReservationManager]]></VariableBO></Parameter><Parameter ParameterId="2" ParameterType="6" VariableId="351089" ParameterName="RTNReservation"><VariableModule><![CDATA[triReservation]]></VariableModule><VariableBO><![CDATA[triReservationDefinition]]></VariableBO></Parameter><Parameter ParameterId="3" ParameterType="9" VariableId="351130" ParameterName="INCalendarEvent"><VariableModule><![CDATA[System]]></VariableModule><VariableBO><![CDATA[triCalendarEvent]]></VariableBO></Parameter><Parameter ParameterId="4" ParameterType="9" VariableId="351132" ParameterName="INRequestedFor"><VariableModule><![CDATA[triPeople]]></VariableModule><VariableBO><![CDATA[triPeople]]></VariableBO></Parameter><Parameter ParameterId="5" ParameterType="9" VariableId="351133" ParameterName="INUserAction"><VariableModule><![CDATA[System]]></VariableModule><VariableBO><![CDATA[triUserAction]]></VariableBO></Parameter></Parameters></Task><Task Id="345390" Type="9" FilterOperator="10" RecurrenceId="0" MapId="-1" SRCTaskId="-1" TRGTTaskId="-1" AssigneeTaskId="0" SortCount="1" UseMap="1" LockUser="0" AssignToFlag="1" EstEndInDays="0" EstEndInHrs="0" EstEndInMins="0" DateContext="0" ServiceContext="1"><TaskLabel /><EventName /><Description /><DeleteSection /><SumSection /><SumField /><FilterSection /><FilterField /><FilterValue /><ServiceAssociation /><TargetAssociation /><TransactionType><![CDATA[0]]></TransactionType><Status><![CDATA[0]]></Status><ParametersMapId><![CDATA[-1]]></ParametersMapId><FormulaRecalc><![CDATA[0]]></FormulaRecalc><Module /><BO /><AssignToUserMod /><AssignToUserBO /><AssignToUser /><TaskRefs /></Task><Task Id="351087" Type="40" FilterOperator="10" RecurrenceId="0" MapId="-1" SRCTaskId="-1" TRGTTaskId="-1" AssigneeTaskId="0" SortCount="1" UseMap="1" LockUser="0" AssignToFlag="1" EstEndInDays="0" EstEndInHrs="0" EstEndInMins="0" DateContext="0" ServiceContext="1"><TaskLabel><![CDATA[VARReservationManager]]></TaskLabel><EventName /><Description /><DeleteSection /><SumSection /><SumField /><FilterSection /><FilterField /><FilterValue /><ServiceAssociation /><TargetAssociation /><TransactionType><![CDATA[0]]></TransactionType><Status><![CDATA[0]]></Status><ParametersMapId><![CDATA[-1]]></ParametersMapId><FormulaRecalc><![CDATA[0]]></FormulaRecalc><Module><![CDATA[triReservation]]></Module><BO><![CDATA[triReservationManager]]></BO><AssignToUserMod /><AssignToUserBO /><AssignToUser /><TaskRefs /></Task><Task Id="351089" Type="40" FilterOperator="10" RecurrenceId="0" MapId="-1" SRCTaskId="-1" TRGTTaskId="-1" AssigneeTaskId="0" SortCount="1" UseMap="1" LockUser="0" AssignToFlag="1" EstEndInDays="0" EstEndInHrs="0" EstEndInMins="0" DateContext="0" ServiceContext="1"><TaskLabel><![CDATA[VARReservation]]></TaskLabel><EventName /><Description /><DeleteSection /><SumSection /><SumField /><FilterSection /><FilterField /><FilterValue /><ServiceAssociation /><TargetAssociation /><TransactionType><![CDATA[0]]></TransactionType><Status><![CDATA[0]]></Status><ParametersMapId><![CDATA[-1]]></ParametersMapId><FormulaRecalc><![CDATA[0]]></FormulaRecalc><Module><![CDATA[triReservation]]></Module><BO><![CDATA[triReservationDefinition]]></BO><AssignToUserMod /><AssignToUserBO /><AssignToUser /><TaskRefs /></Task><Task Id="351115" Type="27" FilterOperator="10" RecurrenceId="0" MapId="134408" SRCTaskId="-1" TRGTTaskId="-1" AssigneeTaskId="0" SortCount="1" UseMap="1" LockUser="0" AssignToFlag="1" EstEndInDays="0" EstEndInHrs="0" EstEndInMins="0" DateContext="0" ServiceContext="1"><TaskLabel><![CDATA[Create Reservation Helper]]></TaskLabel><EventName><![CDATA[triCalculate]]></EventName><Description /><DeleteSection /><SumSection /><SumField /><FilterSection /><FilterField /><FilterValue /><ServiceAssociation /><TargetAssociation /><TransactionType><![CDATA[0]]></TransactionType><Status><![CDATA[0]]></Status><ParametersMapId><![CDATA[-1]]></ParametersMapId><FormulaRecalc><![CDATA[2]]></FormulaRecalc><Module><![CDATA[triHelper]]></Module><BO><![CDATA[triReservationHelper]]></BO><AssociatedModule><![CDATA[triHelper]]></AssociatedModule><AssociatedBO><![CDATA[triReservationHelper]]></AssociatedBO><AssignToUserMod /><AssignToUserBO /><AssignToUser /><TaskRefs><TaskRef RefType="1" UseType="2" TaskRefType="0" CtxType="-1" RefTaskId="0"><RefSec /><RefField /><RefAssoc /><RefModule><![CDATA[ibmAppServices]]></RefModule><RefObject><![CDATA[ibmReservationServices]]></RefObject></TaskRef></TaskRefs><ObjMappings><ObjMapping Id="134408" Type="40"><FldVal><![CDATA[TRUE]]></FldVal><SrcFldVal /><TrgtModule><![CDATA[triHelper]]></TrgtModule><TrgtBo><![CDATA[triReservationHelper]]></TrgtBo><SrcModule><![CDATA[ibmAppServices]]></SrcModule><SrcBo><![CDATA[ibmReservationServices]]></SrcBo><TrgtTab><![CDATA[General]]></TrgtTab><TrgtSec><![CDATA[General]]></TrgtSec><TrgtFld><![CDATA[triNonVisualModeBL]]></TrgtFld><SrcTab /><SrcSec /><SrcFld /></ObjMapping><ObjMapping Id="134408" Type="6"><FldVal><![CDATA[yes]]></FldVal><SrcFldVal /><TrgtModule><![CDATA[triHelper]]></TrgtModule><TrgtBo><![CDATA[triReservationHelper]]></TrgtBo><SrcModule><![CDATA[ibmAppServices]]></SrcModule><SrcBo><![CDATA[ibmReservationServices]]></SrcBo><TrgtTab /><TrgtSec /><TrgtFld /><SrcTab /><SrcSec /><SrcFld /></ObjMapping></ObjMappings></Task><Task Id="351117" Type="38" FilterOperator="10" RecurrenceId="0" MapId="-1" SRCTaskId="-1" TRGTTaskId="-1" AssigneeTaskId="0" SortCount="1" UseMap="1" LockUser="0" AssignToFlag="1" EstEndInDays="0" EstEndInHrs="0" EstEndInMins="0" DateContext="0" ServiceContext="1"><TaskLabel><![CDATA[Get Reservation Manager For Event]]></TaskLabel><EventName /><Description /><DeleteSection /><SumSection /><SumField /><FilterSection /><FilterField /><FilterValue /><ServiceAssociation /><TargetAssociation /><TransactionType><![CDATA[0]]></TransactionType><Status><![CDATA[0]]></Status><ParametersMapId><![CDATA[351117]]></ParametersMapId><FormulaRecalc><![CDATA[0]]></FormulaRecalc><FilterClass><![CDATA[21219]]></FilterClass><Module><![CDATA[triHelper]]></Module><BO><![CDATA[triReservationHelper]]></BO><FilterBo><![CDATA[triReservationHelper - Synchronous - Calendar - Get Reservation Manager For Event]]></FilterBo><FilterBoBO><![CDATA[triReservationHelper]]></FilterBoBO><FilterModule><![CDATA[triHelper]]></FilterModule><AssignToUserMod /><AssignToUserBO /><AssignToUser /><TaskRefs><TaskRef RefType="0" UseType="1" TaskRefType="0" CtxType="-1" RefTaskId="351115"><RefSec /><RefField /><RefAssoc /><RefModule><![CDATA[triHelper]]></RefModule><RefObject><![CDATA[triReservationHelper]]></RefObject><RefRecordMod /><RefRecordBO /><RefRecord /></TaskRef><TaskRef RefType="-1" UseType="2" TaskRefType="-1" CtxType="-1" RefTaskId="-1"><RefSec /><RefField /><RefAssoc /><RefModule /><RefObject /></TaskRef></TaskRefs><Parameters ParametersMapId="351117"><Parameter ParameterId="1" ParameterType="5" VariableId="351132" ParameterName="INRequestedFor"><VariableModule><![CDATA[triPeople]]></VariableModule><VariableBO><![CDATA[triPeople]]></VariableBO></Parameter><Parameter ParameterId="2" ParameterType="266" VariableId="351087" ParameterName="RTNReservationManager"><VariableModule><![CDATA[triReservation]]></VariableModule><VariableBO><![CDATA[triReservationManager]]></VariableBO></Parameter><Parameter ParameterId="3" ParameterType="266" VariableId="351089" ParameterName="RTNReservation"><VariableModule><![CDATA[triReservation]]></VariableModule><VariableBO><![CDATA[triReservationDefinition]]></VariableBO></Parameter><Parameter ParameterId="4" ParameterType="5" VariableId="351130" ParameterName="INCalendarEvent"><VariableModule><![CDATA[System]]></VariableModule><VariableBO><![CDATA[triCalendarEvent]]></VariableBO></Parameter><Parameter ParameterId="5" ParameterType="5" VariableId="351133" ParameterName="INUserAction"><VariableModule><![CDATA[System]]></VariableModule><VariableBO><![CDATA[triUserAction]]></VariableBO></Parameter></Parameters></Task><Task Id="351130" Type="40" FilterOperator="10" RecurrenceId="0" MapId="-1" SRCTaskId="-1" TRGTTaskId="-1" AssigneeTaskId="0" SortCount="1" UseMap="1" LockUser="0" AssignToFlag="1" EstEndInDays="0" EstEndInHrs="0" EstEndInMins="0" DateContext="0" ServiceContext="1"><TaskLabel><![CDATA[VARCalendarEvent]]></TaskLabel><EventName /><Description /><DeleteSection /><SumSection /><SumField /><FilterSection /><FilterField /><FilterValue /><ServiceAssociation /><TargetAssociation /><TransactionType><![CDATA[0]]></TransactionType><Status><![CDATA[0]]></Status><ParametersMapId><![CDATA[-1]]></ParametersMapId><FormulaRecalc><![CDATA[0]]></FormulaRecalc><Module><![CDATA[System]]></Module><BO><![CDATA[triCalendarEvent]]></BO><AssignToUserMod /><AssignToUserBO /><AssignToUser /><TaskRefs /></Task><Task Id="351132" Type="40" FilterOperator="10" RecurrenceId="0" MapId="-1" SRCTaskId="-1" TRGTTaskId="-1" AssigneeTaskId="0" SortCount="1" UseMap="1" LockUser="0" AssignToFlag="1" EstEndInDays="0" EstEndInHrs="0" EstEndInMins="0" DateContext="0" ServiceContext="1"><TaskLabel><![CDATA[VARRequestedFor]]></TaskLabel><EventName /><Description /><DeleteSection /><SumSection /><SumField /><FilterSection /><FilterField /><FilterValue /><ServiceAssociation /><TargetAssociation /><TransactionType><![CDATA[0]]></TransactionType><Status><![CDATA[0]]></Status><ParametersMapId><![CDATA[-1]]></ParametersMapId><FormulaRecalc><![CDATA[0]]></FormulaRecalc><Module><![CDATA[triPeople]]></Module><BO><![CDATA[triPeople]]></BO><AssignToUserMod /><AssignToUserBO /><AssignToUser /><TaskRefs /></Task><Task Id="351133" Type="40" FilterOperator="10" RecurrenceId="0" MapId="-1" SRCTaskId="351134" TRGTTaskId="-1" AssigneeTaskId="0" SortCount="1" UseMap="1" LockUser="0" AssignToFlag="1" EstEndInDays="0" EstEndInHrs="0" EstEndInMins="0" DateContext="0" ServiceContext="1"><TaskLabel><![CDATA[VARUserAction]]></TaskLabel><EventName /><Description /><DeleteSection /><SumSection /><SumField /><FilterSection /><FilterField /><FilterValue /><ServiceAssociation /><TargetAssociation /><TransactionType><![CDATA[0]]></TransactionType><Status><![CDATA[0]]></Status><ParametersMapId><![CDATA[-1]]></ParametersMapId><FormulaRecalc><![CDATA[0]]></FormulaRecalc><Module><![CDATA[System]]></Module><BO><![CDATA[triUserAction]]></BO><AssignToUserMod /><AssignToUserBO /><AssignToUser /><TaskRefs /></Task><Task Id="353393" Type="14" FilterOperator="10" RecurrenceId="0" MapId="412307" SRCTaskId="-1" TRGTTaskId="353394" AssigneeTaskId="0" SortCount="1" UseMap="1" LockUser="0" AssignToFlag="1" EstEndInDays="0" EstEndInHrs="0" EstEndInMins="0" DateContext="0" ServiceContext="1"><TaskLabel /><EventName><![CDATA[0=true;1=false;]]></EventName><Description /><DeleteSection /><SumSection /><SumField /><FilterSection /><FilterField /><FilterValue /><ServiceAssociation /><TargetAssociation><![CDATA[353394;351115;]]></TargetAssociation><TransactionType><![CDATA[0]]></TransactionType><Status><![CDATA[0]]></Status><ParametersMapId><![CDATA[-1]]></ParametersMapId><FormulaRecalc><![CDATA[0]]></FormulaRecalc><Module /><BO /><AssignToUserMod /><AssignToUserBO /><AssignToUser /><TaskRefs /><Condition><Expression><![CDATA[p0 == "" ]]></Expression><Params><Param PId="0"><PType><![CDATA[field]]></PType><PDataId><![CDATA[351133]]></PDataId><PField><![CDATA[triActionTX]]></PField><PSection><![CDATA[General]]></PSection><PModule><![CDATA[System]]></PModule><PBO><![CDATA[triUserAction]]></PBO></Param></Params></Condition></Task><Task Id="353394" Type="12" FilterOperator="10" RecurrenceId="0" MapId="-1" SRCTaskId="-1" TRGTTaskId="-1" AssigneeTaskId="0" SortCount="1" UseMap="1" LockUser="0" AssignToFlag="1" EstEndInDays="0" EstEndInHrs="0" EstEndInMins="0" DateContext="0" ServiceContext="1"><TaskLabel /><EventName /><Description /><DeleteSection /><SumSection /><SumField /><FilterSection /><FilterField /><FilterValue /><ServiceAssociation /><TargetAssociation /><TransactionType><![CDATA[0]]></TransactionType><Status><![CDATA[0]]></Status><ParametersMapId><![CDATA[-1]]></ParametersMapId><FormulaRecalc><![CDATA[0]]></FormulaRecalc><Module /><BO /><AssignToUserMod /><AssignToUserBO /><AssignToUser /><TaskRefs /></Task><Task Id="361198" Type="31" FilterOperator="10" RecurrenceId="0" MapId="-1" SRCTaskId="-1" TRGTTaskId="-1" AssigneeTaskId="0" SortCount="1" UseMap="1" LockUser="1" AssignToFlag="1" EstEndInDays="0" EstEndInHrs="0" EstEndInMins="0" DateContext="0" ServiceContext="1"><TaskLabel><![CDATA[Destroy Reservation Helper]]></TaskLabel><EventName><![CDATA[triRemove]]></EventName><Description /><DeleteSection /><SumSection /><SumField /><FilterSection /><FilterField /><FilterValue /><ServiceAssociation /><TargetAssociation /><TransactionType><![CDATA[0]]></TransactionType><Status><![CDATA[0]]></Status><ParametersMapId><![CDATA[-1]]></ParametersMapId><FormulaRecalc><![CDATA[2]]></FormulaRecalc><Module><![CDATA[triHelper]]></Module><BO><![CDATA[triReservationHelper]]></BO><AssignToUserMod /><AssignToUserBO /><AssignToUser /><TaskRefs><TaskRef RefType="0" UseType="1" TaskRefType="0" CtxType="-1" RefTaskId="351115"><RefSec /><RefField /><RefAssoc /><RefModule><![CDATA[triHelper]]></RefModule><RefObject><![CDATA[triReservationHelper]]></RefObject><RefRecordMod /><RefRecordBO /><RefRecord /></TaskRef><TaskRef RefType="1" UseType="2" TaskRefType="0" CtxType="-1" RefTaskId="0"><RefSec /><RefField /><RefAssoc /><RefModule><![CDATA[System]]></RefModule><RefObject><![CDATA[triExchangeAppointment]]></RefObject></TaskRef></TaskRefs></Task><Task Id="390160" Type="14" FilterOperator="10" RecurrenceId="0" MapId="412308" SRCTaskId="-1" TRGTTaskId="390161" AssigneeTaskId="0" SortCount="1" UseMap="1" LockUser="0" AssignToFlag="1" EstEndInDays="0" EstEndInHrs="0" EstEndInMins="0" DateContext="0" ServiceContext="1"><TaskLabel /><EventName><![CDATA[0=true;1=false;]]></EventName><Description /><DeleteSection /><SumSection /><SumField /><FilterSection /><FilterField /><FilterValue /><ServiceAssociation /><TargetAssociation><![CDATA[390164;390161;]]></TargetAssociation><TransactionType><![CDATA[0]]></TransactionType><Status><![CDATA[0]]></Status><ParametersMapId><![CDATA[-1]]></ParametersMapId><FormulaRecalc><![CDATA[0]]></FormulaRecalc><Module /><BO /><AssignToUserMod /><AssignToUserBO /><AssignToUser /><TaskRefs /><Condition><Expression><![CDATA[p0 == 0 ]]></Expression><Params><Param PId="0"><PType><![CDATA[item]]></PType><PDataId><![CDATA[351133]]></PDataId><PItem><![CDATA[Result Count]]></PItem></Param></Params></Condition></Task><Task Id="390161" Type="12" FilterOperator="10" RecurrenceId="0" MapId="-1" SRCTaskId="-1" TRGTTaskId="-1" AssigneeTaskId="0" SortCount="1" UseMap="1" LockUser="0" AssignToFlag="1" EstEndInDays="0" EstEndInHrs="0" EstEndInMins="0" DateContext="0" ServiceContext="1"><TaskLabel /><EventName /><Description /><DeleteSection /><SumSection /><SumField /><FilterSection /><FilterField /><FilterValue /><ServiceAssociation /><TargetAssociation /><TransactionType><![CDATA[0]]></TransactionType><Status><![CDATA[0]]></Status><ParametersMapId><![CDATA[-1]]></ParametersMapId><FormulaRecalc><![CDATA[0]]></FormulaRecalc><Module /><BO /><AssignToUserMod /><AssignToUserBO /><AssignToUser /><TaskRefs /></Task><Task Id="390164" Type="27" FilterOperator="10" RecurrenceId="0" MapId="134409" SRCTaskId="-1" TRGTTaskId="-1" AssigneeTaskId="0" SortCount="1" UseMap="1" LockUser="1" AssignToFlag="1" EstEndInDays="0" EstEndInHrs="0" EstEndInMins="0" DateContext="0" ServiceContext="1"><TaskLabel><![CDATA[Create User Action]]></TaskLabel><EventName><![CDATA[CREATE]]></EventName><Description /><DeleteSection /><SumSection /><SumField /><FilterSection /><FilterField /><FilterValue /><ServiceAssociation /><TargetAssociation /><TransactionType><![CDATA[0]]></TransactionType><Status><![CDATA[0]]></Status><ParametersMapId><![CDATA[-1]]></ParametersMapId><FormulaRecalc><![CDATA[2]]></FormulaRecalc><Module><![CDATA[System]]></Module><BO><![CDATA[triUserAction]]></BO><AssociatedModule><![CDATA[System]]></AssociatedModule><AssociatedBO><![CDATA[triUserAction]]></AssociatedBO><AssignToUserMod /><AssignToUserBO /><AssignToUser /><TaskRefs><TaskRef RefType="1" UseType="2" TaskRefType="0" CtxType="-1" RefTaskId="0"><RefSec /><RefField /><RefAssoc /><RefModule><![CDATA[ibmAppServices]]></RefModule><RefObject><![CDATA[ibmReservationServices]]></RefObject></TaskRef></TaskRefs><ObjMappings><ObjMapping Id="134409" Type="40"><FldVal><![CDATA[CreateEvent]]></FldVal><SrcFldVal /><TrgtModule><![CDATA[System]]></TrgtModule><TrgtBo><![CDATA[triUserAction]]></TrgtBo><SrcModule><![CDATA[ibmAppServices]]></SrcModule><SrcBo><![CDATA[ibmReservationServices]]></SrcBo><TrgtTab><![CDATA[General]]></TrgtTab><TrgtSec><![CDATA[General]]></TrgtSec><TrgtFld><![CDATA[triActionTX]]></TrgtFld><SrcTab /><SrcSec /><SrcFld /></ObjMapping><ObjMapping Id="134409" Type="6"><FldVal><![CDATA[yes]]></FldVal><SrcFldVal /><TrgtModule><![CDATA[System]]></TrgtModule><TrgtBo><![CDATA[triUserAction]]></TrgtBo><SrcModule><![CDATA[ibmAppServices]]></SrcModule><SrcBo><![CDATA[ibmReservationServices]]></SrcBo><TrgtTab /><TrgtSec /><TrgtFld /><SrcTab /><SrcSec /><SrcFld /></ObjMapping></ObjMappings></Task><Task Id="390165" Type="41" FilterOperator="10" RecurrenceId="0" MapId="-1" SRCTaskId="390164" TRGTTaskId="351133" AssigneeTaskId="0" SortCount="1" UseMap="1" LockUser="0" AssignToFlag="1" EstEndInDays="0" EstEndInHrs="0" EstEndInMins="0" DateContext="0" ServiceContext="1"><TaskLabel><![CDATA[Set VARUserAction]]></TaskLabel><EventName /><Description /><DeleteSection /><SumSection /><SumField /><FilterSection /><FilterField /><FilterValue /><ServiceAssociation /><TargetAssociation /><TransactionType><![CDATA[0]]></TransactionType><Status><![CDATA[0]]></Status><ParametersMapId><![CDATA[-1]]></ParametersMapId><FormulaRecalc><![CDATA[0]]></FormulaRecalc><Module><![CDATA[System]]></Module><BO><![CDATA[triUserAction]]></BO><AssociatedBO><![CDATA[0]]></AssociatedBO><AssignToUserMod /><AssignToUserBO /><AssignToUser /><TaskRefs /></Task><Task Id="390166" Type="14" FilterOperator="10" RecurrenceId="0" MapId="412309" SRCTaskId="-1" TRGTTaskId="390167" AssigneeTaskId="0" SortCount="1" UseMap="1" LockUser="0" AssignToFlag="1" EstEndInDays="0" EstEndInHrs="0" EstEndInMins="0" DateContext="0" ServiceContext="1"><TaskLabel /><EventName><![CDATA[0=true;1=false;]]></EventName><Description /><DeleteSection /><SumSection /><SumField /><FilterSection /><FilterField /><FilterValue /><ServiceAssociation /><TargetAssociation><![CDATA[390170;390167;]]></TargetAssociation><TransactionType><![CDATA[0]]></TransactionType><Status><![CDATA[0]]></Status><ParametersMapId><![CDATA[-1]]></ParametersMapId><FormulaRecalc><![CDATA[0]]></FormulaRecalc><Module /><BO /><AssignToUserMod /><AssignToUserBO /><AssignToUser /><TaskRefs /><Condition><Expression><![CDATA[p0 == 0 ]]></Expression><Params><Param PId="0"><PType><![CDATA[item]]></PType><PDataId><![CDATA[351130]]></PDataId><PItem><![CDATA[Result Count]]></PItem></Param></Params></Condition></Task><Task Id="390167" Type="12" FilterOperator="10" RecurrenceId="0" MapId="-1" SRCTaskId="-1" TRGTTaskId="-1" AssigneeTaskId="0" SortCount="1" UseMap="1" LockUser="0" AssignToFlag="1" EstEndInDays="0" EstEndInHrs="0" EstEndInMins="0" DateContext="0" ServiceContext="1"><TaskLabel /><EventName /><Description /><DeleteSection /><SumSection /><SumField /><FilterSection /><FilterField /><FilterValue /><ServiceAssociation /><TargetAssociation /><TransactionType><![CDATA[0]]></TransactionType><Status><![CDATA[0]]></Status><ParametersMapId><![CDATA[-1]]></ParametersMapId><FormulaRecalc><![CDATA[0]]></FormulaRecalc><Module /><BO /><AssignToUserMod /><AssignToUserBO /><AssignToUser /><TaskRefs /></Task><Task Id="390170" Type="27" FilterOperator="10" RecurrenceId="0" MapId="134410" SRCTaskId="-1" TRGTTaskId="-1" AssigneeTaskId="0" SortCount="1" UseMap="1" LockUser="1" AssignToFlag="1" EstEndInDays="0" EstEndInHrs="0" EstEndInMins="0" DateContext="0" ServiceContext="1"><TaskLabel><![CDATA[Create Calendar Event]]></TaskLabel><EventName><![CDATA[CREATE]]></EventName><Description /><DeleteSection /><SumSection /><SumField /><FilterSection /><FilterField /><FilterValue /><ServiceAssociation /><TargetAssociation /><TransactionType><![CDATA[0]]></TransactionType><Status><![CDATA[0]]></Status><ParametersMapId><![CDATA[-1]]></ParametersMapId><FormulaRecalc><![CDATA[2]]></FormulaRecalc><Module><![CDATA[System]]></Module><BO><![CDATA[triCalendarEvent]]></BO><AssociatedModule><![CDATA[System]]></AssociatedModule><AssociatedBO><![CDATA[triCalendarEvent]]></AssociatedBO><AssignToUserMod /><AssignToUserBO /><AssignToUser /><TaskRefs><TaskRef RefType="1" UseType="2" TaskRefType="0" CtxType="-1" RefTaskId="0"><RefSec /><RefField /><RefAssoc /><RefModule><![CDATA[ibmAppServices]]></RefModule><RefObject><![CDATA[ibmReservationServices]]></RefObject></TaskRef></TaskRefs><ObjMappings><ObjMapping Id="134410" Type="10"><FldVal /><SrcFldVal /><TrgtModule><![CDATA[System]]></TrgtModule><TrgtBo><![CDATA[triCalendarEvent]]></TrgtBo><SrcModule><![CDATA[ibmAppServices]]></SrcModule><SrcBo><![CDATA[ibmReservationServices]]></SrcBo><TrgtTab><![CDATA[General]]></TrgtTab><TrgtSec><![CDATA[General]]></TrgtSec><TrgtFld><![CDATA[triEndDT]]></TrgtFld><SrcTab><![CDATA[General]]></SrcTab><SrcSec><![CDATA[General]]></SrcSec><SrcFld><![CDATA[triEndDT]]></SrcFld></ObjMapping><ObjMapping Id="134410" Type="10"><FldVal /><SrcFldVal /><TrgtModule><![CDATA[System]]></TrgtModule><TrgtBo><![CDATA[triCalendarEvent]]></TrgtBo><SrcModule><![CDATA[ibmAppServices]]></SrcModule><SrcBo><![CDATA[ibmReservationServices]]></SrcBo><TrgtTab><![CDATA[General]]></TrgtTab><TrgtSec><![CDATA[General]]></TrgtSec><TrgtFld><![CDATA[triStartDT]]></TrgtFld><SrcTab><![CDATA[General]]></SrcTab><SrcSec><![CDATA[General]]></SrcSec><SrcFld><![CDATA[triStartDT]]></SrcFld></ObjMapping><ObjMapping Id="134410" Type="6"><FldVal><![CDATA[yes]]></FldVal><SrcFldVal /><TrgtModule><![CDATA[System]]></TrgtModule><TrgtBo><![CDATA[triCalendarEvent]]></TrgtBo><SrcModule><![CDATA[ibmAppServices]]></SrcModule><SrcBo><![CDATA[ibmReservationServices]]></SrcBo><TrgtTab /><TrgtSec /><TrgtFld /><SrcTab /><SrcSec /><SrcFld /></ObjMapping></ObjMappings></Task><Task Id="390171" Type="13" FilterOperator="10" RecurrenceId="0" MapId="-1" SRCTaskId="-1" TRGTTaskId="390172" AssigneeTaskId="0" SortCount="1" UseMap="1" LockUser="0" AssignToFlag="1" EstEndInDays="0" EstEndInHrs="0" EstEndInMins="0" DateContext="0" ServiceContext="1"><TaskLabel /><EventName /><Description /><DeleteSection /><SumSection /><SumField /><FilterSection /><FilterField /><FilterValue /><ServiceAssociation /><TargetAssociation><![CDATA[351133;351130;]]></TargetAssociation><TransactionType><![CDATA[0]]></TransactionType><Status><![CDATA[0]]></Status><ParametersMapId><![CDATA[-1]]></ParametersMapId><FormulaRecalc><![CDATA[0]]></FormulaRecalc><Module /><BO /><AssignToUserMod /><AssignToUserBO /><AssignToUser /><TaskRefs /></Task><Task Id="390172" Type="10" FilterOperator="10" RecurrenceId="0" MapId="-1" SRCTaskId="-1" TRGTTaskId="-1" AssigneeTaskId="0" SortCount="2" UseMap="1" LockUser="0" AssignToFlag="1" EstEndInDays="0" EstEndInHrs="0" EstEndInMins="0" DateContext="0" ServiceContext="1"><TaskLabel /><EventName /><Description /><DeleteSection /><SumSection /><SumField /><FilterSection /><FilterField /><FilterValue /><ServiceAssociation /><TargetAssociation /><TransactionType><![CDATA[0]]></TransactionType><Status><![CDATA[0]]></Status><ParametersMapId><![CDATA[-1]]></ParametersMapId><FormulaRecalc><![CDATA[0]]></FormulaRecalc><Module /><BO /><AssignToUserMod /><AssignToUserBO /><AssignToUser /><TaskRefs /></Task><Task Id="390178" Type="41" FilterOperator="10" RecurrenceId="0" MapId="-1" SRCTaskId="390170" TRGTTaskId="351130" AssigneeTaskId="0" SortCount="1" UseMap="1" LockUser="0" AssignToFlag="1" EstEndInDays="0" EstEndInHrs="0" EstEndInMins="0" DateContext="0" ServiceContext="1"><TaskLabel><![CDATA[Set VARCalendarEvent]]></TaskLabel><EventName /><Description /><DeleteSection /><SumSection /><SumField /><FilterSection /><FilterField /><FilterValue /><ServiceAssociation /><TargetAssociation /><TransactionType><![CDATA[0]]></TransactionType><Status><![CDATA[0]]></Status><ParametersMapId><![CDATA[-1]]></ParametersMapId><FormulaRecalc><![CDATA[0]]></FormulaRecalc><Module><![CDATA[System]]></Module><BO><![CDATA[triCalendarEvent]]></BO><AssociatedBO><![CDATA[0]]></AssociatedBO><AssignToUserMod /><AssignToUserBO /><AssignToUser /><TaskRefs /></Task><Task Id="391055" Type="14" FilterOperator="10" RecurrenceId="0" MapId="412310" SRCTaskId="-1" TRGTTaskId="391056" AssigneeTaskId="0" SortCount="1" UseMap="1" LockUser="0" AssignToFlag="1" EstEndInDays="0" EstEndInHrs="0" EstEndInMins="0" DateContext="0" ServiceContext="1"><TaskLabel /><EventName><![CDATA[0=true;1=false;]]></EventName><Description /><DeleteSection /><SumSection /><SumField /><FilterSection /><FilterField /><FilterValue /><ServiceAssociation /><TargetAssociation><![CDATA[391061;391056;]]></TargetAssociation><TransactionType><![CDATA[0]]></TransactionType><Status><![CDATA[0]]></Status><ParametersMapId><![CDATA[-1]]></ParametersMapId><FormulaRecalc><![CDATA[0]]></FormulaRecalc><Module /><BO /><AssignToUserMod /><AssignToUserBO /><AssignToUser /><TaskRefs /><Condition><Expression><![CDATA[p0 == 1 ]]></Expression><Params><Param PId="0"><PType><![CDATA[item]]></PType><PDataId><![CDATA[351087]]></PDataId><PItem><![CDATA[Result Count]]></PItem></Param></Params></Condition></Task><Task Id="391056" Type="12" FilterOperator="10" RecurrenceId="0" MapId="-1" SRCTaskId="-1" TRGTTaskId="-1" AssigneeTaskId="0" SortCount="1" UseMap="1" LockUser="0" AssignToFlag="1" EstEndInDays="0" EstEndInHrs="0" EstEndInMins="0" DateContext="0" ServiceContext="1"><TaskLabel /><EventName /><Description /><DeleteSection /><SumSection /><SumField /><FilterSection /><FilterField /><FilterValue /><ServiceAssociation /><TargetAssociation /><TransactionType><![CDATA[0]]></TransactionType><Status><![CDATA[0]]></Status><ParametersMapId><![CDATA[-1]]></ParametersMapId><FormulaRecalc><![CDATA[0]]></FormulaRecalc><Module /><BO /><AssignToUserMod /><AssignToUserBO /><AssignToUser /><TaskRefs /></Task><Task Id="391060" Type="28" FilterOperator="10" RecurrenceId="0" MapId="135109" SRCTaskId="-1" TRGTTaskId="-1" AssigneeTaskId="0" SortCount="1" UseMap="1" LockUser="0" AssignToFlag="1" EstEndInDays="0" EstEndInHrs="0" EstEndInMins="0" DateContext="0" ServiceContext="1"><TaskLabel><![CDATA[Set End Date/Time]]></TaskLabel><EventName><![CDATA[Append]]></EventName><Description /><DeleteSection /><SumSection /><SumField /><FilterSection /><FilterField /><FilterValue /><ServiceAssociation /><TargetAssociation /><TransactionType><![CDATA[0]]></TransactionType><Status><![CDATA[0]]></Status><ParametersMapId><![CDATA[-1]]></ParametersMapId><FormulaRecalc><![CDATA[2]]></FormulaRecalc><Module><![CDATA[triReservation]]></Module><BO><![CDATA[triReservationManager]]></BO><AssignToUserMod /><AssignToUserBO /><AssignToUser /><TaskRefs><TaskRef RefType="0" UseType="1" TaskRefType="0" CtxType="-1" RefTaskId="351087"><RefSec /><RefField /><RefAssoc /><RefModule><![CDATA[triReservation]]></RefModule><RefObject><![CDATA[triReservationManager]]></RefObject><RefRecordMod /><RefRecordBO /><RefRecord /></TaskRef><TaskRef RefType="1" UseType="2" TaskRefType="0" CtxType="-1" RefTaskId="0"><RefSec /><RefField /><RefAssoc /><RefModule><![CDATA[ibmAppServices]]></RefModule><RefObject><![CDATA[ibmReservationServices]]></RefObject></TaskRef></TaskRefs><ObjMappings><ObjMapping Id="135109" Type="10"><FldVal /><SrcFldVal /><TrgtModule><![CDATA[triReservation]]></TrgtModule><TrgtBo><![CDATA[triReservationManager]]></TrgtBo><SrcModule><![CDATA[ibmAppServices]]></SrcModule><SrcBo><![CDATA[ibmReservationServices]]></SrcBo><TrgtTab><![CDATA[General]]></TrgtTab><TrgtSec><![CDATA[General]]></TrgtSec><TrgtFld><![CDATA[triEndDT]]></TrgtFld><SrcTab><![CDATA[General]]></SrcTab><SrcSec><![CDATA[General]]></SrcSec><SrcFld><![CDATA[triEndDT]]></SrcFld></ObjMapping></ObjMappings></Task><Task Id="391061" Type="14" FilterOperator="10" RecurrenceId="0" MapId="412311" SRCTaskId="-1" TRGTTaskId="391062" AssigneeTaskId="0" SortCount="1" UseMap="1" LockUser="0" AssignToFlag="1" EstEndInDays="0" EstEndInHrs="0" EstEndInMins="0" DateContext="0" ServiceContext="1"><TaskLabel /><EventName><![CDATA[0=true;1=false;]]></EventName><Description /><DeleteSection /><SumSection /><SumField /><FilterSection /><FilterField /><FilterValue /><ServiceAssociation /><TargetAssociation><![CDATA[391062;391060;]]></TargetAssociation><TransactionType><![CDATA[0]]></TransactionType><Status><![CDATA[0]]></Status><ParametersMapId><![CDATA[-1]]></ParametersMapId><FormulaRecalc><![CDATA[0]]></FormulaRecalc><Module /><BO /><AssignToUserMod /><AssignToUserBO /><AssignToUser /><TaskRefs /><Condition><Expression><![CDATA[p0 == "" ]]></Expression><Params><Param PId="0"><PType><![CDATA[field]]></PType><PDataId><![CDATA[0]]></PDataId><PField><![CDATA[triEndDT]]></PField><PSection><![CDATA[General]]></PSection><PModule><![CDATA[ibmAppServices]]></PModule><PBO><![CDATA[ibmReservationServices]]></PBO></Param></Params></Condition></Task><Task Id="391062" Type="12" FilterOperator="10" RecurrenceId="0" MapId="-1" SRCTaskId="-1" TRGTTaskId="-1" AssigneeTaskId="0" SortCount="1" UseMap="1" LockUser="0" AssignToFlag="1" EstEndInDays="0" EstEndInHrs="0" EstEndInMins="0" DateContext="0" ServiceContext="1"><TaskLabel /><EventName /><Description /><DeleteSection /><SumSection /><SumField /><FilterSection /><FilterField /><FilterValue /><ServiceAssociation /><TargetAssociation /><TransactionType><![CDATA[0]]></TransactionType><Status><![CDATA[0]]></Status><ParametersMapId><![CDATA[-1]]></ParametersMapId><FormulaRecalc><![CDATA[0]]></FormulaRecalc><Module /><BO /><AssignToUserMod /><AssignToUserBO /><AssignToUser /><TaskRefs /></Task><Task Id="391064" Type="38" FilterOperator="10" RecurrenceId="0" MapId="-1" SRCTaskId="-1" TRGTTaskId="-1" AssigneeTaskId="0" SortCount="1" UseMap="1" LockUser="0" AssignToFlag="1" EstEndInDays="0" EstEndInHrs="0" EstEndInMins="0" DateContext="0" ServiceContext="1"><TaskLabel><![CDATA[OnChange End Time]]></TaskLabel><EventName /><Description /><DeleteSection /><SumSection /><SumField /><FilterSection /><FilterField /><FilterValue /><ServiceAssociation /><TargetAssociation /><TransactionType><![CDATA[0]]></TransactionType><Status><![CDATA[0]]></Status><ParametersMapId><![CDATA[-1]]></ParametersMapId><FormulaRecalc><![CDATA[0]]></FormulaRecalc><FilterClass><![CDATA[23523]]></FilterClass><Module><![CDATA[triReservation]]></Module><BO><![CDATA[triReservationManager]]></BO><FilterBo><![CDATA[triReservationManager - Synchronous - OnChange - End Time]]></FilterBo><FilterBoBO><![CDATA[triReservationManager]]></FilterBoBO><FilterModule><![CDATA[triReservation]]></FilterModule><AssignToUserMod /><AssignToUserBO /><AssignToUser /><TaskRefs><TaskRef RefType="0" UseType="1" TaskRefType="0" CtxType="-1" RefTaskId="351087"><RefSec /><RefField /><RefAssoc /><RefModule><![CDATA[triReservation]]></RefModule><RefObject><![CDATA[triReservationManager]]></RefObject><RefRecordMod /><RefRecordBO /><RefRecord /></TaskRef><TaskRef RefType="-1" UseType="2" TaskRefType="-1" CtxType="-1" RefTaskId="-1"><RefSec /><RefField /><RefAssoc /><RefModule /><RefObject /></TaskRef></TaskRefs></Task></Tasks><WFSteps><WFStep Id="0" Type="1" ParId="-1" /><WFStep Id="345390" Type="9" ParId="391056" /><WFStep Id="351087" Type="40" ParId="390172" /><WFStep Id="351089" Type="40" ParId="351087" /><WFStep Id="351115" Type="27" ParId="353393" /><WFStep Id="351117" Type="38" ParId="351115" /><WFStep Id="351130" Type="40" ParId="390171" /><WFStep Id="351132" Type="40" ParId="0" /><WFStep Id="351133" Type="40" ParId="390171" /><WFStep Id="353393" Type="14" ParId="351089" /><WFStep Id="353394" Type="12" ParId="353393" /><WFStep Id="353394" Type="12" ParId="361198" /><WFStep Id="361198" Type="31" ParId="351117" /><WFStep Id="390160" Type="14" ParId="351133" /><WFStep Id="390161" Type="12" ParId="390160" /><WFStep Id="390161" Type="12" ParId="390165" /><WFStep Id="390164" Type="27" ParId="390160" /><WFStep Id="390165" Type="41" ParId="390164" /><WFStep Id="390166" Type="14" ParId="351130" /><WFStep Id="390167" Type="12" ParId="390166" /><WFStep Id="390167" Type="12" ParId="390178" /><WFStep Id="390170" Type="27" ParId="390166" /><WFStep Id="390171" Type="13" ParId="351132" /><WFStep Id="390172" Type="10" ParId="390161" /><WFStep Id="390172" Type="10" ParId="390167" /><WFStep Id="390178" Type="41" ParId="390170" /><WFStep Id="391055" Type="14" ParId="353394" /><WFStep Id="391056" Type="12" ParId="391055" /><WFStep Id="391056" Type="12" ParId="391062" /><WFStep Id="391060" Type="28" ParId="391061" /><WFStep Id="391061" Type="14" ParId="391055" /><WFStep Id="391062" Type="12" ParId="391061" /><WFStep Id="391062" Type="12" ParId="391064" /><WFStep Id="391064" Type="38" ParId="391060" /></WFSteps></Workflow>
