<?xml version="1.0" encoding="UTF-8"?>
<!-- IBM Confidential OCO Source Materials --><!-- (C) COPYRIGHT IBM CORP. 2011-2020 --><!-- The source code for this program is not published or otherwise divested of its trade secrets, irrespective of what has been deposited with the U.S. Copyright Office. --><BoRecords>     <BoRecord ObjectLabelName="In Progress 0.0" BoId="10032884" RecordId="-1" BoName="triModelAndViewMeta" GUIId="10045204" GUIName="triModelAndViewMeta" ModuleId="24628" ModuleName="triPlatformMeta" CompanyId="208133" ParentName="" ActionName="" ObjState="triActive" SourceId="132643281">
<BoSectionName NameValue="System Info">
                     <Review___Status>
                         
                     </Review___Status>
                     <Prior___State>
                         
                     </Prior___State>
                     <LocationId>
                         
                     </LocationId>
                     <OrganizationId>
                         
                     </OrganizationId>
                     <GeographyId>
                         
                     </GeographyId>
                     <CreatedBy>
                         221931
                     </CreatedBy>
                     <ModifiedBy>
                         
                     </ModifiedBy>
                     <CreatedTime>
                         1578675812013
                     </CreatedTime>
                     <ModifiedTime>
                         1578675910210
                     </ModifiedTime>
                     <Type>
                         10032884
                     </Type>
                     <Parent>
                         
                     </Parent>
         </BoSectionName>
<BoSectionName NameValue="General">
                     <triViewTypeLI>
                         WEB_VIEW
                     </triViewTypeLI>
                     <triModelNameTX>
                         ibmTriAssistant
                     </triModelNameTX>
                     <triViewNameTX>
                         ibmTriAssistant
                     </triViewNameTX>
                     <triControlNumberCN>
                         107
                     </triControlNumberCN>
                     <triCreatedDateTimeSY>
                         1578675812000
                     </triCreatedDateTimeSY>
                     <LocationName>
                         
                     </LocationName>
                     <triModifiedDateTimeSY>
                         1578675910210
                     </triModifiedDateTimeSY>
                     <OrgName>
                         
                     </OrgName>
                     <triNameTX>
                         ibmTriAssistant
                     </triNameTX>
                     <GeographyName>
                         
                     </GeographyName>
                     <triIdTX>
                         ibmTriAssistant
                     </triIdTX>
                     <triDescriptionTX>
                         
                     </triDescriptionTX>
                     <triRecordStateSY>
                         triActive
                     </triRecordStateSY>
                     <triRecordNameSY>
                         ibmTriAssistant
                     </triRecordNameSY>
                     <triRecordIdSY>
                         132643281
                     </triRecordIdSY>
                     <triLabelTX>
                         
                     </triLabelTX>
                     <triExposedNameTX>
                         ibmTriAssistant
                     </triExposedNameTX>
                     <triRecordSnapshotSY>
                         3
                     </triRecordSnapshotSY>
                     <triRecordLabelNameSY>
                         In Progress
                     </triRecordLabelNameSY>
         </BoSectionName>
<Associations><Association><Name><![CDATA[Belongs To]]></Name><TargetModule><![CDATA[triPlatformMeta]]></TargetModule><TargetBo><![CDATA[triApplicationMeta]]></TargetBo><TargetObjectName><![CDATA[\ibmTriAssistant]]></TargetObjectName></Association><Association><Name><![CDATA[Has]]></Name><TargetModule><![CDATA[triPlatformMeta]]></TargetModule><TargetBo><![CDATA[triWebViewMeta]]></TargetBo><TargetObjectName><![CDATA[\ibmTriAssistant-ibmTriAssistant]]></TargetObjectName></Association><Association><Name><![CDATA[Has]]></Name><TargetModule><![CDATA[triPlatformMeta]]></TargetModule><TargetBo><![CDATA[triModelMeta]]></TargetBo><TargetObjectName><![CDATA[\ibmTriAssistant]]></TargetObjectName></Association></Associations>     </BoRecord>
</BoRecords>
