<?xml version="1.0" encoding="UTF-8"?>
<!-- IBM Confidential OCO Source Materials --><!-- (C) COPYRIGHT IBM CORP. 2011-2020 --><!-- The source code for this program is not published or otherwise divested of its trade secrets, irrespective of what has been deposited with the U.S. Copyright Office. --><BoRecords>     <BoRecord BoId="10032979" RecordId="-1" BoName="triPlatformObjectLabelManager" GUIId="10045296" GUIName="triPlatformObjectLabel" ModuleId="24728" ModuleName="triPlatformObjectLabelManager" CompanyId="208133" ParentName="" ActionName="" ObjState="Created" SourceId="127583124">
<BoSectionName NameValue="System Info">
                     <Review___Status>
                         
                     </Review___Status>
                     <Prior___State>
                         Created
                     </Prior___State>
                     <LocationId>
                         
                     </LocationId>
                     <OrganizationId>
                         
                     </OrganizationId>
                     <GeographyId>
                         
                     </GeographyId>
                     <CreatedBy>
                         221931
                     </CreatedBy>
                     <ModifiedBy>
                         
                     </ModifiedBy>
                     <CreatedTime>
                         1456854708536
                     </CreatedTime>
                     <ModifiedTime>
                         1581114346720
                     </ModifiedTime>
                     <Type>
                         10032979
                     </Type>
                     <Parent>
                         
                     </Parent>
         </BoSectionName>
<BoSectionName NameValue="General">
                     <GeographyName>
                         
                     </GeographyName>
                     <triObjectLabelMergedFrom>
                         
                     </triObjectLabelMergedFrom>
                     <triObjectLabelProcessMessageTX>
                         
                     </triObjectLabelProcessMessageTX>
                     <triObjectLabelOwnerTX>
                         IBM-TAP
                     </triObjectLabelOwnerTX>
                     <triObjectLabelDateDT>
                         
                     </triObjectLabelDateDT>
                     <triObjectLabelByTX>
                         
                     </triObjectLabelByTX>
                     <triObjectLabelFromTX>
                         Root-0.0
                     </triObjectLabelFromTX>
                     <triObjectLabelDescriptionTX>
                         IBM TRIRIGA Platform release 3.5.1.0
                     </triObjectLabelDescriptionTX>
                     <LocationName>
                         
                     </LocationName>
                     <triObjectLabelVersionTX>
                         3.5.1
                     </triObjectLabelVersionTX>
                     <OrgName>
                         
                     </OrgName>
                     <triObjectLabelDisplayTX>
                         IBM-TAP-3.5.1
                     </triObjectLabelDisplayTX>
         </BoSectionName>
<Associations><Association><Name><![CDATA[From]]></Name><TargetModule><![CDATA[triPlatformObjectLabelManager]]></TargetModule><TargetBo><![CDATA[triPlatformObjectLabelManager]]></TargetBo><TargetObjectName><![CDATA[\Root 0.0]]></TargetObjectName></Association><Association><Name><![CDATA[ ]]></Name><TargetModule><![CDATA[triPlatformObjectLabelManager]]></TargetModule><TargetBo><![CDATA[triPlatformObjectLabelManager]]></TargetBo><TargetObjectName><![CDATA[\IBM-TAP 3.5.1.3]]></TargetObjectName></Association><Association><Name><![CDATA[ ]]></Name><TargetModule><![CDATA[triPlatformObjectLabelManager]]></TargetModule><TargetBo><![CDATA[triPlatformObjectLabelManager]]></TargetBo><TargetObjectName><![CDATA[\IBM-TAP 3.5.2]]></TargetObjectName></Association><Association><Name><![CDATA[ ]]></Name><TargetModule><![CDATA[triPlatformObjectLabelManager]]></TargetModule><TargetBo><![CDATA[triPlatformObjectLabelManager]]></TargetBo><TargetObjectName><![CDATA[\IBM-TAP 3.5.1.1]]></TargetObjectName></Association></Associations>     </BoRecord>
</BoRecords>
