<?xml version = "1.0" encoding = "UTF-8"?><!-- IBM Confidential OCO Source Materials --><!-- (C) COPYRIGHT IBM CORP. 2011-2020 --><!-- The source code for this program is not published or otherwise divested of its trade secrets, irrespective of what has been deposited with the U.S. Copyright Office. --> <OMObjects Description="Complete Watson Assistant for Workplace Services v0.2.16"><OMObject Type='11'><Module><![CDATA[ibmAppServices]]></Module><BO><![CDATA[ibmAppServices]]></BO><Name><![CDATA[Associated To::Location::Location]]></Name><ObjectLabelName><![CDATA[]]></ObjectLabelName><File><![CDATA[Association_ibmAppServices_ibmAppServices_AssociatedTo_Location_Location.xml]]></File></OMObject><OMObject Type='11'><Module><![CDATA[ibmAppServices]]></Module><BO><![CDATA[ibmAppServices]]></BO><Name><![CDATA[Associated To::Location::triSpace]]></Name><ObjectLabelName><![CDATA[]]></ObjectLabelName><File><![CDATA[Association_ibmAppServices_ibmAppServices_AssociatedTo_Location_triSpace.xml]]></File></OMObject><OMObject Type='11'><Module><![CDATA[ibmAppServices]]></Module><BO><![CDATA[ibmLocationServices]]></BO><Name><![CDATA[Associated To::Location::triSpace]]></Name><ObjectLabelName><![CDATA[]]></ObjectLabelName><File><![CDATA[Association_ibmAppServices_ibmLocationServices_AssociatedTo_Location_triSpace.xml]]></File></OMObject><OMObject Type='11'><Module><![CDATA[ibmAppServices]]></Module><BO><![CDATA[ibmReservationServices]]></BO><Name><![CDATA[Associated To::Location::triSpace]]></Name><ObjectLabelName><![CDATA[]]></ObjectLabelName><File><![CDATA[Association_ibmAppServices_ibmReservationServices_AssociatedTo_Location_triSpace.xml]]></File></OMObject><OMObject Type='11'><Module><![CDATA[ibmAppServices]]></Module><BO><![CDATA[ibmAppServices]]></BO><Name><![CDATA[Associated To::triPeople::triPeople]]></Name><ObjectLabelName><![CDATA[]]></ObjectLabelName><File><![CDATA[Association_ibmAppServices_ibmAppServices_AssociatedTo_triPeople_triPeople.xml]]></File></OMObject><OMObject Type='11'><Module><![CDATA[ibmAppServices]]></Module><BO><![CDATA[ibmLocationServices]]></BO><Name><![CDATA[Associated To::triPeople::triPeople]]></Name><ObjectLabelName><![CDATA[]]></ObjectLabelName><File><![CDATA[Association_ibmAppServices_ibmLocationServices_AssociatedTo_triPeople_triPeople.xml]]></File></OMObject><OMObject Type='11'><Module><![CDATA[ibmAppServices]]></Module><BO><![CDATA[ibmReservationServices]]></BO><Name><![CDATA[Associated To::triPeople::triPeople]]></Name><ObjectLabelName><![CDATA[]]></ObjectLabelName><File><![CDATA[Association_ibmAppServices_ibmReservationServices_AssociatedTo_triPeople_triPeople.xml]]></File></OMObject><OMObject Type='11'><Module><![CDATA[ibmAppServices]]></Module><BO><![CDATA[ibmReservationServices]]></BO><Name><![CDATA[Associated To::triReservation::triReservationDefinition]]></Name><ObjectLabelName><![CDATA[]]></ObjectLabelName><File><![CDATA[Association_ibmAppServices_ibmReservationServices_AssociatedTo_triReservation_triReservationDefinition.xml]]></File></OMObject><OMObject Type='11'><Module><![CDATA[ibmAppServices]]></Module><BO><![CDATA[ibmAppServices]]></BO><Name><![CDATA[Auto Recorded By::triPeople::triPeople]]></Name><ObjectLabelName><![CDATA[]]></ObjectLabelName><File><![CDATA[Association_ibmAppServices_ibmAppServices_AutoRecordedBy_triPeople_triPeople.xml]]></File></OMObject><OMObject Type='11'><Module><![CDATA[ibmAppServices]]></Module><BO><![CDATA[ibmAppServices]]></BO><Name><![CDATA[Current Status::Classification::triStatus]]></Name><ObjectLabelName><![CDATA[]]></ObjectLabelName><File><![CDATA[Association_ibmAppServices_ibmAppServices_CurrentStatus_Classification_triStatus.xml]]></File></OMObject><OMObject Type='11'><Module><![CDATA[ibmAppServices]]></Module><BO><![CDATA[ibmLocationServices]]></BO><Name><![CDATA[Current Status::Classification::triStatus]]></Name><ObjectLabelName><![CDATA[]]></ObjectLabelName><File><![CDATA[Association_ibmAppServices_ibmLocationServices_CurrentStatus_Classification_triStatus.xml]]></File></OMObject><OMObject Type='11'><Module><![CDATA[ibmAppServices]]></Module><BO><![CDATA[ibmReservationServices]]></BO><Name><![CDATA[Current Status::Classification::triStatus]]></Name><ObjectLabelName><![CDATA[]]></ObjectLabelName><File><![CDATA[Association_ibmAppServices_ibmReservationServices_CurrentStatus_Classification_triStatus.xml]]></File></OMObject><OMObject Type='11'><Module><![CDATA[ibmAppServices]]></Module><BO><![CDATA[ibmAppServices]]></BO><Name><![CDATA[Has Approval::triRouting::triApproval]]></Name><ObjectLabelName><![CDATA[]]></ObjectLabelName><File><![CDATA[Association_ibmAppServices_ibmAppServices_HasApproval_triRouting_triApproval.xml]]></File></OMObject><OMObject Type='11'><Module><![CDATA[ibmAppServices]]></Module><BO><![CDATA[ibmAppServices]]></BO><Name><![CDATA[Has Notification::triRouting::triNotificationDetails]]></Name><ObjectLabelName><![CDATA[]]></ObjectLabelName><File><![CDATA[Association_ibmAppServices_ibmAppServices_HasNotification_triRouting_triNotificationDetails.xml]]></File></OMObject><OMObject Type='11'><Module><![CDATA[ibmAppServices]]></Module><BO><![CDATA[ibmAppServices]]></BO><Name><![CDATA[Is Contained By::triProject::triCapitalProject]]></Name><ObjectLabelName><![CDATA[]]></ObjectLabelName><File><![CDATA[Association_ibmAppServices_ibmAppServices_IsContainedBy_triProject_triCapitalProject.xml]]></File></OMObject><OMObject Type='11'><Module><![CDATA[ibmAppServices]]></Module><BO><![CDATA[ibmAppServices]]></BO><Name><![CDATA[Previous Status::Classification::triStatus]]></Name><ObjectLabelName><![CDATA[]]></ObjectLabelName><File><![CDATA[Association_ibmAppServices_ibmAppServices_PreviousStatus_Classification_triStatus.xml]]></File></OMObject><OMObject Type='11'><Module><![CDATA[ibmAppServices]]></Module><BO><![CDATA[ibmLocationServices]]></BO><Name><![CDATA[Previous Status::Classification::triStatus]]></Name><ObjectLabelName><![CDATA[]]></ObjectLabelName><File><![CDATA[Association_ibmAppServices_ibmLocationServices_PreviousStatus_Classification_triStatus.xml]]></File></OMObject><OMObject Type='11'><Module><![CDATA[ibmAppServices]]></Module><BO><![CDATA[ibmReservationServices]]></BO><Name><![CDATA[Previous Status::Classification::triStatus]]></Name><ObjectLabelName><![CDATA[]]></ObjectLabelName><File><![CDATA[Association_ibmAppServices_ibmReservationServices_PreviousStatus_Classification_triStatus.xml]]></File></OMObject><OMObject Type='11'><Module><![CDATA[ibmAppServices]]></Module><BO><![CDATA[ibmAppServices]]></BO><Name><![CDATA[Selected::Classification::triStatus]]></Name><ObjectLabelName><![CDATA[]]></ObjectLabelName><File><![CDATA[Association_ibmAppServices_ibmAppServices_Selected_Classification_triStatus.xml]]></File></OMObject><OMObject Type='11'><Module><![CDATA[ibmAppServices]]></Module><BO><![CDATA[ibmLocationServices]]></BO><Name><![CDATA[Selected::Classification::triStatus]]></Name><ObjectLabelName><![CDATA[]]></ObjectLabelName><File><![CDATA[Association_ibmAppServices_ibmLocationServices_Selected_Classification_triStatus.xml]]></File></OMObject><OMObject Type='11'><Module><![CDATA[ibmAppServices]]></Module><BO><![CDATA[ibmReservationServices]]></BO><Name><![CDATA[Selected::Classification::triStatus]]></Name><ObjectLabelName><![CDATA[]]></ObjectLabelName><File><![CDATA[Association_ibmAppServices_ibmReservationServices_Selected_Classification_triStatus.xml]]></File></OMObject><OMObject Type='1'><Module><![CDATA[ibmAppServices]]></Module><BO><![CDATA[]]></BO><Name><![CDATA[ibmAppServices]]></Name><ObjectLabelName><![CDATA[In Progress 0.0]]></ObjectLabelName><File><![CDATA[BusinessObject_ibmAppServices__ibmAppServices.xml]]></File></OMObject><OMObject Type='1'><Module><![CDATA[ibmAppServices]]></Module><BO><![CDATA[]]></BO><Name><![CDATA[ibmLocationServices]]></Name><ObjectLabelName><![CDATA[IBM-WA 2DELETE]]></ObjectLabelName><File><![CDATA[BusinessObject_ibmAppServices__ibmLocationServices.xml]]></File></OMObject><OMObject Type='1'><Module><![CDATA[ibmAppServices]]></Module><BO><![CDATA[]]></BO><Name><![CDATA[ibmReservationServices]]></Name><ObjectLabelName><![CDATA[IBM-WA 0.2.0]]></ObjectLabelName><File><![CDATA[BusinessObject_ibmAppServices__ibmReservationServices.xml]]></File></OMObject><OMObject Type='2'><Module><![CDATA[ibmAppServices]]></Module><BO><![CDATA[ibmAppServices]]></BO><Name><![CDATA[ibmAppServices]]></Name><ObjectLabelName><![CDATA[IBM-WA 0.2.0]]></ObjectLabelName><File><![CDATA[Form_ibmAppServices_ibmAppServices_ibmAppServices.xml]]></File></OMObject><OMObject Type='2'><Module><![CDATA[ibmAppServices]]></Module><BO><![CDATA[ibmReservationServices]]></BO><Name><![CDATA[ibmReservationServices]]></Name><ObjectLabelName><![CDATA[IBM-WA 0.2.0]]></ObjectLabelName><File><![CDATA[Form_ibmAppServices_ibmReservationServices_ibmReservationServices.xml]]></File></OMObject><OMObject Type='14'><Module><![CDATA[Group]]></Module><BO><![CDATA[Group]]></BO><Name><![CDATA[\WAS Reserve OSLC]]></Name><ObjectLabelName><![CDATA[IBM-WA 0.2.0]]></ObjectLabelName><File><![CDATA[Group_92WASReserveOSLC.xml]]></File></OMObject><OMObject Type='6'><Module><![CDATA[]]></Module><BO><![CDATA[]]></BO><Name><![CDATA[ibmAppServices]]></Name><ObjectLabelName><![CDATA[In Progress 0.0]]></ObjectLabelName><File><![CDATA[Module_ibmAppServices.xml]]></File></OMObject><OMObject Type='1011'><Module><![CDATA[triPlatformObjectLabelManager]]></Module><BO><![CDATA[triPlatformObjectLabelManager]]></BO><Name><![CDATA[\IBM-WA 0.1.0]]></Name><ObjectLabelName><![CDATA[]]></ObjectLabelName><File><![CDATA[ObjectLabel_772cada0365dec08c13bba274124e916f240ba56.xml]]></File></OMObject><OMObject Type='1011'><Module><![CDATA[triPlatformObjectLabelManager]]></Module><BO><![CDATA[triPlatformObjectLabelManager]]></BO><Name><![CDATA[\IBM-WA 0.1.1]]></Name><ObjectLabelName><![CDATA[]]></ObjectLabelName><File><![CDATA[ObjectLabel_0652217a8b883dca7c7ccb09f261a14b5899777c.xml]]></File></OMObject><OMObject Type='1011'><Module><![CDATA[triPlatformObjectLabelManager]]></Module><BO><![CDATA[triPlatformObjectLabelManager]]></BO><Name><![CDATA[\IBM-WA 0.2.0]]></Name><ObjectLabelName><![CDATA[]]></ObjectLabelName><File><![CDATA[ObjectLabel_7b886a1e16c95a7c801b825302e1cdce7fddc948.xml]]></File></OMObject><OMObject Type='1011'><Module><![CDATA[triPlatformObjectLabelManager]]></Module><BO><![CDATA[triPlatformObjectLabelManager]]></BO><Name><![CDATA[\IBM-WA 2DELETE]]></Name><ObjectLabelName><![CDATA[]]></ObjectLabelName><File><![CDATA[ObjectLabel_52c8e08d8e6d718be180bc258be605895c57292b.xml]]></File></OMObject><OMObject Type='4'><Module><![CDATA[triPeople]]></Module><BO><![CDATA[My Profile]]></BO><Name><![CDATA[My Profile - WAS - Resource - Current User]]></Name><ObjectLabelName><![CDATA[IBM-WA 0.2.0]]></ObjectLabelName><File><![CDATA[Query_triPeople_MyProfile_MyProfile-WAS-Resource-CurrentUser.xml]]></File></OMObject><OMObject Type='4'><Module><![CDATA[Location]]></Module><BO><![CDATA[triBuilding]]></BO><Name><![CDATA[triBuilding - WAS - Location Context - Buildings]]></Name><ObjectLabelName><![CDATA[IBM-WA 0.2.0]]></ObjectLabelName><File><![CDATA[Query_Location_triBuilding_triBuilding-WAS-LocationContext-Buildings.xml]]></File></OMObject><OMObject Type='4'><Module><![CDATA[triPeople]]></Module><BO><![CDATA[triPeople]]></BO><Name><![CDATA[triPeople - WA-OSLC - People Search - Employees and Consultants]]></Name><ObjectLabelName><![CDATA[In Progress 0.0]]></ObjectLabelName><File><![CDATA[Query_triPeople_triPeople_triPeople-WA-OSLC-PeopleSearch-EmployeesandConsultants.xml]]></File></OMObject><OMObject Type='4'><Module><![CDATA[triRequest]]></Module><BO><![CDATA[]]></BO><Name><![CDATA[triRequest - Mobile - Resource - All Requests]]></Name><ObjectLabelName><![CDATA[IBM-T 10.5.0]]></ObjectLabelName><File><![CDATA[Query_triRequest__triRequest-Mobile-Resource-AllRequests.xml]]></File></OMObject><OMObject Type='4'><Module><![CDATA[Classification]]></Module><BO><![CDATA[triRequestClass]]></BO><Name><![CDATA[triRequestClass - WAS -  Display - Building Services Request Classes for Building]]></Name><ObjectLabelName><![CDATA[IBM-WA 0.2.0]]></ObjectLabelName><File><![CDATA[Query_Classification_triRequestClass_triRequestClass-WAS-Display-BuildingServicesRequestClassesforBuilding.xml]]></File></OMObject><OMObject Type='4'><Module><![CDATA[Classification]]></Module><BO><![CDATA[triRequestClass]]></BO><Name><![CDATA[triRequestClass - WAS -  Display - Building Services Request Classes]]></Name><ObjectLabelName><![CDATA[IBM-WA 0.2.0]]></ObjectLabelName><File><![CDATA[Query_Classification_triRequestClass_triRequestClass-WAS-Display-BuildingServicesRequestClasses.xml]]></File></OMObject><OMObject Type='4'><Module><![CDATA[triReservation]]></Module><BO><![CDATA[triReservationDefinition]]></BO><Name><![CDATA[triReservationDefinition - WA - All Reservations]]></Name><ObjectLabelName><![CDATA[IBM-WA 0.2.0]]></ObjectLabelName><File><![CDATA[Query_triReservation_triReservationDefinition_triReservationDefinition-WA-AllReservations.xml]]></File></OMObject><OMObject Type='4'><Module><![CDATA[triReservation]]></Module><BO><![CDATA[triReservationInstance]]></BO><Name><![CDATA[triReservationInstance - Mobile - Resource - Location Reservations]]></Name><ObjectLabelName><![CDATA[In Progress 0.0]]></ObjectLabelName><File><![CDATA[Query_triReservation_triReservationInstance_triReservationInstance-Mobile-Resource-LocationReservations.xml]]></File></OMObject><OMObject Type='4'><Module><![CDATA[triReservation]]></Module><BO><![CDATA[triReservationInstance]]></BO><Name><![CDATA[triReservationInstance - WA - Resource - Location Reservations]]></Name><ObjectLabelName><![CDATA[IBM-WA 0.2.0]]></ObjectLabelName><File><![CDATA[Query_triReservation_triReservationInstance_triReservationInstance-WA-Resource-LocationReservations.xml]]></File></OMObject><OMObject Type='4'><Module><![CDATA[ibmAppServices]]></Module><BO><![CDATA[ibmReservationServices]]></BO><Name><![CDATA[triReservationService - Mobile - Resource - All Reservation Services]]></Name><ObjectLabelName><![CDATA[In Progress 0.0]]></ObjectLabelName><File><![CDATA[Query_ibmAppServices_ibmReservationServices_triReservationService-Mobile-Resource-AllReservationServices.xml]]></File></OMObject><OMObject Type='4'><Module><![CDATA[ibmAppServices]]></Module><BO><![CDATA[ibmReservationServices]]></BO><Name><![CDATA[ibmReservationServices - DEV delete]]></Name><ObjectLabelName><![CDATA[IBM-WA 0.2.0]]></ObjectLabelName><File><![CDATA[Query_ibmAppServices_ibmReservationServices_ibmReservationServices-DEVdelete.xml]]></File></OMObject><OMObject Type='4'><Module><![CDATA[triRequest]]></Module><BO><![CDATA[triServiceRequest]]></BO><Name><![CDATA[triServiceRequest - WAS - Display]]></Name><ObjectLabelName><![CDATA[IBM-WA 0.2.0]]></ObjectLabelName><File><![CDATA[Query_triRequest_triServiceRequest_triServiceRequest-WAS-Display.xml]]></File></OMObject><OMObject Type='4'><Module><![CDATA[Location]]></Module><BO><![CDATA[triSpace]]></BO><Name><![CDATA[triSpace - Mobile - Resource - Reservable Meeting Spaces]]></Name><ObjectLabelName><![CDATA[In Progress 0.0]]></ObjectLabelName><File><![CDATA[Query_Location_triSpace_triSpace-Mobile-Resource-ReservableMeetingSpaces.xml]]></File></OMObject><OMObject Type='4'><Module><![CDATA[Location]]></Module><BO><![CDATA[triSpace]]></BO><Name><![CDATA[triSpace - WAS - All Reservable Spaces]]></Name><ObjectLabelName><![CDATA[IBM-WA 0.2.0]]></ObjectLabelName><File><![CDATA[Query_Location_triSpace_triSpace-WAS-AllReservableSpaces.xml]]></File></OMObject><OMObject Type='4'><Module><![CDATA[Location]]></Module><BO><![CDATA[triSpace]]></BO><Name><![CDATA[triSpace - WAS - All Spaces]]></Name><ObjectLabelName><![CDATA[IBM-WA 0.2.0]]></ObjectLabelName><File><![CDATA[Query_Location_triSpace_triSpace-WAS-AllSpaces.xml]]></File></OMObject><OMObject Type='4'><Module><![CDATA[Location]]></Module><BO><![CDATA[triSpace]]></BO><Name><![CDATA[triSpace - WAS - Mobile - Resource - Reservable Meeting Spaces]]></Name><ObjectLabelName><![CDATA[In Progress 0.0]]></ObjectLabelName><File><![CDATA[Query_Location_triSpace_triSpace-WAS-Mobile-Resource-ReservableMeetingSpaces.xml]]></File></OMObject><OMObject Type='4'><Module><![CDATA[Location]]></Module><BO><![CDATA[triSpace]]></BO><Name><![CDATA[triSpace - WAS - Workflow - All Space Records]]></Name><ObjectLabelName><![CDATA[In Progress 0.0]]></ObjectLabelName><File><![CDATA[Query_Location_triSpace_triSpace-WAS-Workflow-AllSpaceRecords.xml]]></File></OMObject><OMObject Type='13' IsDoNotIncludeAssociatedRecordData="0"><Module><![CDATA[triOslc]]></Module><BO><![CDATA[triOslcProperty]]></BO><Name><![CDATA[\cstCancelTime-ibmReservationCheckinLogRS-General-0]]></Name><ObjectLabelName><![CDATA[]]></ObjectLabelName><File><![CDATA[RecordData_triOslc_triOslcProperty_33faea6967eb8ac33886661d6089d7249168be0d.xml]]></File></OMObject><OMObject Type='13' IsDoNotIncludeAssociatedRecordData="0"><Module><![CDATA[triOslc]]></Module><BO><![CDATA[triOslcProperty]]></BO><Name><![CDATA[\cstCheckinStatus-ibmReservationCheckinLogRS-General-0]]></Name><ObjectLabelName><![CDATA[]]></ObjectLabelName><File><![CDATA[RecordData_triOslc_triOslcProperty_5d13934bef1abfef664e8adfcd083d90cde32c25.xml]]></File></OMObject><OMObject Type='13' IsDoNotIncludeAssociatedRecordData="0"><Module><![CDATA[triOslc]]></Module><BO><![CDATA[triOslcProperty]]></BO><Name><![CDATA[\cstCheckinTime-ibmReservationCheckinLogRS-General-0]]></Name><ObjectLabelName><![CDATA[]]></ObjectLabelName><File><![CDATA[RecordData_triOslc_triOslcProperty_77fbce35d269dbc5727f4867755669bc178306fc.xml]]></File></OMObject><OMObject Type='13' IsDoNotIncludeAssociatedRecordData="0"><Module><![CDATA[triOslc]]></Module><BO><![CDATA[triOslcProperty]]></BO><Name><![CDATA[\cstCheckoutTime-ibmReservationCheckinLogRS-General-0]]></Name><ObjectLabelName><![CDATA[]]></ObjectLabelName><File><![CDATA[RecordData_triOslc_triOslcProperty_7229335901cfb8d51102ca2076d20c65ff01bf4e.xml]]></File></OMObject><OMObject Type='13' IsDoNotIncludeAssociatedRecordData="0"><Module><![CDATA[triOslc]]></Module><BO><![CDATA[triOslcLinkedResource]]></BO><Name><![CDATA[\ReservationServiceMeetingSpaces]]></Name><ObjectLabelName><![CDATA[]]></ObjectLabelName><File><![CDATA[RecordData_triOslc_triOslcLinkedResource_0070c7189f75de69f434103ce377307095f375b2.xml]]></File></OMObject><OMObject Type='13' IsDoNotIncludeAssociatedRecordData="0"><Module><![CDATA[triOslc]]></Module><BO><![CDATA[triOslcPrefixDefinition]]></BO><Name><![CDATA[\reserve - http://jazz.net/ns/tririga/reserve#]]></Name><ObjectLabelName><![CDATA[]]></ObjectLabelName><File><![CDATA[RecordData_triOslc_triOslcPrefixDefinition_a19997f5234906dd3c0bfea9fe3dc6c88e320c61.xml]]></File></OMObject><OMObject Type='13' IsDoNotIncludeAssociatedRecordData="0"><Module><![CDATA[triOslc]]></Module><BO><![CDATA[triOslcProperty]]></BO><Name><![CDATA[\triAreaNU-ibmWALocateSpaceRS-RecordInformation-0]]></Name><ObjectLabelName><![CDATA[]]></ObjectLabelName><File><![CDATA[RecordData_triOslc_triOslcProperty_7c6a0849756e5201eb964c8d6cc5587b4e54c6b3.xml]]></File></OMObject><OMObject Type='13' IsDoNotIncludeAssociatedRecordData="0"><Module><![CDATA[triOslc]]></Module><BO><![CDATA[triOslcProperty]]></BO><Name><![CDATA[\triAutoCancellationDT-ibmReservationCheckinLogRS-General-0]]></Name><ObjectLabelName><![CDATA[]]></ObjectLabelName><File><![CDATA[RecordData_triOslc_triOslcProperty_c5f0b56a79ddb2c4b6835e987c68247441ce5e9f.xml]]></File></OMObject><OMObject Type='13' IsDoNotIncludeAssociatedRecordData="0"><Module><![CDATA[triOslc]]></Module><BO><![CDATA[triOslcProperty]]></BO><Name><![CDATA[\triBarCodeEntryTX-ibmReservationInstanceRS-RecordInformation-3]]></Name><ObjectLabelName><![CDATA[]]></ObjectLabelName><File><![CDATA[RecordData_triOslc_triOslcProperty_873a485af064e71e6574312084256970783ef67b.xml]]></File></OMObject><OMObject Type='13' IsDoNotIncludeAssociatedRecordData="0"><Module><![CDATA[triOslc]]></Module><BO><![CDATA[triOslcProperty]]></BO><Name><![CDATA[\triBarCodeEntryTX-ibmReservationServiceRS-General-0]]></Name><ObjectLabelName><![CDATA[]]></ObjectLabelName><File><![CDATA[RecordData_triOslc_triOslcProperty_07705750849bb8bf4475cec58137bb115603b293.xml]]></File></OMObject><OMObject Type='13' IsDoNotIncludeAssociatedRecordData="0"><Module><![CDATA[triOslc]]></Module><BO><![CDATA[triOslcProperty]]></BO><Name><![CDATA[\triBarCodeEntryTX-ibmReservationServiceRS-General]]></Name><ObjectLabelName><![CDATA[]]></ObjectLabelName><File><![CDATA[RecordData_triOslc_triOslcProperty_c36048fc64e469d20f664bdbb24181286e3b3873.xml]]></File></OMObject><OMObject Type='13' IsDoNotIncludeAssociatedRecordData="0"><Module><![CDATA[triOslc]]></Module><BO><![CDATA[triOslcProperty]]></BO><Name><![CDATA[\triBarCodeEntryTX-ibmSpaceRS-RecordInformation-0]]></Name><ObjectLabelName><![CDATA[]]></ObjectLabelName><File><![CDATA[RecordData_triOslc_triOslcProperty_fa80aad4a61ae538fde69e6da26750092fa8a070.xml]]></File></OMObject><OMObject Type='13' IsDoNotIncludeAssociatedRecordData="0"><Module><![CDATA[triOslc]]></Module><BO><![CDATA[triOslcProperty]]></BO><Name><![CDATA[\triBuildingTX-ibmReservationServiceRS-General-0]]></Name><ObjectLabelName><![CDATA[]]></ObjectLabelName><File><![CDATA[RecordData_triOslc_triOslcProperty_fd369e49ac76abdf056b6f789a65ecbc19ace605.xml]]></File></OMObject><OMObject Type='13' IsDoNotIncludeAssociatedRecordData="0"><Module><![CDATA[triOslc]]></Module><BO><![CDATA[triOslcProperty]]></BO><Name><![CDATA[\triBuildingTX-ibmReservationServiceRS-General]]></Name><ObjectLabelName><![CDATA[]]></ObjectLabelName><File><![CDATA[RecordData_triOslc_triOslcProperty_8b8df2b0dc7a3821590d88c0f0a580a3f5e421e3.xml]]></File></OMObject><OMObject Type='13' IsDoNotIncludeAssociatedRecordData="0"><Module><![CDATA[triOslc]]></Module><BO><![CDATA[triOslcProperty]]></BO><Name><![CDATA[\triBuildingTX-ibmServiceRequestRS-RecordInformation-0]]></Name><ObjectLabelName><![CDATA[]]></ObjectLabelName><File><![CDATA[RecordData_triOslc_triOslcProperty_ca7084a5060c987ceb5544330e387bf3fa56c0d1.xml]]></File></OMObject><OMObject Type='13' IsDoNotIncludeAssociatedRecordData="0"><Module><![CDATA[triOslc]]></Module><BO><![CDATA[triOslcProperty]]></BO><Name><![CDATA[\triCityTX-ibmWALocatePersonRS-RecordInformation-3]]></Name><ObjectLabelName><![CDATA[]]></ObjectLabelName><File><![CDATA[RecordData_triOslc_triOslcProperty_8bf3941b13d2b9ec78be62d70136d8cee4bee25c.xml]]></File></OMObject><OMObject Type='13' IsDoNotIncludeAssociatedRecordData="0"><Module><![CDATA[triOslc]]></Module><BO><![CDATA[triOslcProperty]]></BO><Name><![CDATA[\triCountryTX-ibmWALocatePersonRS-RecordInformation-3]]></Name><ObjectLabelName><![CDATA[]]></ObjectLabelName><File><![CDATA[RecordData_triOslc_triOslcProperty_a8b6606d3f6621d468f13a3322d45aa011699098.xml]]></File></OMObject><OMObject Type='13' IsDoNotIncludeAssociatedRecordData="0"><Module><![CDATA[triOslc]]></Module><BO><![CDATA[triOslcProperty]]></BO><Name><![CDATA[\triCreatedDateTimeSY-ibmServiceRequestRS-RecordInformation-0]]></Name><ObjectLabelName><![CDATA[]]></ObjectLabelName><File><![CDATA[RecordData_triOslc_triOslcProperty_23a6f19b847608ab91b093fc0d5e8cbe8c93540d.xml]]></File></OMObject><OMObject Type='13' IsDoNotIncludeAssociatedRecordData="0"><Module><![CDATA[triOslc]]></Module><BO><![CDATA[triOslcProperty]]></BO><Name><![CDATA[\triCustomerOrgTX-ibmServiceRequestRS-RecordInformation-0]]></Name><ObjectLabelName><![CDATA[]]></ObjectLabelName><File><![CDATA[RecordData_triOslc_triOslcProperty_f48061958c13601bcf1fdfb74bdbd6c14d31b076.xml]]></File></OMObject><OMObject Type='13' IsDoNotIncludeAssociatedRecordData="0"><Module><![CDATA[triOslc]]></Module><BO><![CDATA[triOslcProperty]]></BO><Name><![CDATA[\triDescriptionTX-ibmServiceRequestRS-RecordInformation-0]]></Name><ObjectLabelName><![CDATA[]]></ObjectLabelName><File><![CDATA[RecordData_triOslc_triOslcProperty_a004bbc668412b845a0c58466f029210d0cc5ca9.xml]]></File></OMObject><OMObject Type='13' IsDoNotIncludeAssociatedRecordData="0"><Module><![CDATA[triOslc]]></Module><BO><![CDATA[triOslcProperty]]></BO><Name><![CDATA[\triEmailTX-ibmWALocatePersonRS-Detail-0]]></Name><ObjectLabelName><![CDATA[]]></ObjectLabelName><File><![CDATA[RecordData_triOslc_triOslcProperty_48fe81032fa4e78105dc980cc5901178a21d7fc9.xml]]></File></OMObject><OMObject Type='13' IsDoNotIncludeAssociatedRecordData="0"><Module><![CDATA[triOslc]]></Module><BO><![CDATA[triOslcProperty]]></BO><Name><![CDATA[\triEndDT-ibmReservationCheckinLogRS-General-0]]></Name><ObjectLabelName><![CDATA[]]></ObjectLabelName><File><![CDATA[RecordData_triOslc_triOslcProperty_95136ece7ddf41f99f4d51245d78157fdf3c671a.xml]]></File></OMObject><OMObject Type='13' IsDoNotIncludeAssociatedRecordData="0"><Module><![CDATA[triOslc]]></Module><BO><![CDATA[triOslcProperty]]></BO><Name><![CDATA[\triEndDT-ibmReservationServiceRS-General-0]]></Name><ObjectLabelName><![CDATA[]]></ObjectLabelName><File><![CDATA[RecordData_triOslc_triOslcProperty_a1f3d2c11dd14aa72a87ff008e4f8a39ebccc6f4.xml]]></File></OMObject><OMObject Type='13' IsDoNotIncludeAssociatedRecordData="0"><Module><![CDATA[triOslc]]></Module><BO><![CDATA[triOslcProperty]]></BO><Name><![CDATA[\triEndDT-ibmReservationServiceRS-General]]></Name><ObjectLabelName><![CDATA[]]></ObjectLabelName><File><![CDATA[RecordData_triOslc_triOslcProperty_e6f573e425b4919ed4f19cd4c0a6e4a7d3b4c21c.xml]]></File></OMObject><OMObject Type='13' IsDoNotIncludeAssociatedRecordData="0"><Module><![CDATA[triOslc]]></Module><BO><![CDATA[triOslcProperty]]></BO><Name><![CDATA[\triFirstNameTX-ibmWALocatePersonRS-Detail-0]]></Name><ObjectLabelName><![CDATA[]]></ObjectLabelName><File><![CDATA[RecordData_triOslc_triOslcProperty_4c4721e05964aef36666da645c5b880c20a33de3.xml]]></File></OMObject><OMObject Type='13' IsDoNotIncludeAssociatedRecordData="0"><Module><![CDATA[triOslc]]></Module><BO><![CDATA[triOslcProperty]]></BO><Name><![CDATA[\triFloorTX-ibmReservationServiceRS-General-0]]></Name><ObjectLabelName><![CDATA[]]></ObjectLabelName><File><![CDATA[RecordData_triOslc_triOslcProperty_41778625384d8aff1866a1cd7b3603a06c0e37b9.xml]]></File></OMObject><OMObject Type='13' IsDoNotIncludeAssociatedRecordData="0"><Module><![CDATA[triOslc]]></Module><BO><![CDATA[triOslcProperty]]></BO><Name><![CDATA[\triFloorTX-ibmReservationServiceRS-General]]></Name><ObjectLabelName><![CDATA[]]></ObjectLabelName><File><![CDATA[RecordData_triOslc_triOslcProperty_1d7d8a8a5659a2b32ba9257bddc66dab1a3d9c53.xml]]></File></OMObject><OMObject Type='13' IsDoNotIncludeAssociatedRecordData="0"><Module><![CDATA[triOslc]]></Module><BO><![CDATA[triOslcProperty]]></BO><Name><![CDATA[\triFloorTX-ibmServiceRequestRS-RecordInformation-0]]></Name><ObjectLabelName><![CDATA[]]></ObjectLabelName><File><![CDATA[RecordData_triOslc_triOslcProperty_c09034775b9239a855ebe3de080eb2877132e3ae.xml]]></File></OMObject><OMObject Type='13' IsDoNotIncludeAssociatedRecordData="0"><Module><![CDATA[triOslc]]></Module><BO><![CDATA[triOslcProperty]]></BO><Name><![CDATA[\triIdTX-ibmServiceRequestRS-RecordInformation-0]]></Name><ObjectLabelName><![CDATA[]]></ObjectLabelName><File><![CDATA[RecordData_triOslc_triOslcProperty_c6686e03ea5dfc3f0ecacf9967336700d18d9dcd.xml]]></File></OMObject><OMObject Type='13' IsDoNotIncludeAssociatedRecordData="0"><Module><![CDATA[triOslc]]></Module><BO><![CDATA[triOslcProperty]]></BO><Name><![CDATA[\triIdTX-ibmSpaceRS-RecordInformation-0]]></Name><ObjectLabelName><![CDATA[]]></ObjectLabelName><File><![CDATA[RecordData_triOslc_triOslcProperty_32990a7cf31b0703540dcb10830df82715c0076e.xml]]></File></OMObject><OMObject Type='13' IsDoNotIncludeAssociatedRecordData="0"><Module><![CDATA[triOslc]]></Module><BO><![CDATA[triOslcProperty]]></BO><Name><![CDATA[\triIdTX-ibmWALocateSpaceRS-RecordInformation-0]]></Name><ObjectLabelName><![CDATA[]]></ObjectLabelName><File><![CDATA[RecordData_triOslc_triOslcProperty_b966a8d5244fc34dea6f7da6aacb7d749bd2b05e.xml]]></File></OMObject><OMObject Type='13' IsDoNotIncludeAssociatedRecordData="0"><Module><![CDATA[triOslc]]></Module><BO><![CDATA[triOslcProperty]]></BO><Name><![CDATA[\triImageIM-ibmWALocatePersonRS-Detail-0]]></Name><ObjectLabelName><![CDATA[]]></ObjectLabelName><File><![CDATA[RecordData_triOslc_triOslcProperty_05ea7cdd0f4d7542c228fdaeaabc12d4f7d8566d.xml]]></File></OMObject><OMObject Type='13' IsDoNotIncludeAssociatedRecordData="0"><Module><![CDATA[triOslc]]></Module><BO><![CDATA[triOslcProperty]]></BO><Name><![CDATA[\triLastNameTX-ibmWALocatePersonRS-Detail-0]]></Name><ObjectLabelName><![CDATA[]]></ObjectLabelName><File><![CDATA[RecordData_triOslc_triOslcProperty_c4ef71861940765f1ac2fc516fb556722de9899d.xml]]></File></OMObject><OMObject Type='13' IsDoNotIncludeAssociatedRecordData="0"><Module><![CDATA[triOslc]]></Module><BO><![CDATA[triOslcProperty]]></BO><Name><![CDATA[\triLayOutTypeLI-ibmReservationResourceRS-General]]></Name><ObjectLabelName><![CDATA[]]></ObjectLabelName><File><![CDATA[RecordData_triOslc_triOslcProperty_eca1b035b1a53544555760f93e8b3d9121bd27a3.xml]]></File></OMObject><OMObject Type='13' IsDoNotIncludeAssociatedRecordData="0"><Module><![CDATA[triOslc]]></Module><BO><![CDATA[triOslcProperty]]></BO><Name><![CDATA[\triLinkedRecordTX-ibmReservationResourceRS-General]]></Name><ObjectLabelName><![CDATA[]]></ObjectLabelName><File><![CDATA[RecordData_triOslc_triOslcProperty_9faad80bb78a7e2380f231974e5cd30a18721ad9.xml]]></File></OMObject><OMObject Type='13' IsDoNotIncludeAssociatedRecordData="0"><Module><![CDATA[triOslc]]></Module><BO><![CDATA[triOslcCreationFactory]]></BO><Name><![CDATA[\ibmLocateRequestCF]]></Name><ObjectLabelName><![CDATA[]]></ObjectLabelName><File><![CDATA[RecordData_triOslc_triOslcCreationFactory_4baff1a85de6f8711b62a8373cf6d101bfdca4ac.xml]]></File></OMObject><OMObject Type='13' IsDoNotIncludeAssociatedRecordData="0"><Module><![CDATA[triOslc]]></Module><BO><![CDATA[triOslcCreationFactory]]></BO><Name><![CDATA[\ibmLocationFindCF]]></Name><ObjectLabelName><![CDATA[]]></ObjectLabelName><File><![CDATA[RecordData_triOslc_triOslcCreationFactory_ad70e159368b4cd5caa64186daa297d2e32635a5.xml]]></File></OMObject><OMObject Type='13' IsDoNotIncludeAssociatedRecordData="0"><Module><![CDATA[triOslc]]></Module><BO><![CDATA[triOslcProperty]]></BO><Name><![CDATA[\triLocationRequestedTX-ibmServiceRequestRS-RecordInformation-0]]></Name><ObjectLabelName><![CDATA[]]></ObjectLabelName><File><![CDATA[RecordData_triOslc_triOslcProperty_3745fedc9a241a4efb0957438017eb3edcea89c4.xml]]></File></OMObject><OMObject Type='13' IsDoNotIncludeAssociatedRecordData="0"><Module><![CDATA[triOslc]]></Module><BO><![CDATA[triOslcProperty]]></BO><Name><![CDATA[\triLocationTX-ibmReservationDefinitionRS-General]]></Name><ObjectLabelName><![CDATA[]]></ObjectLabelName><File><![CDATA[RecordData_triOslc_triOslcProperty_85282d99a856705d1eb4691e5ccc95f8ea81782f.xml]]></File></OMObject><OMObject Type='13' IsDoNotIncludeAssociatedRecordData="0"><Module><![CDATA[triOslc]]></Module><BO><![CDATA[triOslcProperty]]></BO><Name><![CDATA[\triLocationTX-ibmReservationServiceRS-General-0]]></Name><ObjectLabelName><![CDATA[]]></ObjectLabelName><File><![CDATA[RecordData_triOslc_triOslcProperty_94592e7492fdd82c00bcf42cf0b3b45260bf426e.xml]]></File></OMObject><OMObject Type='13' IsDoNotIncludeAssociatedRecordData="0"><Module><![CDATA[triOslc]]></Module><BO><![CDATA[triOslcProperty]]></BO><Name><![CDATA[\triLocationTX-ibmReservationServiceRS-General]]></Name><ObjectLabelName><![CDATA[]]></ObjectLabelName><File><![CDATA[RecordData_triOslc_triOslcProperty_98348c28ca78cca5b74cb1b729606bb2507bcabb.xml]]></File></OMObject><OMObject Type='13' IsDoNotIncludeAssociatedRecordData="0"><Module><![CDATA[triOslc]]></Module><BO><![CDATA[triOslcProperty]]></BO><Name><![CDATA[\triMobileTX-ibmWALocatePersonRS-Detail-0]]></Name><ObjectLabelName><![CDATA[]]></ObjectLabelName><File><![CDATA[RecordData_triOslc_triOslcProperty_eed3a4db2392524787ae9321715061a9ac47768e.xml]]></File></OMObject><OMObject Type='13' IsDoNotIncludeAssociatedRecordData="0"><Module><![CDATA[triOslc]]></Module><BO><![CDATA[triOslcProperty]]></BO><Name><![CDATA[\triNameTX-ibmReservationDefinitionRS-General]]></Name><ObjectLabelName><![CDATA[]]></ObjectLabelName><File><![CDATA[RecordData_triOslc_triOslcProperty_8731b2f430283e6d6d30d684fa9c59abf05de5a8.xml]]></File></OMObject><OMObject Type='13' IsDoNotIncludeAssociatedRecordData="0"><Module><![CDATA[triOslc]]></Module><BO><![CDATA[triOslcProperty]]></BO><Name><![CDATA[\triNameTX-ibmReservationInstanceRS-General-1]]></Name><ObjectLabelName><![CDATA[]]></ObjectLabelName><File><![CDATA[RecordData_triOslc_triOslcProperty_22251fbb41f081a0d7f0b78e6f4b6b21fd71d9be.xml]]></File></OMObject><OMObject Type='13' IsDoNotIncludeAssociatedRecordData="0"><Module><![CDATA[triOslc]]></Module><BO><![CDATA[triOslcProperty]]></BO><Name><![CDATA[\triNameTX-ibmSpaceRS-RecordInformation]]></Name><ObjectLabelName><![CDATA[]]></ObjectLabelName><File><![CDATA[RecordData_triOslc_triOslcProperty_a6d11d0b673ac4e40bc6281c5bf215019f86bc0d.xml]]></File></OMObject><OMObject Type='13' IsDoNotIncludeAssociatedRecordData="0"><Module><![CDATA[triOslc]]></Module><BO><![CDATA[triOslcProperty]]></BO><Name><![CDATA[\triNameTX-ibmSpaceRS-triCurrentSpaceClass]]></Name><ObjectLabelName><![CDATA[]]></ObjectLabelName><File><![CDATA[RecordData_triOslc_triOslcProperty_d0d45d981d362f3b7daf4fdd5ccb4801b7f66f14.xml]]></File></OMObject><OMObject Type='13' IsDoNotIncludeAssociatedRecordData="0"><Module><![CDATA[triOslc]]></Module><BO><![CDATA[triOslcProperty]]></BO><Name><![CDATA[\triNameTX-ibmWALocatePersonRS-Detail-0]]></Name><ObjectLabelName><![CDATA[]]></ObjectLabelName><File><![CDATA[RecordData_triOslc_triOslcProperty_f555224016c055d32ef88dd0df800643f6c390b6.xml]]></File></OMObject><OMObject Type='13' IsDoNotIncludeAssociatedRecordData="0"><Module><![CDATA[triOslc]]></Module><BO><![CDATA[triOslcProperty]]></BO><Name><![CDATA[\triNameTX-ibmWALocatePersonRS-triPrimaryOrganization-0]]></Name><ObjectLabelName><![CDATA[]]></ObjectLabelName><File><![CDATA[RecordData_triOslc_triOslcProperty_4b78758a6cf70d98b744567ac175a6b124272119.xml]]></File></OMObject><OMObject Type='13' IsDoNotIncludeAssociatedRecordData="0"><Module><![CDATA[triOslc]]></Module><BO><![CDATA[triOslcProperty]]></BO><Name><![CDATA[\triNameTX-ibmWALocatePersonRS-triSpacePrimaryLocation-0]]></Name><ObjectLabelName><![CDATA[]]></ObjectLabelName><File><![CDATA[RecordData_triOslc_triOslcProperty_216c2a6c03539e30f03e14974644c2a8b6262887.xml]]></File></OMObject><OMObject Type='13' IsDoNotIncludeAssociatedRecordData="0"><Module><![CDATA[triOslc]]></Module><BO><![CDATA[triOslcProperty]]></BO><Name><![CDATA[\triNameTX-ibmWALocateSpaceRS-RecordInformation-0]]></Name><ObjectLabelName><![CDATA[]]></ObjectLabelName><File><![CDATA[RecordData_triOslc_triOslcProperty_5a38ba4d2ac09e0e1cfd10602b68e891230bcf39.xml]]></File></OMObject><OMObject Type='13' IsDoNotIncludeAssociatedRecordData="0"><Module><![CDATA[triOslc]]></Module><BO><![CDATA[triOslcProperty]]></BO><Name><![CDATA[\triNameTX-ibmWALocateSpaceRS-triCurrentSpaceClass-0]]></Name><ObjectLabelName><![CDATA[]]></ObjectLabelName><File><![CDATA[RecordData_triOslc_triOslcProperty_89db4ad6f3926c776a417e5ef8cab8c78bf24d21.xml]]></File></OMObject><OMObject Type='13' IsDoNotIncludeAssociatedRecordData="0"><Module><![CDATA[triOslc]]></Module><BO><![CDATA[triOslcProperty]]></BO><Name><![CDATA[\triOrganizedByTX-ibmReservationDefinitionRS-General]]></Name><ObjectLabelName><![CDATA[]]></ObjectLabelName><File><![CDATA[RecordData_triOslc_triOslcProperty_f16105578f38690e963d197933886d27777d1977.xml]]></File></OMObject><OMObject Type='13' IsDoNotIncludeAssociatedRecordData="0"><Module><![CDATA[triOslc]]></Module><BO><![CDATA[triOslcProperty]]></BO><Name><![CDATA[\triParentBuildingTX-ibmReservationInstanceRS-RecordInformation-3]]></Name><ObjectLabelName><![CDATA[]]></ObjectLabelName><File><![CDATA[RecordData_triOslc_triOslcProperty_eda546d4d66919efd9cf7ee01e7a2bf680a2b1d0.xml]]></File></OMObject><OMObject Type='13' IsDoNotIncludeAssociatedRecordData="0"><Module><![CDATA[triOslc]]></Module><BO><![CDATA[triOslcProperty]]></BO><Name><![CDATA[\triParentBuildingTX-ibmSpaceRS-RecordInformation]]></Name><ObjectLabelName><![CDATA[]]></ObjectLabelName><File><![CDATA[RecordData_triOslc_triOslcProperty_fe03b253e3f580ba55008b1835ce62a2b1993584.xml]]></File></OMObject><OMObject Type='13' IsDoNotIncludeAssociatedRecordData="0"><Module><![CDATA[triOslc]]></Module><BO><![CDATA[triOslcProperty]]></BO><Name><![CDATA[\triParentBuildingTX-ibmWALocatePersonRS-triSpacePrimaryLocation-0]]></Name><ObjectLabelName><![CDATA[]]></ObjectLabelName><File><![CDATA[RecordData_triOslc_triOslcProperty_1198f5e5fe8c630305e3fd5580acb22d13f4c4a6.xml]]></File></OMObject><OMObject Type='13' IsDoNotIncludeAssociatedRecordData="0"><Module><![CDATA[triOslc]]></Module><BO><![CDATA[triOslcProperty]]></BO><Name><![CDATA[\triParentBuildingTX-ibmWALocateSpaceRS-RecordInformation-0]]></Name><ObjectLabelName><![CDATA[]]></ObjectLabelName><File><![CDATA[RecordData_triOslc_triOslcProperty_0e609f5a6e7234b137ebafd4a7b75f2cb0659faa.xml]]></File></OMObject><OMObject Type='13' IsDoNotIncludeAssociatedRecordData="0"><Module><![CDATA[triOslc]]></Module><BO><![CDATA[triOslcProperty]]></BO><Name><![CDATA[\triParentFloorTX-ibmReservationInstanceRS-RecordInformation-3]]></Name><ObjectLabelName><![CDATA[]]></ObjectLabelName><File><![CDATA[RecordData_triOslc_triOslcProperty_fea89684c9af52be987db2dbd6b34477e40bec43.xml]]></File></OMObject><OMObject Type='13' IsDoNotIncludeAssociatedRecordData="0"><Module><![CDATA[triOslc]]></Module><BO><![CDATA[triOslcProperty]]></BO><Name><![CDATA[\triParentFloorTX-ibmSpaceRS-RecordInformation]]></Name><ObjectLabelName><![CDATA[]]></ObjectLabelName><File><![CDATA[RecordData_triOslc_triOslcProperty_2ea926bbc06000142401f511dd3029bb6d72be57.xml]]></File></OMObject><OMObject Type='13' IsDoNotIncludeAssociatedRecordData="0"><Module><![CDATA[triOslc]]></Module><BO><![CDATA[triOslcProperty]]></BO><Name><![CDATA[\triParentFloorTX-ibmWALocatePersonRS-triSpacePrimaryLocation-0]]></Name><ObjectLabelName><![CDATA[]]></ObjectLabelName><File><![CDATA[RecordData_triOslc_triOslcProperty_333d9a3cb930bab895876921ed57b536d09dbaf9.xml]]></File></OMObject><OMObject Type='13' IsDoNotIncludeAssociatedRecordData="0"><Module><![CDATA[triOslc]]></Module><BO><![CDATA[triOslcProperty]]></BO><Name><![CDATA[\triParentFloorTX-ibmWALocateSpaceRS-RecordInformation-0]]></Name><ObjectLabelName><![CDATA[]]></ObjectLabelName><File><![CDATA[RecordData_triOslc_triOslcProperty_3703def98f721409dc1f33afb9b4ffdd3f315370.xml]]></File></OMObject><OMObject Type='13' IsDoNotIncludeAssociatedRecordData="0"><Module><![CDATA[triOslc]]></Module><BO><![CDATA[triOslcProperty]]></BO><Name><![CDATA[\triPlannedEndDT-ibmReservationInstanceRS-General]]></Name><ObjectLabelName><![CDATA[]]></ObjectLabelName><File><![CDATA[RecordData_triOslc_triOslcProperty_ce43aedb9511fc709f31e8ce3c0dc78bb300a956.xml]]></File></OMObject><OMObject Type='13' IsDoNotIncludeAssociatedRecordData="0"><Module><![CDATA[triOslc]]></Module><BO><![CDATA[triOslcProperty]]></BO><Name><![CDATA[\triPlannedStartDT-ibmReservationInstanceRS-General]]></Name><ObjectLabelName><![CDATA[]]></ObjectLabelName><File><![CDATA[RecordData_triOslc_triOslcProperty_ce21ba1bc71a9952a4d3d223f72c1a7b8e8d7d21.xml]]></File></OMObject><OMObject Type='13' IsDoNotIncludeAssociatedRecordData="0"><Module><![CDATA[triOslc]]></Module><BO><![CDATA[triOslcProperty]]></BO><Name><![CDATA[\triRecordIdSY-ibmReservationCheckinLogRS-General-0]]></Name><ObjectLabelName><![CDATA[]]></ObjectLabelName><File><![CDATA[RecordData_triOslc_triOslcProperty_92dbbabe182e73ee6892a10fe3be9d957a6c0e84.xml]]></File></OMObject><OMObject Type='13' IsDoNotIncludeAssociatedRecordData="0"><Module><![CDATA[triOslc]]></Module><BO><![CDATA[triOslcProperty]]></BO><Name><![CDATA[\triRecordIdSY-ibmReservationDefinitionRS-General]]></Name><ObjectLabelName><![CDATA[]]></ObjectLabelName><File><![CDATA[RecordData_triOslc_triOslcProperty_fdbf97f48481df6fcbb4279efedc2a7178eb8db3.xml]]></File></OMObject><OMObject Type='13' IsDoNotIncludeAssociatedRecordData="0"><Module><![CDATA[triOslc]]></Module><BO><![CDATA[triOslcProperty]]></BO><Name><![CDATA[\triRecordIdSY-ibmReservationInstanceRS-General]]></Name><ObjectLabelName><![CDATA[]]></ObjectLabelName><File><![CDATA[RecordData_triOslc_triOslcProperty_b515744467f06a8050b3d0debf848fb6359cc321.xml]]></File></OMObject><OMObject Type='13' IsDoNotIncludeAssociatedRecordData="0"><Module><![CDATA[triOslc]]></Module><BO><![CDATA[triOslcProperty]]></BO><Name><![CDATA[\triRecordIdSY-ibmReservationResourceRS-General]]></Name><ObjectLabelName><![CDATA[]]></ObjectLabelName><File><![CDATA[RecordData_triOslc_triOslcProperty_14b744f385fb15c6e4656a21989d54e1704a298b.xml]]></File></OMObject><OMObject Type='13' IsDoNotIncludeAssociatedRecordData="0"><Module><![CDATA[triOslc]]></Module><BO><![CDATA[triOslcProperty]]></BO><Name><![CDATA[\triRecordIdSY-ibmReservationServiceRS-General-0]]></Name><ObjectLabelName><![CDATA[]]></ObjectLabelName><File><![CDATA[RecordData_triOslc_triOslcProperty_9a7e55a43549200e7a8eda9ff71fc491f907b487.xml]]></File></OMObject><OMObject Type='13' IsDoNotIncludeAssociatedRecordData="0"><Module><![CDATA[triOslc]]></Module><BO><![CDATA[triOslcProperty]]></BO><Name><![CDATA[\triRecordIdSY-ibmReservationServiceRS-General]]></Name><ObjectLabelName><![CDATA[]]></ObjectLabelName><File><![CDATA[RecordData_triOslc_triOslcProperty_88afdadb554d5b55307a8fd7e732b32ef5f56809.xml]]></File></OMObject><OMObject Type='13' IsDoNotIncludeAssociatedRecordData="0"><Module><![CDATA[triOslc]]></Module><BO><![CDATA[triOslcProperty]]></BO><Name><![CDATA[\triRecordIdSY-ibmServiceRequestRS-RecordInformation-0]]></Name><ObjectLabelName><![CDATA[]]></ObjectLabelName><File><![CDATA[RecordData_triOslc_triOslcProperty_1b9dfc46ae167e090afcf80890b29396492fd8c6.xml]]></File></OMObject><OMObject Type='13' IsDoNotIncludeAssociatedRecordData="0"><Module><![CDATA[triOslc]]></Module><BO><![CDATA[triOslcProperty]]></BO><Name><![CDATA[\triRecordIdSY-ibmSpaceRS-RecordInformation]]></Name><ObjectLabelName><![CDATA[]]></ObjectLabelName><File><![CDATA[RecordData_triOslc_triOslcProperty_401c98eff7b411f258afd0c9298306f0a2f89c1e.xml]]></File></OMObject><OMObject Type='13' IsDoNotIncludeAssociatedRecordData="0"><Module><![CDATA[triOslc]]></Module><BO><![CDATA[triOslcProperty]]></BO><Name><![CDATA[\triRecordIdSY-ibmWALocatePersonRS-RecordInformation-1]]></Name><ObjectLabelName><![CDATA[]]></ObjectLabelName><File><![CDATA[RecordData_triOslc_triOslcProperty_6e69ff5827763a92f261d47a3e1be1539768df2e.xml]]></File></OMObject><OMObject Type='13' IsDoNotIncludeAssociatedRecordData="0"><Module><![CDATA[triOslc]]></Module><BO><![CDATA[triOslcProperty]]></BO><Name><![CDATA[\triRecordIdSY-ibmWALocatePersonRS-RecordInformation-2]]></Name><ObjectLabelName><![CDATA[]]></ObjectLabelName><File><![CDATA[RecordData_triOslc_triOslcProperty_72b3e99f82a89e2ba05d7edfb562e9039b8375f6.xml]]></File></OMObject><OMObject Type='13' IsDoNotIncludeAssociatedRecordData="0"><Module><![CDATA[triOslc]]></Module><BO><![CDATA[triOslcProperty]]></BO><Name><![CDATA[\triRecordIdSY-ibmWALocateSpaceRS-RecordInformation-0]]></Name><ObjectLabelName><![CDATA[]]></ObjectLabelName><File><![CDATA[RecordData_triOslc_triOslcProperty_59806860ab1efab6598ac516f9b55e3e3819d3f1.xml]]></File></OMObject><OMObject Type='13' IsDoNotIncludeAssociatedRecordData="0"><Module><![CDATA[triOslc]]></Module><BO><![CDATA[triOslcProperty]]></BO><Name><![CDATA[\triRequestClassCL-ibmServiceRequestRS-RecordInformation-0]]></Name><ObjectLabelName><![CDATA[]]></ObjectLabelName><File><![CDATA[RecordData_triOslc_triOslcProperty_ce11428940c18859d683f45a2933a51c05563eb5.xml]]></File></OMObject><OMObject Type='13' IsDoNotIncludeAssociatedRecordData="0"><Module><![CDATA[triOslc]]></Module><BO><![CDATA[triOslcProperty]]></BO><Name><![CDATA[\triRequestedByEmailTX-ibmReservationDefinitionRS-General]]></Name><ObjectLabelName><![CDATA[]]></ObjectLabelName><File><![CDATA[RecordData_triOslc_triOslcProperty_2670874c2ef0cd682fa25047b4ba3483b0c791e1.xml]]></File></OMObject><OMObject Type='13' IsDoNotIncludeAssociatedRecordData="0"><Module><![CDATA[triOslc]]></Module><BO><![CDATA[triOslcProperty]]></BO><Name><![CDATA[\triRequestedByFullNameTX-ibmReservationCheckinLogRS-General-0]]></Name><ObjectLabelName><![CDATA[]]></ObjectLabelName><File><![CDATA[RecordData_triOslc_triOslcProperty_9625ad2317e5e424c8eac58c28016fd14fab039d.xml]]></File></OMObject><OMObject Type='13' IsDoNotIncludeAssociatedRecordData="0"><Module><![CDATA[triOslc]]></Module><BO><![CDATA[triOslcProperty]]></BO><Name><![CDATA[\triRequestedByFullNameTX-ibmReservationDefinitionRS-General]]></Name><ObjectLabelName><![CDATA[]]></ObjectLabelName><File><![CDATA[RecordData_triOslc_triOslcProperty_79736e7e44d39d445e1c996307009380775a2f47.xml]]></File></OMObject><OMObject Type='13' IsDoNotIncludeAssociatedRecordData="0"><Module><![CDATA[triOslc]]></Module><BO><![CDATA[triOslcProperty]]></BO><Name><![CDATA[\triRequestedCapacityNU-ibmReservationServiceRS-General-0]]></Name><ObjectLabelName><![CDATA[]]></ObjectLabelName><File><![CDATA[RecordData_triOslc_triOslcProperty_cf79bd23f12dbcef33e48807df53602ba612e63b.xml]]></File></OMObject><OMObject Type='13' IsDoNotIncludeAssociatedRecordData="0"><Module><![CDATA[triOslc]]></Module><BO><![CDATA[triOslcProperty]]></BO><Name><![CDATA[\triRequestedForEmailTX-ibmReservationDefinitionRS-General]]></Name><ObjectLabelName><![CDATA[]]></ObjectLabelName><File><![CDATA[RecordData_triOslc_triOslcProperty_ef015912539f4a555d6625b45576af98eede5298.xml]]></File></OMObject><OMObject Type='13' IsDoNotIncludeAssociatedRecordData="0"><Module><![CDATA[triOslc]]></Module><BO><![CDATA[triOslcProperty]]></BO><Name><![CDATA[\triRequestedForEmailTX-ibmReservationInstanceRS-General-1]]></Name><ObjectLabelName><![CDATA[]]></ObjectLabelName><File><![CDATA[RecordData_triOslc_triOslcProperty_fe4cc84a7593c3abbc1f860f326bc8b36eb1e164.xml]]></File></OMObject><OMObject Type='13' IsDoNotIncludeAssociatedRecordData="0"><Module><![CDATA[triOslc]]></Module><BO><![CDATA[triOslcProperty]]></BO><Name><![CDATA[\triRequestedForEmailTX-ibmReservationServiceRS-General-0]]></Name><ObjectLabelName><![CDATA[]]></ObjectLabelName><File><![CDATA[RecordData_triOslc_triOslcProperty_6dae6d02480929322ca33796accf9eab72daa8bd.xml]]></File></OMObject><OMObject Type='13' IsDoNotIncludeAssociatedRecordData="0"><Module><![CDATA[triOslc]]></Module><BO><![CDATA[triOslcProperty]]></BO><Name><![CDATA[\triRequestedForEmailTX-ibmReservationServiceRS-General]]></Name><ObjectLabelName><![CDATA[]]></ObjectLabelName><File><![CDATA[RecordData_triOslc_triOslcProperty_5a38e064206832035a2b8d83681a781a748c4b52.xml]]></File></OMObject><OMObject Type='13' IsDoNotIncludeAssociatedRecordData="0"><Module><![CDATA[triOslc]]></Module><BO><![CDATA[triOslcProperty]]></BO><Name><![CDATA[\triRequestedForFullNameTX-ibmReservationCheckinLogRS-General-0]]></Name><ObjectLabelName><![CDATA[]]></ObjectLabelName><File><![CDATA[RecordData_triOslc_triOslcProperty_ce51fa7e3e7554125b4f478dcc61d3e680a48580.xml]]></File></OMObject><OMObject Type='13' IsDoNotIncludeAssociatedRecordData="0"><Module><![CDATA[triOslc]]></Module><BO><![CDATA[triOslcProperty]]></BO><Name><![CDATA[\triRequestedForFullNameTX-ibmReservationDefinitionRS-General]]></Name><ObjectLabelName><![CDATA[]]></ObjectLabelName><File><![CDATA[RecordData_triOslc_triOslcProperty_b375e45a82ec40308e414a5bc60f3ef50e5c5412.xml]]></File></OMObject><OMObject Type='13' IsDoNotIncludeAssociatedRecordData="0"><Module><![CDATA[triOslc]]></Module><BO><![CDATA[triOslcProperty]]></BO><Name><![CDATA[\triRequestedForFullNameTX-ibmReservationInstanceRS-General-1]]></Name><ObjectLabelName><![CDATA[]]></ObjectLabelName><File><![CDATA[RecordData_triOslc_triOslcProperty_40d4b9797870ebd82c96a76e4995272ffc2ddd61.xml]]></File></OMObject><OMObject Type='13' IsDoNotIncludeAssociatedRecordData="0"><Module><![CDATA[triOslc]]></Module><BO><![CDATA[triOslcProperty]]></BO><Name><![CDATA[\triRequestedForFullNameTX-ibmReservationServiceRS-General-0]]></Name><ObjectLabelName><![CDATA[]]></ObjectLabelName><File><![CDATA[RecordData_triOslc_triOslcProperty_be75dd256aa51195ad5eaf96c7a527c5121ff402.xml]]></File></OMObject><OMObject Type='13' IsDoNotIncludeAssociatedRecordData="0"><Module><![CDATA[triOslc]]></Module><BO><![CDATA[triOslcProperty]]></BO><Name><![CDATA[\triRequestedForFullNameTX-ibmReservationServiceRS-General]]></Name><ObjectLabelName><![CDATA[]]></ObjectLabelName><File><![CDATA[RecordData_triOslc_triOslcProperty_deaa35baea602296b3852e5f66575690624585d5.xml]]></File></OMObject><OMObject Type='13' IsDoNotIncludeAssociatedRecordData="0"><Module><![CDATA[triOslc]]></Module><BO><![CDATA[triOslcProperty]]></BO><Name><![CDATA[\triRequestedForLocationTX-ibmServiceRequestRS-RecordInformation-0]]></Name><ObjectLabelName><![CDATA[]]></ObjectLabelName><File><![CDATA[RecordData_triOslc_triOslcProperty_baeff2ec2ae37eff8d296eb016a7e1530453d951.xml]]></File></OMObject><OMObject Type='13' IsDoNotIncludeAssociatedRecordData="0"><Module><![CDATA[triOslc]]></Module><BO><![CDATA[triOslcProperty]]></BO><Name><![CDATA[\triRequestedForTX-ibmReservationServiceRS-General-0]]></Name><ObjectLabelName><![CDATA[]]></ObjectLabelName><File><![CDATA[RecordData_triOslc_triOslcProperty_e5d8457900ef1bcf5459d1d70415b4f74b6b59a0.xml]]></File></OMObject><OMObject Type='13' IsDoNotIncludeAssociatedRecordData="0"><Module><![CDATA[triOslc]]></Module><BO><![CDATA[triOslcProperty]]></BO><Name><![CDATA[\triRequestedForTX-ibmReservationServiceRS-General]]></Name><ObjectLabelName><![CDATA[]]></ObjectLabelName><File><![CDATA[RecordData_triOslc_triOslcProperty_e008db16df68d398aff1937fd5abe90b8be18866.xml]]></File></OMObject><OMObject Type='13' IsDoNotIncludeAssociatedRecordData="0"><Module><![CDATA[triOslc]]></Module><BO><![CDATA[triOslcProperty]]></BO><Name><![CDATA[\triRequestedForTX-ibmServiceRequestRS-RecordInformation-0]]></Name><ObjectLabelName><![CDATA[]]></ObjectLabelName><File><![CDATA[RecordData_triOslc_triOslcProperty_d53a907892e7a7db12744ff7568e3e0a4d15bdf8.xml]]></File></OMObject><OMObject Type='13' IsDoNotIncludeAssociatedRecordData="0"><Module><![CDATA[triOslc]]></Module><BO><![CDATA[triOslcProperty]]></BO><Name><![CDATA[\triRequestedForWorkPhoneTX-ibmReservationInstanceRS-General-1]]></Name><ObjectLabelName><![CDATA[]]></ObjectLabelName><File><![CDATA[RecordData_triOslc_triOslcProperty_4848104a7cc3b8d4ad100ba2e9be7322b8a4a25c.xml]]></File></OMObject><OMObject Type='13' IsDoNotIncludeAssociatedRecordData="0"><Module><![CDATA[triOslc]]></Module><BO><![CDATA[triOslcProperty]]></BO><Name><![CDATA[\triRequestForLI-ibmServiceRequestRS-RecordInformation-0]]></Name><ObjectLabelName><![CDATA[]]></ObjectLabelName><File><![CDATA[RecordData_triOslc_triOslcProperty_df5882ce15f30c5986a7cd6e59f125c68fa3ff01.xml]]></File></OMObject><OMObject Type='13' IsDoNotIncludeAssociatedRecordData="0"><Module><![CDATA[triOslc]]></Module><BO><![CDATA[triOslcQueryCapability]]></BO><Name><![CDATA[\ibmReservationCheckinLogQC]]></Name><ObjectLabelName><![CDATA[]]></ObjectLabelName><File><![CDATA[RecordData_triOslc_triOslcQueryCapability_250bcf3116290c0038f3de861617af48ead5931b.xml]]></File></OMObject><OMObject Type='13' IsDoNotIncludeAssociatedRecordData="0"><Module><![CDATA[triOslc]]></Module><BO><![CDATA[triOslcShape]]></BO><Name><![CDATA[\ibmReservationCheckinLogRS]]></Name><ObjectLabelName><![CDATA[]]></ObjectLabelName><File><![CDATA[RecordData_triOslc_triOslcShape_0be6df1ee570262fbfdd8c09cf41dfed4f60f6f6.xml]]></File></OMObject><OMObject Type='13' IsDoNotIncludeAssociatedRecordData="0"><Module><![CDATA[triOslc]]></Module><BO><![CDATA[triOslcShape]]></BO><Name><![CDATA[\ibmReservationDefinitionRS]]></Name><ObjectLabelName><![CDATA[]]></ObjectLabelName><File><![CDATA[RecordData_triOslc_triOslcShape_8a2cd5fb70fb6ce7327ea2a88e833faa7ff4d5cd.xml]]></File></OMObject><OMObject Type='13' IsDoNotIncludeAssociatedRecordData="0"><Module><![CDATA[triOslc]]></Module><BO><![CDATA[triOslcProperty]]></BO><Name><![CDATA[\triReservationIDTX-ibmReservationCheckinLogRS-General-0]]></Name><ObjectLabelName><![CDATA[]]></ObjectLabelName><File><![CDATA[RecordData_triOslc_triOslcProperty_642be340a2375a52c636dfa31fbf577fcd9b2c4d.xml]]></File></OMObject><OMObject Type='13' IsDoNotIncludeAssociatedRecordData="0"><Module><![CDATA[triOslc]]></Module><BO><![CDATA[triOslcProperty]]></BO><Name><![CDATA[\triReservationIDTX-ibmReservationDefinitionRS-General]]></Name><ObjectLabelName><![CDATA[]]></ObjectLabelName><File><![CDATA[RecordData_triOslc_triOslcProperty_eb6b1ec09934ae1c0bfae4d3a8942d64cdb3cef6.xml]]></File></OMObject><OMObject Type='13' IsDoNotIncludeAssociatedRecordData="0"><Module><![CDATA[triOslc]]></Module><BO><![CDATA[triOslcProperty]]></BO><Name><![CDATA[\triReservationIDTX-ibmReservationServiceRS-General-0]]></Name><ObjectLabelName><![CDATA[]]></ObjectLabelName><File><![CDATA[RecordData_triOslc_triOslcProperty_eb9ad9ce90c60ddfb0daa6f4cdd86f4a0a6c551d.xml]]></File></OMObject><OMObject Type='13' IsDoNotIncludeAssociatedRecordData="0"><Module><![CDATA[triOslc]]></Module><BO><![CDATA[triOslcProperty]]></BO><Name><![CDATA[\triReservationIDTX-ibmReservationServiceRS-General]]></Name><ObjectLabelName><![CDATA[]]></ObjectLabelName><File><![CDATA[RecordData_triOslc_triOslcProperty_a060bb55b1a93ad365eb4483bfee28c0bfeb6d91.xml]]></File></OMObject><OMObject Type='13' IsDoNotIncludeAssociatedRecordData="0"><Module><![CDATA[triOslc]]></Module><BO><![CDATA[triOslcQueryCapability]]></BO><Name><![CDATA[\ibmReservationInstanceQC]]></Name><ObjectLabelName><![CDATA[]]></ObjectLabelName><File><![CDATA[RecordData_triOslc_triOslcQueryCapability_9d6a6e68fd6727e37ab4ebf3e1fa7352d9272618.xml]]></File></OMObject><OMObject Type='13' IsDoNotIncludeAssociatedRecordData="0"><Module><![CDATA[triOslc]]></Module><BO><![CDATA[triOslcLinkedResource]]></BO><Name><![CDATA[\triReservationInstanceResource]]></Name><ObjectLabelName><![CDATA[]]></ObjectLabelName><File><![CDATA[RecordData_triOslc_triOslcLinkedResource_e3ec5f80ce78514b1f2808006e4ec6ecb1fbfd66.xml]]></File></OMObject><OMObject Type='13' IsDoNotIncludeAssociatedRecordData="0"><Module><![CDATA[triOslc]]></Module><BO><![CDATA[triOslcShape]]></BO><Name><![CDATA[\ibmReservationInstanceRS]]></Name><ObjectLabelName><![CDATA[]]></ObjectLabelName><File><![CDATA[RecordData_triOslc_triOslcShape_73c9064a35dee6cc3d4b9803a551aa2601cc3df5.xml]]></File></OMObject><OMObject Type='13' IsDoNotIncludeAssociatedRecordData="0"><Module><![CDATA[triOslc]]></Module><BO><![CDATA[triOslcQueryCapability]]></BO><Name><![CDATA[\triReservationInstances]]></Name><ObjectLabelName><![CDATA[]]></ObjectLabelName><File><![CDATA[RecordData_triOslc_triOslcQueryCapability_1de1fa2f8528e1cf3bc93375b878a6ea10299618.xml]]></File></OMObject><OMObject Type='13' IsDoNotIncludeAssociatedRecordData="0"><Module><![CDATA[triOslc]]></Module><BO><![CDATA[triOslcServiceProvider]]></BO><Name><![CDATA[\ibmReservationManagementSP]]></Name><ObjectLabelName><![CDATA[]]></ObjectLabelName><File><![CDATA[RecordData_triOslc_triOslcServiceProvider_fcdb58d083aa818bd712b830344deb49a03759f5.xml]]></File></OMObject><OMObject Type='13' IsDoNotIncludeAssociatedRecordData="0"><Module><![CDATA[triOslc]]></Module><BO><![CDATA[triOslcService]]></BO><Name><![CDATA[\ibmReservationManagementSV]]></Name><ObjectLabelName><![CDATA[]]></ObjectLabelName><File><![CDATA[RecordData_triOslc_triOslcService_4fdd636e0c7e57b11f84d603134364ecd0288b6d.xml]]></File></OMObject><OMObject Type='13' IsDoNotIncludeAssociatedRecordData="0"><Module><![CDATA[triOslc]]></Module><BO><![CDATA[triOslcLinkedResource]]></BO><Name><![CDATA[\triReservationResourceLocation]]></Name><ObjectLabelName><![CDATA[]]></ObjectLabelName><File><![CDATA[RecordData_triOslc_triOslcLinkedResource_93cd4fe25532a5e3c1033ad9fa9346c3ddb8d803.xml]]></File></OMObject><OMObject Type='13' IsDoNotIncludeAssociatedRecordData="0"><Module><![CDATA[triOslc]]></Module><BO><![CDATA[triOslcShape]]></BO><Name><![CDATA[\ibmReservationResourceRS]]></Name><ObjectLabelName><![CDATA[]]></ObjectLabelName><File><![CDATA[RecordData_triOslc_triOslcShape_9a668c40c0128c59d7e6ab489835c88aa0beddcf.xml]]></File></OMObject><OMObject Type='13' IsDoNotIncludeAssociatedRecordData="0"><Module><![CDATA[triOslc]]></Module><BO><![CDATA[triOslcCreationFactory]]></BO><Name><![CDATA[\ibmReservationServiceCF]]></Name><ObjectLabelName><![CDATA[]]></ObjectLabelName><File><![CDATA[RecordData_triOslc_triOslcCreationFactory_0dbf0a3d744e7728412b2fb1c5a952aa7fc3a043.xml]]></File></OMObject><OMObject Type='13' IsDoNotIncludeAssociatedRecordData="0"><Module><![CDATA[triOslc]]></Module><BO><![CDATA[triOslcLinkedResource]]></BO><Name><![CDATA[\triReservationServiceReservations]]></Name><ObjectLabelName><![CDATA[]]></ObjectLabelName><File><![CDATA[RecordData_triOslc_triOslcLinkedResource_456c303617901284d3871a7deea101197d9c949f.xml]]></File></OMObject><OMObject Type='13' IsDoNotIncludeAssociatedRecordData="0"><Module><![CDATA[triOslc]]></Module><BO><![CDATA[triOslcShape]]></BO><Name><![CDATA[\ibmReservationServiceRS]]></Name><ObjectLabelName><![CDATA[]]></ObjectLabelName><File><![CDATA[RecordData_triOslc_triOslcShape_5955d1ee48e165335cc2aa32be6cfdab16774945.xml]]></File></OMObject><OMObject Type='13' IsDoNotIncludeAssociatedRecordData="0"><Module><![CDATA[triOslc]]></Module><BO><![CDATA[triOslcProperty]]></BO><Name><![CDATA[\triReservationTX-ibmReservationInstanceRS-General]]></Name><ObjectLabelName><![CDATA[]]></ObjectLabelName><File><![CDATA[RecordData_triOslc_triOslcProperty_98ed21fc553bc5aec718f3dde63b49cda59e72e2.xml]]></File></OMObject><OMObject Type='13' IsDoNotIncludeAssociatedRecordData="0"><Module><![CDATA[triOslc]]></Module><BO><![CDATA[triOslcProperty]]></BO><Name><![CDATA[\triReservationTX-ibmReservationServiceRS-General-0]]></Name><ObjectLabelName><![CDATA[]]></ObjectLabelName><File><![CDATA[RecordData_triOslc_triOslcProperty_48667b296531ab5998abe41826a32fa5e4a1b127.xml]]></File></OMObject><OMObject Type='13' IsDoNotIncludeAssociatedRecordData="0"><Module><![CDATA[triOslc]]></Module><BO><![CDATA[triOslcProperty]]></BO><Name><![CDATA[\triReservationTX-ibmReservationServiceRS-General]]></Name><ObjectLabelName><![CDATA[]]></ObjectLabelName><File><![CDATA[RecordData_triOslc_triOslcProperty_38101a57d28ec04a94624c07b0611df6f408cc0a.xml]]></File></OMObject><OMObject Type='13' IsDoNotIncludeAssociatedRecordData="0"><Module><![CDATA[triOslc]]></Module><BO><![CDATA[triOslcProperty]]></BO><Name><![CDATA[\triReserveNameTX-ibmReservationInstanceRS-RecordInformation-3]]></Name><ObjectLabelName><![CDATA[]]></ObjectLabelName><File><![CDATA[RecordData_triOslc_triOslcProperty_7fb4cd516d235d353188f831bf94629cb164218f.xml]]></File></OMObject><OMObject Type='13' IsDoNotIncludeAssociatedRecordData="0"><Module><![CDATA[triOslc]]></Module><BO><![CDATA[triOslcProperty]]></BO><Name><![CDATA[\triReserveNameTX-ibmSpaceRS-RecordInformation]]></Name><ObjectLabelName><![CDATA[]]></ObjectLabelName><File><![CDATA[RecordData_triOslc_triOslcProperty_24fcea0d00229f2c3f5568739227158ea0fc07c0.xml]]></File></OMObject><OMObject Type='13' IsDoNotIncludeAssociatedRecordData="0"><Module><![CDATA[triOslc]]></Module><BO><![CDATA[triOslcProperty]]></BO><Name><![CDATA[\triResourceTX-ibmReservationInstanceRS-General]]></Name><ObjectLabelName><![CDATA[]]></ObjectLabelName><File><![CDATA[RecordData_triOslc_triOslcProperty_8d3f158cd2c5626322ec0623b00b53b88487b9bd.xml]]></File></OMObject><OMObject Type='13' IsDoNotIncludeAssociatedRecordData="0"><Module><![CDATA[triOslc]]></Module><BO><![CDATA[triOslcProperty]]></BO><Name><![CDATA[\triResourceTypeLI-ibmReservationResourceRS-General]]></Name><ObjectLabelName><![CDATA[]]></ObjectLabelName><File><![CDATA[RecordData_triOslc_triOslcProperty_e01016a2122beff2be65e8baad9858775df758b2.xml]]></File></OMObject><OMObject Type='13' IsDoNotIncludeAssociatedRecordData="0"><Module><![CDATA[triOslc]]></Module><BO><![CDATA[triOslcProperty]]></BO><Name><![CDATA[\triRevisionNU-ibmServiceRequestRS-RecordInformation-0]]></Name><ObjectLabelName><![CDATA[]]></ObjectLabelName><File><![CDATA[RecordData_triOslc_triOslcProperty_9dc2042aece8142c695bde1c9a751ca480c53de0.xml]]></File></OMObject><OMObject Type='13' IsDoNotIncludeAssociatedRecordData="0"><Module><![CDATA[triOslc]]></Module><BO><![CDATA[triOslcCreationFactory]]></BO><Name><![CDATA[\ibmServiceRequestCF]]></Name><ObjectLabelName><![CDATA[]]></ObjectLabelName><File><![CDATA[RecordData_triOslc_triOslcCreationFactory_8a70501bd935e606b638e6305c1ae45f56c92f1a.xml]]></File></OMObject><OMObject Type='13' IsDoNotIncludeAssociatedRecordData="0"><Module><![CDATA[triOslc]]></Module><BO><![CDATA[triOslcShape]]></BO><Name><![CDATA[\ibmServiceRequestRS]]></Name><ObjectLabelName><![CDATA[]]></ObjectLabelName><File><![CDATA[RecordData_triOslc_triOslcShape_e0cfd9b74dae6a63605e612d1d7c2eeee5c40ba9.xml]]></File></OMObject><OMObject Type='13' IsDoNotIncludeAssociatedRecordData="0"><Module><![CDATA[triOslc]]></Module><BO><![CDATA[triOslcService]]></BO><Name><![CDATA[\ibmServiceRequestService]]></Name><ObjectLabelName><![CDATA[]]></ObjectLabelName><File><![CDATA[RecordData_triOslc_triOslcService_2b98f5422c8f7828b58d99454c0b04c565aae26a.xml]]></File></OMObject><OMObject Type='13' IsDoNotIncludeAssociatedRecordData="0"><Module><![CDATA[triOslc]]></Module><BO><![CDATA[triOslcServiceProvider]]></BO><Name><![CDATA[\ibmServiceRequestSP]]></Name><ObjectLabelName><![CDATA[]]></ObjectLabelName><File><![CDATA[RecordData_triOslc_triOslcServiceProvider_967323da154f2453de9514658df5f59f3b714a3f.xml]]></File></OMObject><OMObject Type='13' IsDoNotIncludeAssociatedRecordData="0"><Module><![CDATA[triOslc]]></Module><BO><![CDATA[triOslcShape]]></BO><Name><![CDATA[\ibmSpaceRS]]></Name><ObjectLabelName><![CDATA[]]></ObjectLabelName><File><![CDATA[RecordData_triOslc_triOslcShape_2a30ae4d0e56c16889bce81c9b9889373013d654.xml]]></File></OMObject><OMObject Type='13' IsDoNotIncludeAssociatedRecordData="0"><Module><![CDATA[triOslc]]></Module><BO><![CDATA[triOslcProperty]]></BO><Name><![CDATA[\triSpaceTX-ibmReservationServiceRS-General-0]]></Name><ObjectLabelName><![CDATA[]]></ObjectLabelName><File><![CDATA[RecordData_triOslc_triOslcProperty_3b79ab2bcdf4f42d9f1c7ae8f76e87de1efcc6ba.xml]]></File></OMObject><OMObject Type='13' IsDoNotIncludeAssociatedRecordData="0"><Module><![CDATA[triOslc]]></Module><BO><![CDATA[triOslcProperty]]></BO><Name><![CDATA[\triSpaceTX-ibmReservationServiceRS-General]]></Name><ObjectLabelName><![CDATA[]]></ObjectLabelName><File><![CDATA[RecordData_triOslc_triOslcProperty_39af35c827ae27a072379cf26e25df6f3e523ef9.xml]]></File></OMObject><OMObject Type='13' IsDoNotIncludeAssociatedRecordData="0"><Module><![CDATA[triOslc]]></Module><BO><![CDATA[triOslcProperty]]></BO><Name><![CDATA[\triSpaceTX-ibmServiceRequestRS-RecordInformation-0]]></Name><ObjectLabelName><![CDATA[]]></ObjectLabelName><File><![CDATA[RecordData_triOslc_triOslcProperty_a1af8d451aca1c776185f1e5a5e1e8c6d285ed61.xml]]></File></OMObject><OMObject Type='13' IsDoNotIncludeAssociatedRecordData="0"><Module><![CDATA[triOslc]]></Module><BO><![CDATA[triOslcProperty]]></BO><Name><![CDATA[\triStartDT-ibmReservationCheckinLogRS-General-0]]></Name><ObjectLabelName><![CDATA[]]></ObjectLabelName><File><![CDATA[RecordData_triOslc_triOslcProperty_9a583fdc5220771ce43f19759aa1d350551f565c.xml]]></File></OMObject><OMObject Type='13' IsDoNotIncludeAssociatedRecordData="0"><Module><![CDATA[triOslc]]></Module><BO><![CDATA[triOslcProperty]]></BO><Name><![CDATA[\triStartDT-ibmReservationServiceRS-General-0]]></Name><ObjectLabelName><![CDATA[]]></ObjectLabelName><File><![CDATA[RecordData_triOslc_triOslcProperty_08ad524eddbadfd65f2a1c980a9b2f1c38a04a9b.xml]]></File></OMObject><OMObject Type='13' IsDoNotIncludeAssociatedRecordData="0"><Module><![CDATA[triOslc]]></Module><BO><![CDATA[triOslcProperty]]></BO><Name><![CDATA[\triStartDT-ibmReservationServiceRS-General]]></Name><ObjectLabelName><![CDATA[]]></ObjectLabelName><File><![CDATA[RecordData_triOslc_triOslcProperty_efdddd1db1cb53fc5061b0e1b37756d9fff80ff8.xml]]></File></OMObject><OMObject Type='13' IsDoNotIncludeAssociatedRecordData="0"><Module><![CDATA[triOslc]]></Module><BO><![CDATA[triOslcProperty]]></BO><Name><![CDATA[\triStateProvTX-ibmWALocatePersonRS-RecordInformation-3]]></Name><ObjectLabelName><![CDATA[]]></ObjectLabelName><File><![CDATA[RecordData_triOslc_triOslcProperty_60cfd04d660b7a7094b9e707cbc8a2b156c4c97e.xml]]></File></OMObject><OMObject Type='13' IsDoNotIncludeAssociatedRecordData="0"><Module><![CDATA[triOslc]]></Module><BO><![CDATA[triOslcProperty]]></BO><Name><![CDATA[\triStatusCL-ibmReservationInstanceRS-General]]></Name><ObjectLabelName><![CDATA[]]></ObjectLabelName><File><![CDATA[RecordData_triOslc_triOslcProperty_eeab16fd69df62b753812769684710d82c1b3593.xml]]></File></OMObject><OMObject Type='13' IsDoNotIncludeAssociatedRecordData="0"><Module><![CDATA[triOslc]]></Module><BO><![CDATA[triOslcProperty]]></BO><Name><![CDATA[\triStatusCL-ibmServiceRequestRS-RecordInformation-0]]></Name><ObjectLabelName><![CDATA[]]></ObjectLabelName><File><![CDATA[RecordData_triOslc_triOslcProperty_19f77d60b11e0fbce5c7437ad32b2dd668346601.xml]]></File></OMObject><OMObject Type='13' IsDoNotIncludeAssociatedRecordData="0"><Module><![CDATA[triOslc]]></Module><BO><![CDATA[triOslcProperty]]></BO><Name><![CDATA[\triStatusCL-ibmWALocateSpaceRS-RecordInformation-0]]></Name><ObjectLabelName><![CDATA[]]></ObjectLabelName><File><![CDATA[RecordData_triOslc_triOslcProperty_e159c643e57d77b242ee7c2b7cc9626af848128c.xml]]></File></OMObject><OMObject Type='13' IsDoNotIncludeAssociatedRecordData="0"><Module><![CDATA[triOslc]]></Module><BO><![CDATA[triOslcProperty]]></BO><Name><![CDATA[\triSubjectTX-ibmReservationCheckinLogRS-General-0]]></Name><ObjectLabelName><![CDATA[]]></ObjectLabelName><File><![CDATA[RecordData_triOslc_triOslcProperty_42c38da8921067b8ceaaeba14d67f5b1af55a207.xml]]></File></OMObject><OMObject Type='13' IsDoNotIncludeAssociatedRecordData="0"><Module><![CDATA[triOslc]]></Module><BO><![CDATA[triOslcProperty]]></BO><Name><![CDATA[\triSubjectTX-ibmReservationServiceRS-General-0]]></Name><ObjectLabelName><![CDATA[]]></ObjectLabelName><File><![CDATA[RecordData_triOslc_triOslcProperty_e1aeee0ff29f2e2f2874e755127cbd85934a3d68.xml]]></File></OMObject><OMObject Type='13' IsDoNotIncludeAssociatedRecordData="0"><Module><![CDATA[triOslc]]></Module><BO><![CDATA[triOslcProperty]]></BO><Name><![CDATA[\triSubjectTX-ibmReservationServiceRS-General]]></Name><ObjectLabelName><![CDATA[]]></ObjectLabelName><File><![CDATA[RecordData_triOslc_triOslcProperty_bc730465c7a0e194bee41f87f4a8db0a2afe4347.xml]]></File></OMObject><OMObject Type='13' IsDoNotIncludeAssociatedRecordData="0"><Module><![CDATA[triOslc]]></Module><BO><![CDATA[triOslcProperty]]></BO><Name><![CDATA[\triTimeZonesCL-ibmReservationServiceRS-General-0]]></Name><ObjectLabelName><![CDATA[]]></ObjectLabelName><File><![CDATA[RecordData_triOslc_triOslcProperty_d92cf56b0a5c172ae844a4630b71ea07bb313d55.xml]]></File></OMObject><OMObject Type='13' IsDoNotIncludeAssociatedRecordData="0"><Module><![CDATA[triOslc]]></Module><BO><![CDATA[triOslcProperty]]></BO><Name><![CDATA[\triTimeZonesCL-ibmReservationServiceRS-General]]></Name><ObjectLabelName><![CDATA[]]></ObjectLabelName><File><![CDATA[RecordData_triOslc_triOslcProperty_99559ce7a31523d4d313b02207a3b0bb98e33199.xml]]></File></OMObject><OMObject Type='13' IsDoNotIncludeAssociatedRecordData="0"><Module><![CDATA[triOslc]]></Module><BO><![CDATA[triOslcProperty]]></BO><Name><![CDATA[\triTitleTX-ibmWALocatePersonRS-Detail-0]]></Name><ObjectLabelName><![CDATA[]]></ObjectLabelName><File><![CDATA[RecordData_triOslc_triOslcProperty_33a709bae6c6f3f26f569dfc9c3d2bbef3eeda3a.xml]]></File></OMObject><OMObject Type='13' IsDoNotIncludeAssociatedRecordData="0"><Module><![CDATA[triOslc]]></Module><BO><![CDATA[triOslcProperty]]></BO><Name><![CDATA[\triUserLanguageLI-ibmWALocatePersonRS-Detail-0]]></Name><ObjectLabelName><![CDATA[]]></ObjectLabelName><File><![CDATA[RecordData_triOslc_triOslcProperty_1414ec82884a04ba94e508471f865822c1565652.xml]]></File></OMObject><OMObject Type='13' IsDoNotIncludeAssociatedRecordData="0"><Module><![CDATA[triOslc]]></Module><BO><![CDATA[triOslcProperty]]></BO><Name><![CDATA[\triUserMessageFlagTX-ibmReservationServiceRS-General-0]]></Name><ObjectLabelName><![CDATA[]]></ObjectLabelName><File><![CDATA[RecordData_triOslc_triOslcProperty_f5ea803f8df1fbdbd6bb1c52593331a22253e535.xml]]></File></OMObject><OMObject Type='13' IsDoNotIncludeAssociatedRecordData="0"><Module><![CDATA[triOslc]]></Module><BO><![CDATA[triOslcProperty]]></BO><Name><![CDATA[\triUserMessageFlagTX-ibmReservationServiceRS-General]]></Name><ObjectLabelName><![CDATA[]]></ObjectLabelName><File><![CDATA[RecordData_triOslc_triOslcProperty_45000fc327a6e0774fd9539a4c2e36fe616033c2.xml]]></File></OMObject><OMObject Type='13' IsDoNotIncludeAssociatedRecordData="0"><Module><![CDATA[triOslc]]></Module><BO><![CDATA[triOslcProperty]]></BO><Name><![CDATA[\triUserMessageFlagTX-ibmServiceRequestRS-RecordInformation-0]]></Name><ObjectLabelName><![CDATA[]]></ObjectLabelName><File><![CDATA[RecordData_triOslc_triOslcProperty_3b7e2e3cc20152638d33c2bd010d26032c6fc93c.xml]]></File></OMObject><OMObject Type='13' IsDoNotIncludeAssociatedRecordData="0"><Module><![CDATA[triOslc]]></Module><BO><![CDATA[triOslcProperty]]></BO><Name><![CDATA[\triUserMessageFlagTX-ibmWALocateSpaceRS-RecordInformation-0]]></Name><ObjectLabelName><![CDATA[]]></ObjectLabelName><File><![CDATA[RecordData_triOslc_triOslcProperty_096c2dd5852a3228c6b8165657bfad8241989765.xml]]></File></OMObject><OMObject Type='13' IsDoNotIncludeAssociatedRecordData="0"><Module><![CDATA[triOslc]]></Module><BO><![CDATA[triOslcProperty]]></BO><Name><![CDATA[\triUserMessageTX-ibmReservationServiceRS-General-0]]></Name><ObjectLabelName><![CDATA[]]></ObjectLabelName><File><![CDATA[RecordData_triOslc_triOslcProperty_f75240ce69daa3079d23b5c1a72b01fa59c77af8.xml]]></File></OMObject><OMObject Type='13' IsDoNotIncludeAssociatedRecordData="0"><Module><![CDATA[triOslc]]></Module><BO><![CDATA[triOslcProperty]]></BO><Name><![CDATA[\triUserMessageTX-ibmReservationServiceRS-General]]></Name><ObjectLabelName><![CDATA[]]></ObjectLabelName><File><![CDATA[RecordData_triOslc_triOslcProperty_9267b480730fe7e8a287dab16a877c5119540e42.xml]]></File></OMObject><OMObject Type='13' IsDoNotIncludeAssociatedRecordData="0"><Module><![CDATA[triOslc]]></Module><BO><![CDATA[triOslcQueryCapability]]></BO><Name><![CDATA[\ibmWALocatePersonQC]]></Name><ObjectLabelName><![CDATA[]]></ObjectLabelName><File><![CDATA[RecordData_triOslc_triOslcQueryCapability_5d06df9aa3b4f89c59640589157e3b62de96078b.xml]]></File></OMObject><OMObject Type='13' IsDoNotIncludeAssociatedRecordData="0"><Module><![CDATA[triOslc]]></Module><BO><![CDATA[triOslcShape]]></BO><Name><![CDATA[\ibmWALocatePersonRS]]></Name><ObjectLabelName><![CDATA[]]></ObjectLabelName><File><![CDATA[RecordData_triOslc_triOslcShape_6a1acf650b422376f4a33ce661950e79ebd05ac2.xml]]></File></OMObject><OMObject Type='13' IsDoNotIncludeAssociatedRecordData="0"><Module><![CDATA[triOslc]]></Module><BO><![CDATA[triOslcQueryCapability]]></BO><Name><![CDATA[\ibmWALocateRequestQC]]></Name><ObjectLabelName><![CDATA[]]></ObjectLabelName><File><![CDATA[RecordData_triOslc_triOslcQueryCapability_6f76bbb294d8bc7ed4461abd9ca3f8f92ddcf9bc.xml]]></File></OMObject><OMObject Type='13' IsDoNotIncludeAssociatedRecordData="0"><Module><![CDATA[triOslc]]></Module><BO><![CDATA[triOslcShape]]></BO><Name><![CDATA[\ibmWALocateRS]]></Name><ObjectLabelName><![CDATA[]]></ObjectLabelName><File><![CDATA[RecordData_triOslc_triOslcShape_36f953a3e4bd56bd0b261ec336e641276e188429.xml]]></File></OMObject><OMObject Type='13' IsDoNotIncludeAssociatedRecordData="0"><Module><![CDATA[triOslc]]></Module><BO><![CDATA[triOslcQueryCapability]]></BO><Name><![CDATA[\ibmWALocateSpaceQC]]></Name><ObjectLabelName><![CDATA[]]></ObjectLabelName><File><![CDATA[RecordData_triOslc_triOslcQueryCapability_e60c2cbbc7d1685117869723a23ac31ca94b00e3.xml]]></File></OMObject><OMObject Type='13' IsDoNotIncludeAssociatedRecordData="0"><Module><![CDATA[triOslc]]></Module><BO><![CDATA[triOslcShape]]></BO><Name><![CDATA[\ibmWALocateSpaceRS]]></Name><ObjectLabelName><![CDATA[]]></ObjectLabelName><File><![CDATA[RecordData_triOslc_triOslcShape_a3206380fb89ea5ca8f0206c570ec46c561ad930.xml]]></File></OMObject><OMObject Type='13' IsDoNotIncludeAssociatedRecordData="0"><Module><![CDATA[triOslc]]></Module><BO><![CDATA[triOslcServiceProvider]]></BO><Name><![CDATA[\ibmWALocateSP]]></Name><ObjectLabelName><![CDATA[]]></ObjectLabelName><File><![CDATA[RecordData_triOslc_triOslcServiceProvider_1af9de4e6ffc57bbd92351a3d4730761f9450f81.xml]]></File></OMObject><OMObject Type='13' IsDoNotIncludeAssociatedRecordData="0"><Module><![CDATA[triOslc]]></Module><BO><![CDATA[triOslcService]]></BO><Name><![CDATA[\ibmWALocateSV]]></Name><ObjectLabelName><![CDATA[]]></ObjectLabelName><File><![CDATA[RecordData_triOslc_triOslcService_e829d4718578755673135143752fcebe79ec5f9d.xml]]></File></OMObject><OMObject Type='13' IsDoNotIncludeAssociatedRecordData="0"><Module><![CDATA[triOslc]]></Module><BO><![CDATA[triOslcProperty]]></BO><Name><![CDATA[\triWorkPhoneTX-ibmWALocatePersonRS-Detail-0]]></Name><ObjectLabelName><![CDATA[]]></ObjectLabelName><File><![CDATA[RecordData_triOslc_triOslcProperty_b4a70178f7309282f3a55d576720828dc15bb987.xml]]></File></OMObject><OMObject Type='13' IsDoNotIncludeAssociatedRecordData="0"><Module><![CDATA[triOslc]]></Module><BO><![CDATA[triOslcCreationFactory]]></BO><Name><![CDATA[\triWorkTaskCF]]></Name><ObjectLabelName><![CDATA[]]></ObjectLabelName><File><![CDATA[RecordData_triOslc_triOslcCreationFactory_b4f32b8bad05f5cfe5ebd278091f6de3cc1b4b6b.xml]]></File></OMObject><OMObject Type='1005'><Module><![CDATA[triPlatformMeta]]></Module><BO><![CDATA[triWebViewMeta]]></BO><Name><![CDATA[\ibmTriAssistant-ibmTriAssistant]]></Name><ObjectLabelName><![CDATA[In Progress 0.0]]></ObjectLabelName><File><![CDATA[WebComponent_1686be3861630ee9ec1e07aeb22b0ba939483944.xml]]></File></OMObject><OMObject Type='3'><Module><![CDATA[ibmAppServices]]></Module><BO><![CDATA[]]></BO><Name><![CDATA[ibmAppServices - Synchronous - Find Location - Space]]></Name><ObjectLabelName><![CDATA[Root 0.0]]></ObjectLabelName><File><![CDATA[Workflow_ibmAppServices__ibmAppServices-Synchronous-FindLocation-Space.xml]]></File></OMObject><OMObject Type='3'><Module><![CDATA[ibmAppServices]]></Module><BO><![CDATA[]]></BO><Name><![CDATA[ibmAppServices - Synchronous - Find Person - Requested For]]></Name><ObjectLabelName><![CDATA[Root 0.0]]></ObjectLabelName><File><![CDATA[Workflow_ibmAppServices__ibmAppServices-Synchronous-FindPerson-RequestedFor.xml]]></File></OMObject><OMObject Type='3'><Module><![CDATA[ibmAppServices]]></Module><BO><![CDATA[]]></BO><Name><![CDATA[ibmAppServices - Synchronous - Service - Delete]]></Name><ObjectLabelName><![CDATA[Root 0.0]]></ObjectLabelName><File><![CDATA[Workflow_ibmAppServices__ibmAppServices-Synchronous-Service-Delete.xml]]></File></OMObject><OMObject Type='3'><Module><![CDATA[ibmAppServices]]></Module><BO><![CDATA[]]></BO><Name><![CDATA[ibmAppServices - Synchronous - Service - Setup]]></Name><ObjectLabelName><![CDATA[Root 0.0]]></ObjectLabelName><File><![CDATA[Workflow_ibmAppServices__ibmAppServices-Synchronous-Service-Setup.xml]]></File></OMObject><OMObject Type='3'><Module><![CDATA[ibmAppServices]]></Module><BO><![CDATA[]]></BO><Name><![CDATA[ibmAppServices - Synchronous - Service - Teardown]]></Name><ObjectLabelName><![CDATA[Root 0.0]]></ObjectLabelName><File><![CDATA[Workflow_ibmAppServices__ibmAppServices-Synchronous-Service-Teardown.xml]]></File></OMObject><OMObject Type='3'><Module><![CDATA[ibmAppServices]]></Module><BO><![CDATA[]]></BO><Name><![CDATA[ibmAppServices - Synchronous - User Message - No Requested For People Found]]></Name><ObjectLabelName><![CDATA[Root 0.0]]></ObjectLabelName><File><![CDATA[Workflow_ibmAppServices__ibmAppServices-Synchronous-UserMessage-NoRequestedForPeopleFound.xml]]></File></OMObject><OMObject Type='3'><Module><![CDATA[ibmAppServices]]></Module><BO><![CDATA[]]></BO><Name><![CDATA[ibmAppServices - Synchronous - User Message - Too Many Locations Found]]></Name><ObjectLabelName><![CDATA[Root 0.0]]></ObjectLabelName><File><![CDATA[Workflow_ibmAppServices__ibmAppServices-Synchronous-UserMessage-TooManyLocationsFound.xml]]></File></OMObject><OMObject Type='3'><Module><![CDATA[ibmAppServices]]></Module><BO><![CDATA[]]></BO><Name><![CDATA[ibmAppServices - Synchronous - User Message - Too Many Requested For People Found]]></Name><ObjectLabelName><![CDATA[Root 0.0]]></ObjectLabelName><File><![CDATA[Workflow_ibmAppServices__ibmAppServices-Synchronous-UserMessage-TooManyRequestedForPeopleFound.xml]]></File></OMObject><OMObject Type='3'><Module><![CDATA[ibmAppServices]]></Module><BO><![CDATA[]]></BO><Name><![CDATA[ibmAppServices - Synchronous - User Message - Unable To Find Location]]></Name><ObjectLabelName><![CDATA[Root 0.0]]></ObjectLabelName><File><![CDATA[Workflow_ibmAppServices__ibmAppServices-Synchronous-UserMessage-UnableToFindLocation.xml]]></File></OMObject><OMObject Type='3'><Module><![CDATA[ibmAppServices]]></Module><BO><![CDATA[ibmLocationServices]]></BO><Name><![CDATA[triLoocationServices - Synchronous - triSearchPeople]]></Name><ObjectLabelName><![CDATA[In Progress 0.0]]></ObjectLabelName><File><![CDATA[Workflow_ibmAppServices_ibmLocationServices_triLoocationServices-Synchronous-triSearchPeople.xml]]></File></OMObject><OMObject Type='3'><Module><![CDATA[triReservation]]></Module><BO><![CDATA[triReservationDefinition]]></BO><Name><![CDATA[triReservationDefinition - WF DELETE FROM MGR]]></Name><ObjectLabelName><![CDATA[IBM-T 10.5.0]]></ObjectLabelName><File><![CDATA[Workflow_triReservation_triReservationDefinition_triReservationDefinition-WFDELETEFROMMGR.xml]]></File></OMObject><OMObject Type='3'><Module><![CDATA[ibmAppServices]]></Module><BO><![CDATA[ibmReservationServices]]></BO><Name><![CDATA[ibmReservationServices - Synchronous - Create One-Time Reservation]]></Name><ObjectLabelName><![CDATA[Root 0.0]]></ObjectLabelName><File><![CDATA[Workflow_ibmAppServices_ibmReservationServices_ibmReservationServices-Synchronous-CreateOne-TimeReservation.xml]]></File></OMObject><OMObject Type='3'><Module><![CDATA[ibmAppServices]]></Module><BO><![CDATA[ibmReservationServices]]></BO><Name><![CDATA[ibmReservationServices - Synchronous - Get Location - Floors]]></Name><ObjectLabelName><![CDATA[In Progress 0.0]]></ObjectLabelName><File><![CDATA[Workflow_ibmAppServices_ibmReservationServices_ibmReservationServices-Synchronous-GetLocation-Floors.xml]]></File></OMObject><OMObject Type='3'><Module><![CDATA[ibmAppServices]]></Module><BO><![CDATA[ibmReservationServices]]></BO><Name><![CDATA[ibmReservationServices - Synchronous - Get Location - Floor]]></Name><ObjectLabelName><![CDATA[Root 0.0]]></ObjectLabelName><File><![CDATA[Workflow_ibmAppServices_ibmReservationServices_ibmReservationServices-Synchronous-GetLocation-Floor.xml]]></File></OMObject><OMObject Type='3'><Module><![CDATA[ibmAppServices]]></Module><BO><![CDATA[ibmReservationServices]]></BO><Name><![CDATA[ibmReservationServices - Synchronous - Get Location - Space]]></Name><ObjectLabelName><![CDATA[Root 0.0]]></ObjectLabelName><File><![CDATA[Workflow_ibmAppServices_ibmReservationServices_ibmReservationServices-Synchronous-GetLocation-Space.xml]]></File></OMObject><OMObject Type='3'><Module><![CDATA[ibmAppServices]]></Module><BO><![CDATA[ibmReservationServices]]></BO><Name><![CDATA[ibmReservationServices - Synchronous - Get Requested For]]></Name><ObjectLabelName><![CDATA[Root 0.0]]></ObjectLabelName><File><![CDATA[Workflow_ibmAppServices_ibmReservationServices_ibmReservationServices-Synchronous-GetRequestedFor.xml]]></File></OMObject><OMObject Type='3'><Module><![CDATA[ibmAppServices]]></Module><BO><![CDATA[ibmReservationServices]]></BO><Name><![CDATA[ibmReservationServices - Synchronous - Get Reservation Instance By Location - For CheckIn]]></Name><ObjectLabelName><![CDATA[Root 0.0]]></ObjectLabelName><File><![CDATA[Workflow_ibmAppServices_ibmReservationServices_ibmReservationServices-Synchronous-GetReservationInstanceByLocation-ForCheckIn.xml]]></File></OMObject><OMObject Type='3'><Module><![CDATA[ibmAppServices]]></Module><BO><![CDATA[ibmReservationServices]]></BO><Name><![CDATA[ibmReservationServices - Synchronous - Get Reservation Instance By Location - For Delete]]></Name><ObjectLabelName><![CDATA[IBM-WA 0.2.0]]></ObjectLabelName><File><![CDATA[Workflow_ibmAppServices_ibmReservationServices_ibmReservationServices-Synchronous-GetReservationInstanceByLocation-ForDelete.xml]]></File></OMObject><OMObject Type='3'><Module><![CDATA[ibmAppServices]]></Module><BO><![CDATA[ibmReservationServices]]></BO><Name><![CDATA[ibmReservationServices - Synchronous - Get Reservation Instance By Location]]></Name><ObjectLabelName><![CDATA[Root 0.0]]></ObjectLabelName><File><![CDATA[Workflow_ibmAppServices_ibmReservationServices_ibmReservationServices-Synchronous-GetReservationInstanceByLocation.xml]]></File></OMObject><OMObject Type='3'><Module><![CDATA[ibmAppServices]]></Module><BO><![CDATA[ibmReservationServices]]></BO><Name><![CDATA[ibmReservationServices - Synchronous - Location Reservation - Cancel]]></Name><ObjectLabelName><![CDATA[Root 0.0]]></ObjectLabelName><File><![CDATA[Workflow_ibmAppServices_ibmReservationServices_ibmReservationServices-Synchronous-LocationReservation-Cancel.xml]]></File></OMObject><OMObject Type='3'><Module><![CDATA[ibmAppServices]]></Module><BO><![CDATA[ibmReservationServices]]></BO><Name><![CDATA[ibmReservationServices - Synchronous - Location Reservation - Check-In With Auto-Create]]></Name><ObjectLabelName><![CDATA[Root 0.0]]></ObjectLabelName><File><![CDATA[Workflow_ibmAppServices_ibmReservationServices_ibmReservationServices-Synchronous-LocationReservation-Check-InWithAuto-Create.xml]]></File></OMObject><OMObject Type='3'><Module><![CDATA[ibmAppServices]]></Module><BO><![CDATA[ibmReservationServices]]></BO><Name><![CDATA[ibmReservationServices - Synchronous - Location Reservation - Check-In]]></Name><ObjectLabelName><![CDATA[In Progress 0.0]]></ObjectLabelName><File><![CDATA[Workflow_ibmAppServices_ibmReservationServices_ibmReservationServices-Synchronous-LocationReservation-Check-In.xml]]></File></OMObject><OMObject Type='3'><Module><![CDATA[ibmAppServices]]></Module><BO><![CDATA[ibmReservationServices]]></BO><Name><![CDATA[ibmReservationServices - Synchronous - Location Reservation - Check-Out]]></Name><ObjectLabelName><![CDATA[Root 0.0]]></ObjectLabelName><File><![CDATA[Workflow_ibmAppServices_ibmReservationServices_ibmReservationServices-Synchronous-LocationReservation-Check-Out.xml]]></File></OMObject><OMObject Type='3'><Module><![CDATA[ibmAppServices]]></Module><BO><![CDATA[ibmReservationServices]]></BO><Name><![CDATA[ibmReservationServices - Synchronous - Location Reservation - Create]]></Name><ObjectLabelName><![CDATA[Root 0.0]]></ObjectLabelName><File><![CDATA[Workflow_ibmAppServices_ibmReservationServices_ibmReservationServices-Synchronous-LocationReservation-Create.xml]]></File></OMObject><OMObject Type='3'><Module><![CDATA[ibmAppServices]]></Module><BO><![CDATA[ibmReservationServices]]></BO><Name><![CDATA[ibmReservationServices - Synchronous - Location Reservation - Delete]]></Name><ObjectLabelName><![CDATA[IBM-WA 0.2.0]]></ObjectLabelName><File><![CDATA[Workflow_ibmAppServices_ibmReservationServices_ibmReservationServices-Synchronous-LocationReservation-Delete.xml]]></File></OMObject><OMObject Type='3'><Module><![CDATA[ibmAppServices]]></Module><BO><![CDATA[ibmReservationServices]]></BO><Name><![CDATA[ibmReservationServices - Synchronous - Location Reservation - Search Meeting Spaces]]></Name><ObjectLabelName><![CDATA[IBM-WA 0.2.0]]></ObjectLabelName><File><![CDATA[Workflow_ibmAppServices_ibmReservationServices_ibmReservationServices-Synchronous-LocationReservation-SearchMeetingSpaces.xml]]></File></OMObject><OMObject Type='3'><Module><![CDATA[ibmAppServices]]></Module><BO><![CDATA[ibmReservationServices]]></BO><Name><![CDATA[ibmReservationServices - Synchronous - Location Reservation - Search Preferred Spaces]]></Name><ObjectLabelName><![CDATA[IBM-WA 0.2.0]]></ObjectLabelName><File><![CDATA[Workflow_ibmAppServices_ibmReservationServices_ibmReservationServices-Synchronous-LocationReservation-SearchPreferredSpaces.xml]]></File></OMObject><OMObject Type='3'><Module><![CDATA[ibmAppServices]]></Module><BO><![CDATA[ibmReservationServices]]></BO><Name><![CDATA[ibmReservationServices - Synchronous - Location Reservation - Search Reservations]]></Name><ObjectLabelName><![CDATA[Root 0.0]]></ObjectLabelName><File><![CDATA[Workflow_ibmAppServices_ibmReservationServices_ibmReservationServices-Synchronous-LocationReservation-SearchReservations.xml]]></File></OMObject><OMObject Type='3'><Module><![CDATA[ibmAppServices]]></Module><BO><![CDATA[ibmReservationServices]]></BO><Name><![CDATA[ibmReservationServices - Synchronous - Location Reservation - Search Workspaces]]></Name><ObjectLabelName><![CDATA[Root 0.0]]></ObjectLabelName><File><![CDATA[Workflow_ibmAppServices_ibmReservationServices_ibmReservationServices-Synchronous-LocationReservation-SearchWorkspaces.xml]]></File></OMObject><OMObject Type='3'><Module><![CDATA[ibmAppServices]]></Module><BO><![CDATA[ibmReservationServices]]></BO><Name><![CDATA[ibmReservationServices - Synchronous - Search Meeting Space By Name]]></Name><ObjectLabelName><![CDATA[In Progress 0.0]]></ObjectLabelName><File><![CDATA[Workflow_ibmAppServices_ibmReservationServices_ibmReservationServices-Synchronous-SearchMeetingSpaceByName.xml]]></File></OMObject><OMObject Type='3'><Module><![CDATA[ibmAppServices]]></Module><BO><![CDATA[ibmReservationServices]]></BO><Name><![CDATA[ibmReservationServices - Synchronous - Search Meeting Spaces All Floors]]></Name><ObjectLabelName><![CDATA[In Progress 0.0]]></ObjectLabelName><File><![CDATA[Workflow_ibmAppServices_ibmReservationServices_ibmReservationServices-Synchronous-SearchMeetingSpacesAllFloors.xml]]></File></OMObject><OMObject Type='3'><Module><![CDATA[ibmAppServices]]></Module><BO><![CDATA[ibmReservationServices]]></BO><Name><![CDATA[ibmReservationServices - Synchronous - Search Meeting Spaces]]></Name><ObjectLabelName><![CDATA[In Progress 0.0]]></ObjectLabelName><File><![CDATA[Workflow_ibmAppServices_ibmReservationServices_ibmReservationServices-Synchronous-SearchMeetingSpaces.xml]]></File></OMObject><OMObject Type='3'><Module><![CDATA[ibmAppServices]]></Module><BO><![CDATA[ibmReservationServices]]></BO><Name><![CDATA[ibmReservationServices - Synchronous - Search Preferred Spaces]]></Name><ObjectLabelName><![CDATA[IBM-WA 0.2.0]]></ObjectLabelName><File><![CDATA[Workflow_ibmAppServices_ibmReservationServices_ibmReservationServices-Synchronous-SearchPreferredSpaces.xml]]></File></OMObject><OMObject Type='3'><Module><![CDATA[ibmAppServices]]></Module><BO><![CDATA[ibmReservationServices]]></BO><Name><![CDATA[ibmReservationServices - Synchronous - Search Reservations]]></Name><ObjectLabelName><![CDATA[Root 0.0]]></ObjectLabelName><File><![CDATA[Workflow_ibmAppServices_ibmReservationServices_ibmReservationServices-Synchronous-SearchReservations.xml]]></File></OMObject><OMObject Type='3'><Module><![CDATA[ibmAppServices]]></Module><BO><![CDATA[ibmReservationServices]]></BO><Name><![CDATA[ibmReservationServices - Synchronous - Search Workspaces]]></Name><ObjectLabelName><![CDATA[Root 0.0]]></ObjectLabelName><File><![CDATA[Workflow_ibmAppServices_ibmReservationServices_ibmReservationServices-Synchronous-SearchWorkspaces.xml]]></File></OMObject><OMObject Type='3'><Module><![CDATA[ibmAppServices]]></Module><BO><![CDATA[ibmReservationServices]]></BO><Name><![CDATA[ibmReservationServices - Synchronous - triCancel]]></Name><ObjectLabelName><![CDATA[Root 0.0]]></ObjectLabelName><File><![CDATA[Workflow_ibmAppServices_ibmReservationServices_ibmReservationServices-Synchronous-triCancel.xml]]></File></OMObject><OMObject Type='3'><Module><![CDATA[ibmAppServices]]></Module><BO><![CDATA[ibmReservationServices]]></BO><Name><![CDATA[ibmReservationServices - Synchronous - triCheckIn]]></Name><ObjectLabelName><![CDATA[Root 0.0]]></ObjectLabelName><File><![CDATA[Workflow_ibmAppServices_ibmReservationServices_ibmReservationServices-Synchronous-triCheckIn.xml]]></File></OMObject><OMObject Type='3'><Module><![CDATA[ibmAppServices]]></Module><BO><![CDATA[ibmReservationServices]]></BO><Name><![CDATA[ibmReservationServices - Synchronous - triCheckOut]]></Name><ObjectLabelName><![CDATA[Root 0.0]]></ObjectLabelName><File><![CDATA[Workflow_ibmAppServices_ibmReservationServices_ibmReservationServices-Synchronous-triCheckOut.xml]]></File></OMObject><OMObject Type='3'><Module><![CDATA[ibmAppServices]]></Module><BO><![CDATA[ibmReservationServices]]></BO><Name><![CDATA[ibmReservationServices - Synchronous - triCreate]]></Name><ObjectLabelName><![CDATA[Root 0.0]]></ObjectLabelName><File><![CDATA[Workflow_ibmAppServices_ibmReservationServices_ibmReservationServices-Synchronous-triCreate.xml]]></File></OMObject><OMObject Type='3'><Module><![CDATA[ibmAppServices]]></Module><BO><![CDATA[ibmReservationServices]]></BO><Name><![CDATA[ibmReservationServices - Synchronous - triDelete]]></Name><ObjectLabelName><![CDATA[IBM-WA 0.2.0]]></ObjectLabelName><File><![CDATA[Workflow_ibmAppServices_ibmReservationServices_ibmReservationServices-Synchronous-triDelete.xml]]></File></OMObject><OMObject Type='3'><Module><![CDATA[ibmAppServices]]></Module><BO><![CDATA[ibmReservationServices]]></BO><Name><![CDATA[ibmReservationServices - Synchronous - triSearchMeetingSpaces]]></Name><ObjectLabelName><![CDATA[Root 0.0]]></ObjectLabelName><File><![CDATA[Workflow_ibmAppServices_ibmReservationServices_ibmReservationServices-Synchronous-triSearchMeetingSpaces.xml]]></File></OMObject><OMObject Type='3'><Module><![CDATA[ibmAppServices]]></Module><BO><![CDATA[ibmReservationServices]]></BO><Name><![CDATA[ibmReservationServices - Synchronous - triSearchPreferred]]></Name><ObjectLabelName><![CDATA[In Progress 0.0]]></ObjectLabelName><File><![CDATA[Workflow_ibmAppServices_ibmReservationServices_ibmReservationServices-Synchronous-triSearchPreferred.xml]]></File></OMObject><OMObject Type='3'><Module><![CDATA[ibmAppServices]]></Module><BO><![CDATA[ibmReservationServices]]></BO><Name><![CDATA[ibmReservationServices - Synchronous - triSearchReservations]]></Name><ObjectLabelName><![CDATA[Root 0.0]]></ObjectLabelName><File><![CDATA[Workflow_ibmAppServices_ibmReservationServices_ibmReservationServices-Synchronous-triSearchReservations.xml]]></File></OMObject><OMObject Type='3'><Module><![CDATA[ibmAppServices]]></Module><BO><![CDATA[ibmReservationServices]]></BO><Name><![CDATA[ibmReservationServices - Synchronous - triSearchWorkspaces]]></Name><ObjectLabelName><![CDATA[Root 0.0]]></ObjectLabelName><File><![CDATA[Workflow_ibmAppServices_ibmReservationServices_ibmReservationServices-Synchronous-triSearchWorkspaces.xml]]></File></OMObject><OMObject Type='3'><Module><![CDATA[ibmAppServices]]></Module><BO><![CDATA[ibmReservationServices]]></BO><Name><![CDATA[ibmReservationServices - Synchronous - User Message - Location Is Not Reservable]]></Name><ObjectLabelName><![CDATA[Root 0.0]]></ObjectLabelName><File><![CDATA[Workflow_ibmAppServices_ibmReservationServices_ibmReservationServices-Synchronous-UserMessage-LocationIsNotReservable.xml]]></File></OMObject><OMObject Type='3'><Module><![CDATA[ibmAppServices]]></Module><BO><![CDATA[ibmReservationServices]]></BO><Name><![CDATA[ibmReservationServices - Synchronous - User Message - Multiple Reservations Found]]></Name><ObjectLabelName><![CDATA[Root 0.0]]></ObjectLabelName><File><![CDATA[Workflow_ibmAppServices_ibmReservationServices_ibmReservationServices-Synchronous-UserMessage-MultipleReservationsFound.xml]]></File></OMObject><OMObject Type='3'><Module><![CDATA[ibmAppServices]]></Module><BO><![CDATA[ibmReservationServices]]></BO><Name><![CDATA[ibmReservationServices - Synchronous - User Message - Reservation Does Not Exist]]></Name><ObjectLabelName><![CDATA[Root 0.0]]></ObjectLabelName><File><![CDATA[Workflow_ibmAppServices_ibmReservationServices_ibmReservationServices-Synchronous-UserMessage-ReservationDoesNotExist.xml]]></File></OMObject><OMObject Type='3'><Module><![CDATA[ibmAppServices]]></Module><BO><![CDATA[ibmReservationServices]]></BO><Name><![CDATA[ibmReservationServices - Synchronous - Util - Generate Reservation Subject]]></Name><ObjectLabelName><![CDATA[Root 0.0]]></ObjectLabelName><File><![CDATA[Workflow_ibmAppServices_ibmReservationServices_ibmReservationServices-Synchronous-Util-GenerateReservationSubject.xml]]></File></OMObject><OMObject Type='3'><Module><![CDATA[ibmAppServices]]></Module><BO><![CDATA[ibmReservationServices]]></BO><Name><![CDATA[ibmReservationServices - Synchronous - Util - Get Reservation Manager For Create]]></Name><ObjectLabelName><![CDATA[Root 0.0]]></ObjectLabelName><File><![CDATA[Workflow_ibmAppServices_ibmReservationServices_ibmReservationServices-Synchronous-Util-GetReservationManagerForCreate.xml]]></File></OMObject><OMObject Type='1011' IsIgnoreObjectLabelUpdate="1"><Module><![CDATA[triPlatformObjectLabelManager]]></Module><BO><![CDATA[triPlatformObjectLabelManager]]></BO><Name><![CDATA[\In Progress 0.0]]></Name><ObjectLabelName><![CDATA[]]></ObjectLabelName><File><![CDATA[ObjectLabel_cfb478ea4b3c19a2077f1d82f3fb196c5534c0db.xml]]></File></OMObject><OMObject Type='1011' IsIgnoreObjectLabelUpdate="1"><Module><![CDATA[triPlatformObjectLabelManager]]></Module><BO><![CDATA[triPlatformObjectLabelManager]]></BO><Name><![CDATA[\IBM-T 10.5.0]]></Name><ObjectLabelName><![CDATA[]]></ObjectLabelName><File><![CDATA[ObjectLabel_c3c3ac1c9fe391f0cd880bedc1f436d17bdc1c27.xml]]></File></OMObject><OMObject Type='1011' IsIgnoreObjectLabelUpdate="1"><Module><![CDATA[triPlatformObjectLabelManager]]></Module><BO><![CDATA[triPlatformObjectLabelManager]]></BO><Name><![CDATA[\Root 0.0]]></Name><ObjectLabelName><![CDATA[]]></ObjectLabelName><File><![CDATA[ObjectLabel_b037d8e4859a408ee21b48cc5787f6f3d1fa81c5.xml]]></File></OMObject><OMObject Type='1006'><Module><![CDATA[triPlatformMeta]]></Module><BO><![CDATA[triWebViewFileMeta]]></BO><Name><![CDATA[\ibmTriAssistant.html-ibmTriAssistanthtml]]></Name><ObjectLabelName><![CDATA[In Progress 0.0]]></ObjectLabelName><File><![CDATA[WebViewFile_52269f29bb288e4fecb5814faeaac0190c763192.xml]]></File></OMObject><OMObject Type='22'><Module><![CDATA[]]></Module><BO><![CDATA[]]></BO><Name><![CDATA[332811_ibmTriAssistanthtml]]></Name><ObjectLabelName><![CDATA[]]></ObjectLabelName><ContentType><![CDATA[text/html]]></ContentType><ContentFileName><![CDATA[ibmTriAssistanthtml]]></ContentFileName><File><![CDATA[332811_ibmTriAssistanthtml]]></File></OMObject></OMObjects>
