<?xml version="1.0" encoding="UTF-8"?>
<!-- IBM Confidential OCO Source Materials --><!-- (C) COPYRIGHT IBM CORP. 2011-2020 --><!-- The source code for this program is not published or otherwise divested of its trade secrets, irrespective of what has been deposited with the U.S. Copyright Office. --><BoRecords>     <BoRecord BoId="10030379" RecordId="-1" BoName="triOslcShape" GUIId="10043100" GUIName="triOslcShape" ModuleId="23828" ModuleName="triOslc" CompanyId="208133" ParentName="" ActionName="" ObjState="created" SourceId="132639717">
<BoSectionName NameValue="System Info">
                     <Review___Status>
                         
                     </Review___Status>
                     <Prior___State>
                         created
                     </Prior___State>
                     <LocationId>
                         
                     </LocationId>
                     <OrganizationId>
                         
                     </OrganizationId>
                     <GeographyId>
                         
                     </GeographyId>
                     <CreatedBy>
                         221931
                     </CreatedBy>
                     <ModifiedBy>
                         
                     </ModifiedBy>
                     <CreatedTime>
                         1574794557638
                     </CreatedTime>
                     <ModifiedTime>
                         1574794736680
                     </ModifiedTime>
                     <Type>
                         10030379
                     </Type>
                     <Parent>
                         
                     </Parent>
         </BoSectionName>
<BoSectionName NameValue="General">
                     <triQueryPerModuleLI>
                         
                     </triQueryPerModuleLI>
                     <triNamespaceTX>
                         http://jazz.net/ns/tririga/reserve#
                     </triNamespaceTX>
                     <triConstructedUrlTX>
                         /oslc/shapes/ibmReservationInstanceRS
                     </triConstructedUrlTX>
                     <triConstructedUrlHiddenTX>
                         /oslc/shapes/ibmReservationInstanceRS
                     </triConstructedUrlHiddenTX>
                     <triDefaultFormLI>
                         Reservation Resource Instance (triReservationInstanceResource)
                     </triDefaultFormLI>
                     <triNameTX>
                         ReservationInstance
                     </triNameTX>
                     <LocationName>
                         
                     </LocationName>
                     <triRecordIdSY>
                         132639717
                     </triRecordIdSY>
                     <OrgName>
                         
                     </OrgName>
                     <triModifiedDateTimeNumberSY>
                         1574794736680
                     </triModifiedDateTimeNumberSY>
                     <GeographyName>
                         
                     </GeographyName>
                     <triIdTX>
                         ibmReservationInstanceRS
                     </triIdTX>
                     <triModuleLI>
                         triReservation
                     </triModuleLI>
                     <triBOLI>
                         Reservation Instance (triReservationInstance)
                     </triBOLI>
                     <triQueryListLI>
                         triReservationInstance - Mobile - Resource - Location Reservations
                     </triQueryListLI>
                     <triTitleTX>
                         Reservation Instance
                     </triTitleTX>
                     <triIsAssociatedBL>
                         FALSE
                     </triIsAssociatedBL>
                     <triResourceTypeTX>
                         
                     </triResourceTypeTX>
                     <triUsageTX>
                         
                     </triUsageTX>
                     <triHideActionsTX>
                         
                     </triHideActionsTX>
                     <triIgnoreActionBL>
                         FALSE
                     </triIgnoreActionBL>
                     <triEnglishOnlyBL>
                         FALSE
                     </triEnglishOnlyBL>
         </BoSectionName>
<Associations><Association><Name><![CDATA[Contains]]></Name><TargetModule><![CDATA[triOslc]]></TargetModule><TargetBo><![CDATA[triOslcPrefixDefinition]]></TargetBo><TargetObjectName><![CDATA[\reserve - http://jazz.net/ns/tririga/reserve#]]></TargetObjectName></Association><Association><Name><![CDATA[Contains]]></Name><TargetModule><![CDATA[triOslc]]></TargetModule><TargetBo><![CDATA[triOslcLinkedResource]]></TargetBo><TargetObjectName><![CDATA[\triReservationInstanceResource]]></TargetObjectName></Association><Association><Name><![CDATA[Is Reference Only]]></Name><TargetModule><![CDATA[triOslc]]></TargetModule><TargetBo><![CDATA[triOslcLinkedResource]]></TargetBo><TargetObjectName><![CDATA[\triReservationServiceReservations]]></TargetObjectName></Association><Association><Name><![CDATA[Is Contained By]]></Name><TargetModule><![CDATA[triOslc]]></TargetModule><TargetBo><![CDATA[triOslcQueryCapability]]></TargetBo><TargetObjectName><![CDATA[\ibmReservationInstanceQC]]></TargetObjectName></Association><Association><Name><![CDATA[Is Contained By]]></Name><TargetModule><![CDATA[triOslc]]></TargetModule><TargetBo><![CDATA[triOslcQueryCapability]]></TargetBo><TargetObjectName><![CDATA[\triReservationInstances]]></TargetObjectName></Association><Association><Name><![CDATA[Contains]]></Name><TargetModule><![CDATA[triOslc]]></TargetModule><TargetBo><![CDATA[triOslcProperty]]></TargetBo><TargetObjectName><![CDATA[\triBarCodeEntryTX-ibmReservationInstanceRS-RecordInformation-3]]></TargetObjectName></Association><Association><Name><![CDATA[Contains]]></Name><TargetModule><![CDATA[triOslc]]></TargetModule><TargetBo><![CDATA[triOslcProperty]]></TargetBo><TargetObjectName><![CDATA[\triStatusCL-ibmReservationInstanceRS-General]]></TargetObjectName></Association><Association><Name><![CDATA[Contains]]></Name><TargetModule><![CDATA[triOslc]]></TargetModule><TargetBo><![CDATA[triOslcProperty]]></TargetBo><TargetObjectName><![CDATA[\triResourceTX-ibmReservationInstanceRS-General]]></TargetObjectName></Association><Association><Name><![CDATA[Contains]]></Name><TargetModule><![CDATA[triOslc]]></TargetModule><TargetBo><![CDATA[triOslcProperty]]></TargetBo><TargetObjectName><![CDATA[\triReserveNameTX-ibmReservationInstanceRS-RecordInformation-3]]></TargetObjectName></Association><Association><Name><![CDATA[Contains]]></Name><TargetModule><![CDATA[triOslc]]></TargetModule><TargetBo><![CDATA[triOslcProperty]]></TargetBo><TargetObjectName><![CDATA[\triReservationTX-ibmReservationInstanceRS-General]]></TargetObjectName></Association><Association><Name><![CDATA[Contains]]></Name><TargetModule><![CDATA[triOslc]]></TargetModule><TargetBo><![CDATA[triOslcProperty]]></TargetBo><TargetObjectName><![CDATA[\triRequestedForWorkPhoneTX-ibmReservationInstanceRS-General-1]]></TargetObjectName></Association><Association><Name><![CDATA[Contains]]></Name><TargetModule><![CDATA[triOslc]]></TargetModule><TargetBo><![CDATA[triOslcProperty]]></TargetBo><TargetObjectName><![CDATA[\triRequestedForFullNameTX-ibmReservationInstanceRS-General-1]]></TargetObjectName></Association><Association><Name><![CDATA[Contains]]></Name><TargetModule><![CDATA[triOslc]]></TargetModule><TargetBo><![CDATA[triOslcProperty]]></TargetBo><TargetObjectName><![CDATA[\triRequestedForEmailTX-ibmReservationInstanceRS-General-1]]></TargetObjectName></Association><Association><Name><![CDATA[Contains]]></Name><TargetModule><![CDATA[triOslc]]></TargetModule><TargetBo><![CDATA[triOslcProperty]]></TargetBo><TargetObjectName><![CDATA[\triRecordIdSY-ibmReservationInstanceRS-General]]></TargetObjectName></Association><Association><Name><![CDATA[Contains]]></Name><TargetModule><![CDATA[triOslc]]></TargetModule><TargetBo><![CDATA[triOslcProperty]]></TargetBo><TargetObjectName><![CDATA[\triPlannedStartDT-ibmReservationInstanceRS-General]]></TargetObjectName></Association><Association><Name><![CDATA[Contains]]></Name><TargetModule><![CDATA[triOslc]]></TargetModule><TargetBo><![CDATA[triOslcProperty]]></TargetBo><TargetObjectName><![CDATA[\triPlannedEndDT-ibmReservationInstanceRS-General]]></TargetObjectName></Association><Association><Name><![CDATA[Contains]]></Name><TargetModule><![CDATA[triOslc]]></TargetModule><TargetBo><![CDATA[triOslcProperty]]></TargetBo><TargetObjectName><![CDATA[\triParentFloorTX-ibmReservationInstanceRS-RecordInformation-3]]></TargetObjectName></Association><Association><Name><![CDATA[Contains]]></Name><TargetModule><![CDATA[triOslc]]></TargetModule><TargetBo><![CDATA[triOslcProperty]]></TargetBo><TargetObjectName><![CDATA[\triParentBuildingTX-ibmReservationInstanceRS-RecordInformation-3]]></TargetObjectName></Association><Association><Name><![CDATA[Contains]]></Name><TargetModule><![CDATA[triOslc]]></TargetModule><TargetBo><![CDATA[triOslcProperty]]></TargetBo><TargetObjectName><![CDATA[\triNameTX-ibmReservationInstanceRS-General-1]]></TargetObjectName></Association></Associations>     </BoRecord>
</BoRecords>
