<?xml version="1.0" encoding="UTF-8"?>
<!-- IBM Confidential OCO Source Materials --><!-- (C) COPYRIGHT IBM CORP. 2011-2020 --><!-- The source code for this program is not published or otherwise divested of its trade secrets, irrespective of what has been deposited with the U.S. Copyright Office. --><BoRecords>     <BoRecord ObjectLabelName="In Progress 0.0" BoId="10032888" RecordId="-1" BoName="triWebViewMeta" GUIId="10045199" GUIName="triWebViewMeta" ModuleId="24628" ModuleName="triPlatformMeta" CompanyId="208133" ParentName="" ActionName="" ObjState="triActive" SourceId="132643252">
<BoSectionName NameValue="System Info">
                     <Review___Status>
                         
                     </Review___Status>
                     <Prior___State>
                         triActive
                     </Prior___State>
                     <LocationId>
                         
                     </LocationId>
                     <OrganizationId>
                         
                     </OrganizationId>
                     <GeographyId>
                         
                     </GeographyId>
                     <CreatedBy>
                         221931
                     </CreatedBy>
                     <ModifiedBy>
                         
                     </ModifiedBy>
                     <CreatedTime>
                         1578528877523
                     </CreatedTime>
                     <ModifiedTime>
                         1579032466130
                     </ModifiedTime>
                     <Type>
                         10032888
                     </Type>
                     <Parent>
                         
                     </Parent>
         </BoSectionName>
<BoSectionName NameValue="General">
                     <triControlNumberCN>
                         136
                     </triControlNumberCN>
                     <triCreatedDateTimeSY>
                         1578528877000
                     </triCreatedDateTimeSY>
                     <triModifiedDateTimeSY>
                         1579032466130
                     </triModifiedDateTimeSY>
                     <triNameTX>
                         ibmTriAssistant
                     </triNameTX>
                     <triIdTX>
                         ibmTriAssistant
                     </triIdTX>
                     <LocationName>
                         
                     </LocationName>
                     <triDescriptionTX>
                         
                     </triDescriptionTX>
                     <OrgName>
                         
                     </OrgName>
                     <triRecordStateSY>
                         triActive
                     </triRecordStateSY>
                     <GeographyName>
                         
                     </GeographyName>
                     <triRecordNameSY>
                         ibmTriAssistant-ibmTriAssistant
                     </triRecordNameSY>
                     <triRecordIdSY>
                         132643252
                     </triRecordIdSY>
                     <triLabelTX>
                         
                     </triLabelTX>
                     <triExposedNameTX>
                         ibmTriAssistant
                     </triExposedNameTX>
                     <triComponentTypeLI>
                         APPLICATION
                     </triComponentTypeLI>
                     <triRecordSnapshotSY>
                         3
                     </triRecordSnapshotSY>
                     <triRecordLabelNameSY>
                         In Progress
                     </triRecordLabelNameSY>
                     <triRootComponentNameTX>
                         
                     </triRootComponentNameTX>
                     <triDevFilenameTX>
                         
                     </triDevFilenameTX>
                     <triProdFilenameTX>
                         
                     </triProdFilenameTX>
                     <triIsDraftModeBL>
                         FALSE
                     </triIsDraftModeBL>
                     <triIsDraftModeYesNoTX>
                         No
                     </triIsDraftModeYesNoTX>
         </BoSectionName>
<Associations><Association><Name><![CDATA[Belongs To]]></Name><TargetModule><![CDATA[triPlatformMeta]]></TargetModule><TargetBo><![CDATA[triModelAndViewMeta]]></TargetBo><TargetObjectName><![CDATA[\ibmTriAssistant]]></TargetObjectName></Association><Association><Name><![CDATA[Has View File]]></Name><TargetModule><![CDATA[triPlatformMeta]]></TargetModule><TargetBo><![CDATA[triWebViewFileMeta]]></TargetBo><TargetObjectName><![CDATA[\ibmTriAssistant.html-ibmTriAssistanthtml]]></TargetObjectName></Association></Associations>     </BoRecord>
</BoRecords>
