<?xml version="1.0" encoding="UTF-8"?>
<!-- IBM Confidential OCO Source Materials --><!-- (C) COPYRIGHT IBM CORP. 2011-2020 --><!-- The source code for this program is not published or otherwise divested of its trade secrets, irrespective of what has been deposited with the U.S. Copyright Office. --><BoRecords>     <BoRecord ObjectLabelName="In Progress 0.0" BoId="10032886" RecordId="-1" BoName="triWebViewFileMeta" GUIId="10045207" GUIName="triWebViewFileMeta" ModuleId="24628" ModuleName="triPlatformMeta" CompanyId="208133" ParentName="" ActionName="" ObjState="triActive" SourceId="132643253">
<BoSectionName NameValue="System Info">
                     <Review___Status>
                         
                     </Review___Status>
                     <Prior___State>
                         triActive
                     </Prior___State>
                     <LocationId>
                         
                     </LocationId>
                     <OrganizationId>
                         
                     </OrganizationId>
                     <GeographyId>
                         
                     </GeographyId>
                     <CreatedBy>
                         221931
                     </CreatedBy>
                     <ModifiedBy>
                         
                     </ModifiedBy>
                     <CreatedTime>
                         1578528918888
                     </CreatedTime>
                     <ModifiedTime>
                         1578688100070
                     </ModifiedTime>
                     <Type>
                         10032886
                     </Type>
                     <Parent>
                         
                     </Parent>
         </BoSectionName>
<BoSectionName NameValue="General">
                     <triRecordIdSY>
                         132643253
                     </triRecordIdSY>
                     <triLabelTX>
                         
                     </triLabelTX>
                     <triExposedNameTX>
                         ibmTriAssistanthtml
                     </triExposedNameTX>
                     <triViewFileBI>
                         332811_ibmTriAssistanthtml
                     </triViewFileBI>
                     <triFilePathTX>
                         /ibmTriAssistant.html
                     </triFilePathTX>
                     <LocationName>
                         
                     </LocationName>
                     <OrgName>
                         
                     </OrgName>
                     <triVersionTX>
                         0.0.1
                     </triVersionTX>
                     <GeographyName>
                         
                     </GeographyName>
                     <triControlNumberCN>
                         5645
                     </triControlNumberCN>
                     <triCreatedDateTimeSY>
                         1578528918000
                     </triCreatedDateTimeSY>
                     <triModifiedDateTimeSY>
                         1578688100070
                     </triModifiedDateTimeSY>
                     <triNameTX>
                         ibmTriAssistant.html
                     </triNameTX>
                     <triIdTX>
                         ibmTriAssistanthtml
                     </triIdTX>
                     <triDescriptionTX>
                         
                     </triDescriptionTX>
                     <triRecordStateSY>
                         triActive
                     </triRecordStateSY>
                     <triRecordNameSY>
                         ibmTriAssistant.html-ibmTriAssistanthtml
                     </triRecordNameSY>
                     <triRecordSnapshotSY>
                         3
                     </triRecordSnapshotSY>
                     <triRecordLabelNameSY>
                         In Progress
                     </triRecordLabelNameSY>
         </BoSectionName>
<Associations><Association><Name><![CDATA[Is View File For]]></Name><TargetModule><![CDATA[triPlatformMeta]]></TargetModule><TargetBo><![CDATA[triWebViewMeta]]></TargetBo><TargetObjectName><![CDATA[\ibmTriAssistant-ibmTriAssistant]]></TargetObjectName></Association></Associations>     </BoRecord>
</BoRecords>
